sale_id,store_id,employee_id,product_id,customer_id,quantity,sale_date,unit_price,discount_pct,payment_method,total_amount,cost_amount,profit,margin_pct
1,3,21,3878,99,2,2025-01-20,184.16,8.1,Cash,338.43,163.38,175.05,51.72
2,11,44,4308,1300,3,2025-10-06,56.69,29.6,Debit Card,119.65,110.46,9.19,7.68
3,11,63,2359,586,5,2025-12-09,104.55,33.7,Credit Card,346.58,367.0,-20.42,-5.89
4,10,33,44,1381,2,2025-08-18,38.39,25.6,Credit Card,57.16,32.2,24.96,43.67
5,12,60,3991,146,5,2024-12-12,21.74,4.6,Debit Card,103.74,46.15,57.59,55.51
6,10,16,1274,158,5,2025-08-02,102.58,32.3,Cash,347.45,296.25,51.2,14.74
7,3,88,465,997,1,2024-10-20,108.23,6.9,Cash,100.75,57.85,42.9,42.58
8,2,32,3997,131,1,2024-12-07,298.25,6.4,Debit Card,279.03,212.63,66.4,23.8
9,5,20,4144,179,2,2025-09-20,82.38,9.7,Debit Card,148.77,108.4,40.37,27.14
10,6,72,1251,1153,1,2025-08-12,109.1,8.3,Credit Card,100.07,48.31,51.76,51.72
11,6,49,1974,259,2,2025-08-06,207.46,5.2,Cash,393.43,256.36,137.07,34.84
12,2,13,4985,151,2,2025-07-26,140.55,5.4,Cash,265.81,181.22,84.59,31.82
13,1,3,3210,205,4,2025-03-09,179.13,32.4,Credit Card,484.32,481.64,2.68,0.55
14,4,1,3035,636,2,2025-02-14,126.69,6.5,Online,236.87,102.76,134.11,56.62
15,10,101,3653,80,3,2025-01-27,185.64,25.4,Credit Card,415.24,305.88,109.36,26.34
16,8,80,4422,1387,4,2025-02-04,156.66,9.1,Debit Card,569.77,229.28,340.49,59.76
17,1,50,2186,247,1,2025-07-13,296.3,22.9,Debit Card,228.34,205.01,23.33,10.22
18,11,63,4795,795,5,2025-08-01,213.27,32.4,Cash,720.94,424.9,296.04,41.06
19,7,84,2072,606,1,2025-06-14,202.15,10.9,Credit Card,180.05,131.15,48.9,27.16
20,5,47,1872,543,2,2024-11-18,185.4,6.0,Online,348.72,246.36,102.36,29.35
21,8,94,1097,211,3,2025-11-25,232.12,9.0,Credit Card,633.48,377.55,255.93,40.4
22,2,32,1357,22,1,2024-12-01,230.1,11.3,Debit Card,204.07,99.18,104.89,51.4
23,1,4,786,725,5,2025-07-01,163.5,31.6,Credit Card,559.06,497.6,61.46,10.99
24,9,61,3820,1362,2,2025-01-10,233.4,7.4,Credit Card,432.14,259.98,172.16,39.84
25,4,56,125,253,1,2024-11-24,232.84,9.1,Debit Card,211.71,139.96,71.75,33.89
26,11,97,2982,1362,1,2025-09-04,164.75,29.5,Credit Card,116.21,114.65,1.56,1.34
27,4,1,3000,268,1,2025-01-30,173.49,6.2,Credit Card,162.77,87.34,75.43,46.34
28,2,73,2361,84,3,2025-11-04,268.45,8.3,Debit Card,738.32,331.14,407.18,55.15
29,11,64,4913,120,1,2025-01-25,96.45,26.6,Cash,70.79,34.41,36.38,51.39
30,2,26,2615,1095,1,2025-12-07,23.33,5.8,Online,21.97,13.34,8.63,39.28
31,5,22,4098,365,5,2025-02-03,155.98,10.2,Credit Card,700.26,956.25,-255.99,-36.56
32,2,28,3846,208,2,2025-04-03,218.67,3.3,Debit Card,422.89,235.72,187.17,44.26
33,6,107,1233,899,1,2025-11-27,49.76,3.2,Debit Card,48.15,23.26,24.89,51.69
34,11,12,1054,426,1,2024-12-07,245.44,24.6,Cash,185.07,290.1,-105.03,-56.75
35,7,62,11,1117,1,2025-02-20,158.76,9.2,Online,144.14,56.27,87.87,60.96
36,2,110,2467,1413,2,2025-06-25,28.94,5.8,Credit Card,54.55,37.3,17.25,31.62
37,12,93,3955,454,2,2024-12-19,21.86,8.7,Cash,39.93,26.4,13.53,33.88
38,8,85,969,1413,2,2024-12-03,295.64,5.6,Online,558.31,329.7,228.61,40.95
39,9,61,1113,236,2,2025-05-31,155.61,3.3,Debit Card,301.02,182.8,118.22,39.27
40,10,33,648,1020,5,2025-04-23,102.52,25.9,Credit Card,379.61,315.0,64.61,17.02
41,3,14,2918,1220,2,2025-11-08,251.62,7.9,Online,463.54,340.26,123.28,26.6
42,4,70,4084,23,1,2024-11-03,71.25,8.8,Debit Card,64.98,43.44,21.54,33.15
43,7,62,3158,1096,1,2025-02-24,83.07,4.6,Debit Card,79.25,49.37,29.88,37.7
44,11,63,932,205,1,2025-10-10,21.25,23.3,Online,16.3,14.9,1.4,8.59
45,1,4,138,200,2,2025-06-11,118.18,31.9,Cash,160.94,98.24,62.7,38.96
46,4,1,3553,845,1,2024-12-14,32.74,4.3,Debit Card,31.34,23.01,8.33,26.58
47,1,79,859,124,5,2025-05-09,108.38,23.7,Cash,413.72,390.05,23.67,5.72
48,2,89,4537,16,4,2024-12-31,290.19,10.1,Debit Card,1043.23,649.0,394.23,37.79
49,9,111,715,136,1,2025-11-07,91.81,8.8,Debit Card,83.74,49.95,33.79,40.35
50,2,73,4815,446,5,2025-04-28,232.98,4.7,Credit Card,1110.22,791.55,318.67,28.7
51,12,102,1809,1361,4,2025-03-26,154.49,5.4,Credit Card,584.3,350.4,233.9,40.03
52,3,115,1227,198,1,2025-07-12,73.42,11.1,Credit Card,65.24,26.22,39.02,59.81
53,12,108,1003,893,1,2025-07-03,221.6,6.4,Credit Card,207.42,120.35,87.07,41.98
54,11,44,3686,101,4,2025-07-11,112.16,23.6,Debit Card,342.64,221.64,121.0,35.31
55,6,99,1824,1056,2,2025-02-13,280.03,9.0,Online,509.82,602.92,-93.1,-18.26
56,11,81,3525,797,1,2025-09-25,232.12,32.7,Online,156.33,114.0,42.33,27.08
57,1,68,3218,225,1,2025-11-28,272.02,30.3,Cash,189.68,155.92,33.76,17.8
58,7,84,4325,1185,2,2025-03-23,112.02,4.0,Cash,215.05,81.52,133.53,62.09
59,11,12,240,19,2,2025-09-20,145.18,25.1,Cash,217.55,186.82,30.73,14.13
60,8,109,1582,858,2,2024-12-08,128.4,6.5,Debit Card,240.02,161.98,78.04,32.51
61,9,61,2407,18,5,2025-03-18,40.4,8.2,Debit Card,185.49,111.55,73.94,39.86
62,9,51,3829,1095,1,2025-05-05,21.98,4.7,Online,20.95,15.67,5.28,25.2
63,12,18,2037,89,5,2025-04-17,134.21,5.9,Credit Card,631.48,261.75,369.73,58.55
64,5,20,3121,20,1,2024-10-28,126.17,9.9,Online,113.69,56.45,57.24,50.35
65,5,47,1533,155,1,2025-07-08,153.89,4.7,Cash,146.66,88.75,57.91,39.49
66,11,64,1861,90,2,2025-08-10,150.67,25.3,Online,225.19,109.18,116.01,51.52
67,12,36,2398,456,3,2025-05-08,76.97,6.5,Credit Card,215.85,129.12,86.73,40.18
68,4,1,2155,237,1,2025-10-09,286.89,4.9,Online,272.92,147.82,125.1,45.84
69,4,42,3163,65,2,2024-12-16,184.56,10.9,Credit Card,329.06,182.12,146.94,44.65
70,10,39,3995,1249,1,2025-05-10,47.13,32.4,Debit Card,31.86,29.13,2.73,8.57
71,11,44,3852,184,2,2025-01-11,39.73,29.0,Online,56.38,37.56,18.82,33.38
72,1,118,3071,142,5,2024-12-11,140.59,27.0,Cash,513.09,323.25,189.84,37.0
73,7,5,4788,595,3,2025-08-19,287.26,3.3,Cash,833.08,361.95,471.13,56.55
74,8,109,4921,197,1,2025-09-01,17.24,12.0,Debit Card,15.17,11.94,3.23,21.29
75,4,70,3831,73,3,2025-10-07,38.97,11.6,Debit Card,103.29,42.03,61.26,59.31
76,3,53,1330,292,2,2025-10-29,292.14,3.8,Cash,562.14,359.94,202.2,35.97
77,3,53,4376,16,1,2025-06-19,211.53,11.0,Online,188.28,131.61,56.67,30.1
78,11,44,2426,382,1,2025-09-04,6.96,32.8,Cash,4.68,3.22,1.46,31.2
79,7,95,949,1103,1,2024-11-07,251.93,3.9,Credit Card,242.0,157.54,84.46,34.9
80,6,96,4412,132,1,2025-11-06,283.73,8.1,Credit Card,260.66,118.54,142.12,54.52
81,1,68,55,1057,1,2024-12-30,116.23,24.5,Cash,87.79,72.63,15.16,17.27
82,12,108,364,123,5,2025-02-25,46.25,4.4,Credit Card,220.99,85.45,135.54,61.33
83,1,50,3053,102,1,2025-10-25,128.99,28.5,Online,92.19,82.05,10.14,11.0
84,1,59,3006,647,2,2024-12-20,112.5,33.2,Online,150.39,99.28,51.11,33.98
85,5,47,955,33,4,2024-10-30,126.3,8.1,Credit Card,464.15,194.12,270.03,58.18
86,1,48,972,21,2,2025-01-23,271.6,27.8,Credit Card,392.46,328.78,63.68,16.23
87,7,84,902,228,2,2025-01-31,47.39,6.2,Online,88.94,54.92,34.02,38.25
88,9,51,3488,18,1,2024-10-16,26.16,10.9,Online,23.31,11.53,11.78,50.54
89,11,81,635,249,3,2025-03-02,261.12,25.5,Debit Card,583.42,407.16,176.26,30.21
90,3,88,656,449,1,2025-12-09,81.35,6.7,Credit Card,75.92,40.92,35.0,46.1
91,4,31,1389,115,2,2025-06-29,112.44,4.3,Credit Card,215.2,114.04,101.16,47.01
92,7,7,380,1197,3,2024-12-09,248.95,11.0,Debit Card,664.99,391.41,273.58,41.14
93,2,43,91,101,1,2025-11-25,64.72,7.7,Online,59.71,27.71,32.0,53.59
94,12,18,4164,119,5,2025-04-10,295.7,9.7,Credit Card,1335.66,802.3,533.36,39.93
95,4,70,1180,1240,3,2025-05-21,240.09,6.2,Debit Card,675.44,268.86,406.58,60.19
96,7,95,4143,563,1,2025-03-29,176.87,4.0,Credit Card,169.76,116.91,52.85,31.13
97,11,97,4362,265,1,2025-04-02,108.42,33.9,Debit Card,71.63,51.39,20.24,28.26
98,9,52,3325,166,4,2025-06-30,134.9,7.3,Cash,499.95,372.8,127.15,25.43
99,8,80,4797,808,1,2024-10-27,159.32,4.0,Credit Card,152.98,95.6,57.38,37.51
100,4,56,1362,295,3,2024-10-03,218.5,4.7,Debit Card,624.78,295.56,329.22,52.69
101,2,13,3765,171,2,2025-09-13,241.94,9.7,Cash,437.07,294.18,142.89,32.69
102,12,100,3780,978,5,2025-06-04,251.54,10.9,Debit Card,1120.83,902.6,218.23,19.47
103,9,111,2875,884,1,2025-09-19,183.71,5.5,Online,173.62,115.35,58.27,33.56
104,4,31,4954,1323,1,2025-11-17,155.85,5.5,Credit Card,147.24,104.29,42.95,29.17
105,9,61,4624,1485,1,2025-06-17,94.8,3.9,Cash,91.09,63.48,27.61,30.31
106,9,27,3236,6,1,2025-07-10,173.53,6.8,Online,161.78,78.24,83.54,51.64
107,5,92,4115,161,2,2025-09-05,127.6,11.0,Debit Card,227.07,109.74,117.33,51.67
108,6,49,807,97,5,2024-12-15,37.9,4.5,Online,181.01,113.05,67.96,37.54
109,6,74,1013,107,4,2025-09-20,286.25,10.0,Credit Card,1030.36,757.64,272.72,26.47
110,12,100,1061,1095,3,2025-08-26,174.31,5.0,Cash,496.94,268.89,228.05,45.89
111,5,47,3875,1425,2,2024-10-14,131.19,4.8,Cash,249.72,95.58,154.14,61.73
112,10,16,3558,1321,4,2024-11-25,34.06,28.3,Credit Card,97.68,83.88,13.8,14.13
113,7,5,3253,590,2,2024-10-22,57.77,9.0,Debit Card,105.11,69.72,35.39,33.67
114,11,12,2655,278,1,2024-10-24,49.05,26.9,Cash,35.84,20.06,15.78,44.03
115,7,95,1110,415,4,2025-05-06,231.31,11.8,Credit Card,816.4,545.08,271.32,33.23
116,7,62,4215,1068,4,2024-10-11,237.07,3.5,Credit Card,915.42,573.36,342.06,37.37
117,12,93,646,4,2,2024-12-11,254.91,3.6,Credit Card,491.5,316.26,175.24,35.65
118,6,99,3899,215,5,2025-11-17,260.24,5.6,Cash,1228.85,550.8,678.05,55.18
119,2,45,1219,254,2,2025-04-19,127.72,7.8,Credit Card,235.41,151.56,83.85,35.62
120,8,109,3471,1271,2,2024-11-07,27.97,9.7,Cash,50.49,31.58,18.91,37.45
121,11,64,945,87,2,2024-12-29,286.62,26.0,Debit Card,424.36,287.12,137.24,32.34
122,10,101,1642,734,2,2025-06-22,94.46,25.8,Cash,140.09,96.14,43.95,31.37
123,4,70,1455,1273,3,2024-11-14,152.53,9.5,Credit Card,414.24,269.37,144.87,34.97
124,11,64,2757,793,2,2025-11-14,86.9,23.9,Cash,132.23,113.76,18.47,13.97
125,6,99,4649,6,1,2024-12-28,32.45,8.9,Debit Card,29.57,23.2,6.37,21.54
126,7,41,1108,479,3,2025-02-05,263.23,5.8,Cash,743.67,555.87,187.8,25.25
127,1,29,278,105,2,2025-06-11,272.39,31.4,Debit Card,373.93,323.22,50.71,13.56
128,6,78,4084,316,2,2025-10-25,71.25,11.2,Debit Card,126.47,86.88,39.59,31.3
129,8,85,2555,286,1,2024-10-21,237.81,8.3,Debit Card,218.12,162.48,55.64,25.51
130,5,20,2423,1372,3,2024-11-29,54.43,11.6,Credit Card,144.27,79.38,64.89,44.98
131,8,112,603,96,5,2025-08-11,127.57,8.1,Online,586.46,317.0,269.46,45.95
132,6,78,958,26,2,2025-11-09,76.1,10.7,Cash,135.98,75.2,60.78,44.7
133,7,84,4814,334,3,2025-05-27,62.81,11.6,Credit Card,166.62,99.75,66.87,40.13
134,9,111,4746,172,3,2025-05-21,37.73,11.8,Debit Card,99.85,60.45,39.4,39.46
135,7,7,970,751,1,2024-12-30,233.78,11.7,Credit Card,206.32,107.79,98.53,47.76
136,2,73,1403,1480,2,2024-10-11,43.48,10.9,Debit Card,77.52,52.42,25.1,32.38
137,8,112,2195,201,3,2025-02-25,242.86,6.6,Debit Card,680.83,495.99,184.84,27.15
138,1,29,3675,76,3,2025-11-05,44.84,26.8,Debit Card,98.51,70.32,28.19,28.62
139,1,29,2136,278,3,2025-01-06,129.56,28.8,Credit Card,276.68,241.98,34.7,12.54
140,10,38,2603,174,1,2024-11-20,138.18,30.1,Debit Card,96.59,75.05,21.54,22.3
141,6,66,795,885,1,2025-04-10,69.15,10.2,Cash,62.1,31.9,30.2,48.63
142,8,57,2696,268,5,2025-08-07,129.76,8.2,Credit Card,595.88,373.5,222.38,37.32
143,10,117,1873,1225,1,2025-02-21,130.47,28.3,Credit Card,93.57,91.93,1.64,1.75
144,1,48,2076,1015,2,2025-05-01,159.48,25.7,Credit Card,237.06,141.44,95.62,40.34
145,1,86,2604,1243,1,2025-04-23,113.66,31.3,Cash,78.05,74.54,3.51,4.5
146,12,108,3691,150,2,2025-09-19,104.89,8.7,Debit Card,191.6,118.54,73.06,38.13
147,5,47,475,1209,1,2025-08-06,83.7,5.9,Cash,78.77,54.52,24.25,30.79
148,3,14,3553,1100,5,2025-09-28,32.74,4.7,Online,155.96,115.05,40.91,26.23
149,10,71,4504,382,4,2025-03-31,109.51,28.4,Credit Card,313.69,178.28,135.41,43.17
150,10,38,2688,1232,1,2025-04-02,164.33,23.7,Credit Card,125.36,64.13,61.23,48.84
151,1,29,2050,28,5,2025-06-20,153.88,24.9,Cash,577.7,305.0,272.7,47.2
152,2,26,146,857,5,2025-02-04,200.3,6.1,Debit Card,939.98,399.1,540.88,57.54
153,4,70,4559,73,5,2024-10-13,182.04,8.7,Online,830.68,616.2,214.48,25.82
154,8,30,1149,171,2,2025-01-04,95.09,4.8,Debit Card,181.04,130.04,51.0,28.17
155,6,74,3261,689,1,2025-10-12,241.27,4.9,Online,229.42,121.81,107.61,46.91
156,4,42,4100,105,1,2024-12-22,121.02,4.4,Debit Card,115.68,47.1,68.58,59.28
157,7,7,4815,116,2,2025-05-04,232.98,5.1,Credit Card,441.98,316.62,125.36,28.36
158,9,111,461,107,3,2025-07-27,57.51,3.2,Debit Card,166.94,223.98,-57.04,-34.17
159,6,72,1402,229,5,2024-11-09,106.26,11.8,Cash,468.57,203.25,265.32,56.62
160,1,79,229,41,1,2025-04-15,25.06,24.5,Cash,18.92,13.46,5.46,28.86
161,8,116,1388,1160,4,2024-10-28,113.81,9.6,Credit Card,411.75,322.8,88.95,21.6
162,3,115,4514,690,2,2024-12-20,123.51,5.4,Debit Card,233.61,139.68,93.93,40.21
163,5,119,2779,257,1,2025-07-23,261.33,7.5,Debit Card,241.8,107.17,134.63,55.68
164,2,8,1453,43,2,2025-01-02,197.77,6.0,Credit Card,371.86,238.44,133.42,35.88
165,1,29,1139,63,4,2025-04-08,178.94,27.7,Online,517.44,446.36,71.08,13.74
166,7,104,1631,50,1,2025-08-11,46.21,6.2,Debit Card,43.33,31.33,12.0,27.69
167,3,115,3082,8,1,2025-08-02,282.19,7.0,Cash,262.35,112.13,150.22,57.26
168,4,56,3448,502,1,2024-10-11,112.32,11.9,Debit Card,98.96,40.45,58.51,59.12
169,2,8,211,256,3,2025-01-17,107.48,3.9,Debit Card,309.89,216.39,93.5,30.17
170,4,31,4972,192,1,2025-02-20,55.42,5.7,Debit Card,52.28,36.66,15.62,29.88
171,12,100,4465,174,5,2025-09-21,209.9,6.5,Debit Card,981.61,421.45,560.16,57.07
172,9,25,1807,231,4,2025-10-29,46.18,7.0,Cash,171.7,70.96,100.74,58.67
173,9,51,4233,238,4,2025-02-25,169.21,11.6,Cash,598.22,347.24,250.98,41.95
174,1,50,2492,70,2,2025-11-18,178.22,23.1,Credit Card,274.25,248.32,25.93,9.45
175,12,18,2070,266,3,2025-03-12,58.84,5.5,Credit Card,166.75,84.42,82.33,49.37
176,7,19,2152,25,1,2025-09-20,204.48,5.8,Debit Card,192.56,117.87,74.69,38.79
177,3,46,3922,1316,2,2025-05-12,131.26,4.1,Credit Card,251.66,176.68,74.98,29.79
178,5,76,172,643,5,2024-11-28,158.28,4.3,Credit Card,757.63,374.5,383.13,50.57
179,5,105,2684,5,2,2024-11-20,248.46,5.2,Debit Card,471.19,199.62,271.57,57.63
180,4,42,4492,145,5,2025-04-04,81.38,4.5,Credit Card,388.39,246.25,142.14,36.6
181,1,79,3433,1449,2,2025-06-25,246.77,29.6,Debit Card,347.69,287.04,60.65,17.44
182,11,12,1664,25,4,2024-11-15,200.07,32.4,Cash,540.99,314.4,226.59,41.88
183,9,111,4954,74,3,2025-10-26,155.85,8.1,Credit Card,429.72,312.87,116.85,27.19
184,5,119,2208,239,1,2024-12-03,60.6,11.6,Cash,53.6,25.0,28.6,53.36
185,11,63,3003,177,1,2024-10-18,212.08,30.1,Credit Card,148.21,134.14,14.07,9.49
186,2,11,3786,1456,5,2025-03-05,55.24,7.0,Cash,256.81,196.6,60.21,23.45
187,2,32,1379,270,1,2025-09-30,148.36,4.7,Credit Card,141.43,69.03,72.4,51.19
188,4,31,4272,1324,5,2025-10-30,48.45,5.0,Debit Card,230.13,305.3,-75.17,-32.66
189,2,13,821,189,1,2025-01-06,248.14,8.6,Debit Card,226.81,137.25,89.56,39.49
190,5,105,1462,137,3,2025-11-23,270.38,4.1,Credit Card,778.21,350.82,427.39,54.92
191,2,35,361,145,2,2024-12-15,68.51,4.6,Debit Card,130.73,54.6,76.13,58.23
192,4,42,1705,410,1,2025-08-28,267.25,8.3,Debit Card,245.15,144.82,100.33,40.93
193,4,1,4931,313,4,2024-10-15,136.97,9.6,Cash,495.19,338.68,156.51,31.61
194,3,46,4023,277,2,2025-11-28,212.47,11.5,Online,376.17,242.12,134.05,35.64
195,10,90,606,95,2,2024-10-19,119.69,25.2,Credit Card,179.12,166.44,12.68,7.08
196,7,104,3817,132,2,2025-03-17,44.85,9.5,Credit Card,81.22,31.64,49.58,61.04
197,2,43,2796,145,1,2025-02-15,213.06,5.2,Debit Card,202.01,111.85,90.16,44.63
198,5,119,2569,1099,2,2025-04-18,180.38,4.4,Credit Card,344.73,177.16,167.57,48.61
199,2,114,4401,953,3,2025-11-10,288.3,10.4,Credit Card,775.05,444.57,330.48,42.64
200,9,111,430,103,1,2024-10-21,141.68,5.7,Debit Card,133.63,67.6,66.03,49.41
201,12,108,2772,74,1,2025-02-25,274.94,6.0,Debit Card,258.48,135.86,122.62,47.44
202,6,99,3672,52,3,2025-04-15,154.99,6.6,Debit Card,434.46,211.77,222.69,51.26
203,12,60,364,34,4,2024-10-01,46.25,3.4,Online,178.68,68.36,110.32,61.74
204,8,9,2381,1454,4,2025-01-29,217.81,10.9,Credit Card,776.29,346.32,429.97,55.39
205,6,77,1683,934,4,2025-01-29,117.27,11.7,Debit Card,414.01,193.36,220.65,53.3
206,3,88,4081,9,5,2025-03-04,157.77,4.8,Online,750.6,312.95,437.65,58.31
207,7,19,81,4,5,2025-07-19,68.7,3.7,Credit Card,330.85,244.6,86.25,26.07
208,2,73,4884,570,1,2025-01-15,135.47,7.4,Online,125.43,67.27,58.16,46.37
209,4,56,1447,156,3,2024-11-02,96.65,8.9,Cash,264.07,116.79,147.28,55.77
210,10,87,3343,50,2,2024-12-29,86.21,27.7,Credit Card,124.72,103.48,21.24,17.03
211,5,22,1272,233,2,2025-04-09,246.0,8.9,Credit Card,448.34,212.66,235.68,52.57
212,4,1,4552,10,1,2025-01-27,66.2,11.6,Debit Card,58.55,27.75,30.8,52.6
213,2,83,1685,213,3,2025-02-19,86.47,6.0,Debit Card,243.89,108.03,135.86,55.71
214,2,43,1078,119,1,2025-09-29,249.33,11.0,Debit Card,221.92,155.69,66.23,29.84
215,6,74,1662,133,4,2025-03-09,80.07,7.9,Credit Card,294.97,161.4,133.57,45.28
216,11,12,2993,144,3,2024-10-11,231.47,25.2,Cash,519.22,468.33,50.89,9.8
217,12,108,513,154,1,2025-01-01,132.35,10.5,Debit Card,118.47,88.67,29.8,25.15
218,9,120,2080,11,2,2025-10-09,182.55,5.4,Credit Card,345.39,171.64,173.75,50.31
219,7,62,2008,286,1,2025-09-14,212.69,6.2,Credit Card,199.51,129.96,69.55,34.86
220,8,109,1308,274,2,2025-10-17,256.12,3.4,Cash,495.03,342.4,152.63,30.83
221,6,99,1448,453,3,2025-10-06,125.82,10.0,Cash,339.66,209.85,129.81,38.22
222,12,108,3227,80,4,2025-01-24,95.93,3.6,Credit Card,369.76,267.48,102.28,27.66
223,8,112,1295,1485,2,2024-12-04,230.7,6.8,Debit Card,430.1,330.1,100.0,23.25
224,10,39,2749,68,1,2025-03-26,231.38,26.1,Credit Card,171.08,106.55,64.53,37.72
225,4,31,2805,935,5,2025-05-19,81.55,3.9,Credit Card,391.73,199.45,192.28,49.08
226,10,39,446,111,1,2024-12-23,284.64,30.8,Debit Card,196.88,117.34,79.54,40.4
227,7,95,3698,220,2,2025-01-02,246.22,8.1,Cash,452.65,172.56,280.09,61.88
228,3,88,1015,163,1,2025-11-22,7.74,4.1,Cash,7.42,2.98,4.44,59.84
229,3,46,2983,154,2,2024-11-30,29.96,3.1,Online,58.05,24.42,33.63,57.93
230,12,108,2207,244,1,2025-04-02,244.37,6.0,Credit Card,229.64,115.45,114.19,49.73
231,3,88,563,120,2,2025-01-03,275.33,5.0,Credit Card,523.21,284.26,238.95,45.67
232,10,101,3028,274,2,2025-11-27,82.38,28.9,Debit Card,117.08,90.78,26.3,22.46
233,5,113,4010,126,1,2025-01-14,286.68,7.2,Credit Card,266.05,163.14,102.91,38.68
234,6,66,2751,1419,2,2025-12-08,66.23,4.4,Online,126.63,67.6,59.03,46.62
235,4,1,4254,120,1,2025-01-27,54.34,8.9,Debit Card,49.49,35.81,13.68,27.64
236,5,113,1383,794,1,2025-07-13,245.92,6.7,Debit Card,229.41,97.6,131.81,57.46
237,3,14,3463,235,2,2025-01-20,200.2,8.7,Credit Card,365.58,168.34,197.24,53.95
238,11,64,694,19,4,2025-05-19,213.73,24.3,Cash,647.14,402.44,244.7,37.81
239,8,94,4411,77,1,2025-02-19,42.59,4.5,Debit Card,40.66,24.89,15.77,38.79
240,10,71,2154,1286,2,2024-11-04,10.49,30.9,Credit Card,14.51,7.36,7.15,49.28
241,6,107,1480,961,2,2025-03-02,202.12,10.6,Debit Card,361.5,448.52,-87.02,-24.07
242,4,31,2410,73,1,2025-08-05,37.66,9.5,Cash,34.08,22.46,11.62,34.1
243,12,36,1437,26,5,2025-08-08,268.15,5.7,Debit Card,1263.68,1610.2,-346.52,-27.42
244,1,86,4667,77,3,2024-10-29,95.59,33.8,Cash,189.74,143.28,46.46,24.49
245,10,87,162,292,5,2025-11-28,197.52,31.3,Cash,678.07,660.05,18.02,2.66
246,12,93,1461,401,1,2025-08-17,46.21,11.7,Credit Card,40.78,25.41,15.37,37.69
247,3,46,2216,190,1,2025-03-30,263.8,5.3,Online,249.84,175.32,74.52,29.83
248,8,80,3258,141,1,2025-10-08,40.66,4.6,Credit Card,38.79,23.89,14.9,38.41
249,11,44,3910,104,1,2025-09-20,68.18,27.4,Credit Card,49.48,42.68,6.8,13.74
250,2,114,1918,220,2,2025-07-04,100.76,7.5,Credit Card,186.46,125.96,60.5,32.45
251,4,1,2516,12,1,2024-12-20,242.08,9.7,Debit Card,218.61,105.84,112.77,51.59
252,11,64,4469,5,2,2025-06-09,135.98,24.7,Online,204.86,133.38,71.48,34.89
253,10,90,4059,894,4,2024-10-14,123.78,25.4,Credit Card,369.47,331.68,37.79,10.23
254,5,76,2246,266,5,2024-10-10,204.23,3.9,Debit Card,981.31,470.55,510.76,52.05
255,11,63,878,844,1,2025-08-26,294.51,22.8,Debit Card,227.5,122.17,105.33,46.3
256,6,78,519,57,5,2025-06-14,197.12,4.0,Credit Card,945.85,656.2,289.65,30.62
257,12,102,1126,946,3,2024-10-12,81.85,11.7,Debit Card,216.92,119.07,97.85,45.11
258,2,45,3142,1269,5,2025-11-03,74.54,9.4,Debit Card,337.59,144.55,193.04,57.18
259,11,81,4962,267,1,2025-11-30,288.46,25.6,Online,214.48,195.7,18.78,8.76
260,7,19,2945,53,1,2025-09-18,281.88,11.6,Credit Card,249.28,158.08,91.2,36.59
261,9,25,478,62,1,2025-08-22,171.31,11.8,Cash,151.09,61.58,89.51,59.24
262,9,52,22,98,2,2025-05-26,78.32,11.2,Online,139.07,110.42,28.65,20.6
263,4,34,3824,93,2,2024-10-30,240.16,8.9,Online,437.39,539.46,-102.07,-23.34
264,10,87,4817,1335,5,2025-01-26,296.98,29.8,Online,1042.07,1031.5,10.57,1.01
265,4,34,2310,901,4,2024-10-28,54.89,3.4,Credit Card,212.11,77.52,134.59,63.45
266,11,63,3718,160,1,2025-01-14,246.76,30.8,Credit Card,170.73,170.85,-0.12,-0.07
267,2,8,1644,950,1,2025-07-14,220.3,3.9,Debit Card,211.71,90.84,120.87,57.09
268,9,52,4491,817,1,2025-06-30,5.44,3.8,Cash,5.23,2.47,2.76,52.77
269,5,105,2395,178,2,2025-05-13,244.74,8.9,Online,445.89,295.46,150.43,33.74
270,7,95,3237,15,4,2025-08-02,165.8,10.5,Online,593.68,827.48,-233.8,-39.38
271,3,88,3187,5,1,2025-12-09,192.28,9.2,Debit Card,174.65,92.65,82.0,46.95
272,8,85,746,163,2,2024-12-26,152.85,6.3,Online,286.49,112.1,174.39,60.87
273,11,63,349,23,1,2025-04-13,263.46,28.6,Debit Card,188.16,294.53,-106.37,-56.53
274,7,84,2473,61,4,2025-12-07,269.16,3.0,Cash,1043.82,604.04,439.78,42.13
275,8,112,1882,128,1,2025-09-13,78.84,4.5,Credit Card,75.31,34.62,40.69,54.03
276,2,73,616,90,1,2025-03-05,243.94,7.5,Debit Card,225.62,129.49,96.13,42.61
277,8,116,170,73,2,2025-04-27,123.12,10.9,Online,219.4,109.0,110.4,50.32
278,1,3,2108,132,1,2025-09-22,121.39,32.6,Cash,81.76,55.95,25.81,31.57
279,10,71,1155,711,1,2024-10-14,246.99,24.0,Debit Card,187.66,92.38,95.28,50.77
280,6,107,13,223,1,2024-12-28,71.73,4.9,Debit Card,68.25,43.75,24.5,35.9
281,6,96,4409,490,5,2025-06-16,124.27,4.9,Online,590.63,283.55,307.08,51.99
282,10,16,449,1287,4,2025-04-15,80.26,28.4,Online,230.01,114.8,115.21,50.09
283,10,101,226,1,4,2025-04-16,200.65,23.5,Cash,614.39,285.92,328.47,53.46
284,7,104,2028,1354,3,2025-09-16,51.18,3.6,Cash,147.99,90.24,57.75,39.02
285,4,56,1293,140,4,2025-08-20,136.53,3.8,Cash,525.53,250.88,274.65,52.26
286,8,80,3650,144,5,2025-01-27,58.65,6.2,Online,275.21,104.35,170.86,62.08
287,2,28,1862,389,2,2025-08-12,184.03,7.9,Cash,339.09,161.64,177.45,52.33
288,8,57,3934,181,3,2025-08-20,229.61,3.1,Cash,667.45,485.49,181.96,27.26
289,7,104,3835,41,3,2025-05-19,132.49,11.9,Cash,350.0,159.03,190.97,54.56
290,10,39,2447,635,5,2025-01-07,69.12,25.1,Credit Card,258.9,245.0,13.9,5.37
291,6,78,3437,92,5,2025-06-05,204.83,7.2,Debit Card,950.54,603.85,346.69,36.47
292,8,80,3337,1289,1,2025-01-31,69.86,4.3,Credit Card,66.84,41.69,25.15,37.63
293,2,13,2124,1464,2,2025-12-02,250.46,4.5,Credit Card,478.62,181.92,296.7,61.99
294,8,91,583,91,3,2024-12-13,178.69,6.5,Cash,501.19,254.01,247.18,49.32
295,10,55,3861,762,5,2025-04-15,60.3,33.1,Credit Card,201.8,164.35,37.45,18.56
296,4,1,2953,1476,1,2024-12-17,202.52,6.7,Credit Card,188.92,115.05,73.87,39.1
297,11,12,1602,1366,3,2025-07-17,266.44,33.4,Debit Card,531.98,344.07,187.91,35.32
298,7,19,1336,283,4,2025-01-27,80.03,11.3,Credit Card,284.07,182.72,101.35,35.68
299,12,36,885,157,5,2024-10-02,276.44,11.9,Credit Card,1217.12,551.25,665.87,54.71
300,10,87,99,6,4,2024-12-18,250.24,23.7,Online,763.41,455.84,307.57,40.29
301,8,9,2739,1195,5,2025-07-17,150.5,11.7,Credit Card,664.74,494.3,170.44,25.64
302,3,88,1222,18,1,2025-02-09,176.35,4.2,Debit Card,169.0,63.75,105.25,62.28
303,12,36,1467,289,2,2025-01-14,29.87,4.8,Debit Card,56.87,23.46,33.41,58.75
304,8,116,3831,94,1,2025-10-31,38.97,6.9,Cash,36.28,14.01,22.27,61.38
305,1,118,3234,121,2,2025-02-18,187.48,27.1,Credit Card,273.17,219.0,54.17,19.83
306,9,27,2901,12,2,2024-12-12,69.74,5.1,Credit Card,132.41,88.28,44.13,33.33
307,2,110,2525,19,1,2025-02-09,79.54,7.3,Online,73.75,99.96,-26.21,-35.54
308,2,89,1683,176,1,2024-10-31,117.27,9.6,Credit Card,106.01,48.34,57.67,54.4
309,5,105,647,1133,3,2025-12-02,273.74,4.4,Cash,785.0,540.39,244.61,31.16
310,8,80,1419,283,2,2025-08-08,72.14,6.3,Online,135.23,93.64,41.59,30.76
311,1,58,1855,270,2,2025-06-19,202.15,31.0,Online,278.78,250.2,28.58,10.25
312,3,53,3523,361,5,2024-12-01,112.61,11.6,Debit Card,497.76,377.25,120.51,24.21
313,8,109,2744,268,5,2025-04-28,276.45,9.8,Debit Card,1246.13,826.35,419.78,33.69
314,7,95,615,153,1,2025-05-30,26.24,5.9,Debit Card,24.68,9.72,14.96,60.62
315,11,12,427,1140,2,2025-01-10,160.66,30.1,Cash,224.62,210.28,14.34,6.38
316,6,72,896,238,1,2025-05-31,112.55,7.8,Debit Card,103.8,45.79,58.01,55.89
317,1,50,1724,758,3,2025-05-10,193.25,30.3,Cash,404.0,391.44,12.56,3.11
318,4,42,1185,1237,3,2024-10-22,272.33,7.9,Debit Card,752.58,522.84,229.74,30.53
319,12,102,2076,2,3,2025-08-30,159.48,6.7,Cash,446.56,212.16,234.4,52.49
320,3,115,615,240,4,2025-09-21,26.24,8.0,Debit Card,96.56,38.88,57.68,59.73
321,12,36,1760,314,2,2025-06-25,186.34,7.8,Cash,343.47,151.3,192.17,55.95
322,10,71,2560,252,3,2025-12-06,298.12,29.3,Debit Card,632.18,415.92,216.26,34.21
323,10,33,4153,1208,2,2025-07-29,35.24,24.2,Cash,53.4,49.3,4.1,7.68
324,7,62,4323,1321,1,2025-11-13,133.58,8.3,Credit Card,122.51,85.57,36.94,30.15
325,8,112,42,68,1,2025-01-31,223.45,8.4,Online,204.58,89.53,115.05,56.24
326,12,93,2277,152,2,2024-11-11,127.96,5.5,Debit Card,241.96,173.64,68.32,28.24
327,7,95,1724,132,1,2025-06-11,193.25,11.6,Online,170.87,130.48,40.39,23.64
328,5,119,1946,249,1,2025-02-03,288.44,6.4,Debit Card,270.08,139.39,130.69,48.39
329,9,120,3648,192,5,2025-08-27,263.28,5.2,Credit Card,1247.99,567.95,680.04,54.49
330,4,42,145,180,4,2025-08-07,47.87,3.3,Credit Card,185.18,97.76,87.42,47.21
331,3,14,753,267,2,2024-10-25,299.86,8.4,Cash,549.6,353.2,196.4,35.74
332,11,81,3272,246,1,2025-09-01,96.34,31.5,Credit Card,66.0,120.35,-54.35,-82.35
333,8,116,4328,233,1,2024-12-20,81.0,4.7,Online,77.17,34.06,43.11,55.86
334,1,86,2932,57,1,2025-09-27,231.32,29.7,Debit Card,162.67,90.42,72.25,44.42
335,10,33,4340,270,2,2025-04-14,139.94,28.4,Cash,200.4,107.5,92.9,46.36
336,2,45,4808,30,1,2025-01-20,119.6,8.4,Cash,109.61,78.35,31.26,28.52
337,10,39,3670,350,4,2025-05-14,60.46,22.9,Debit Card,186.37,307.24,-120.87,-64.85
338,12,102,2938,371,5,2025-11-14,114.66,11.1,Cash,509.83,207.3,302.53,59.34
339,5,20,3256,131,1,2025-05-28,76.64,5.6,Credit Card,72.37,54.8,17.57,24.28
340,9,51,4891,68,4,2025-01-22,270.82,7.4,Online,1002.99,640.4,362.59,36.15
341,6,49,1042,895,2,2025-06-19,289.97,6.5,Online,542.12,724.46,-182.34,-33.63
342,7,104,80,812,1,2024-11-21,258.48,8.2,Credit Card,237.27,137.03,100.24,42.25
343,12,108,2931,1339,3,2024-12-24,29.43,5.8,Debit Card,83.15,37.65,45.5,54.72
344,3,21,1454,224,2,2024-11-27,47.1,11.3,Debit Card,83.53,42.12,41.41,49.58
345,5,105,539,158,3,2025-04-18,264.03,5.9,Cash,745.15,414.39,330.76,44.39
346,4,34,684,152,1,2025-04-21,203.95,7.7,Cash,188.22,73.83,114.39,60.77
347,11,63,1953,91,2,2025-07-17,217.53,24.1,Credit Card,330.42,240.24,90.18,27.29
348,5,92,4179,175,4,2025-06-15,95.95,5.1,Online,364.32,204.76,159.56,43.8
349,4,70,1149,64,1,2025-09-04,95.09,11.9,Online,83.76,65.02,18.74,22.37
350,11,12,4790,1117,1,2025-01-27,239.56,31.2,Cash,164.81,152.93,11.88,7.21
351,6,96,2815,174,1,2025-07-22,46.14,7.6,Online,42.63,29.69,12.94,30.35
352,4,1,4189,274,2,2025-06-04,186.02,8.8,Debit Card,339.18,209.1,130.08,38.35
353,6,99,3518,34,2,2025-08-19,37.42,7.6,Credit Card,69.16,37.88,31.28,45.23
354,11,44,460,141,2,2025-05-28,42.48,26.5,Credit Card,62.42,51.2,11.22,17.98
355,8,94,3003,112,1,2025-09-24,212.08,4.9,Debit Card,201.61,134.14,67.47,33.47
356,9,106,294,1161,1,2025-01-18,30.32,11.9,Credit Card,26.71,11.13,15.58,58.33
357,6,66,1183,91,2,2024-12-15,209.91,5.7,Credit Card,396.06,235.32,160.74,40.58
358,7,104,1437,887,2,2025-06-25,268.15,6.6,Credit Card,500.91,644.08,-143.17,-28.58
359,2,8,4080,142,2,2025-06-09,7.89,11.7,Debit Card,13.93,7.38,6.55,47.02
360,4,34,4939,106,1,2025-03-16,34.17,5.3,Credit Card,32.36,40.41,-8.05,-24.88
361,4,56,656,5,5,2025-07-15,81.35,4.5,Online,388.36,204.6,183.76,47.32
362,12,102,2743,146,1,2025-04-15,254.83,8.6,Debit Card,232.84,152.46,80.38,34.52
363,12,60,1299,36,4,2025-01-14,33.52,11.7,Credit Card,118.42,61.68,56.74,47.91
364,9,24,3929,182,1,2025-11-20,16.62,11.9,Debit Card,14.64,11.65,2.99,20.42
365,6,78,4658,27,1,2025-07-05,79.3,5.1,Online,75.22,53.45,21.77,28.94
366,8,112,3441,33,1,2025-03-28,123.14,5.7,Credit Card,116.09,71.29,44.8,38.59
367,10,16,4896,178,1,2024-12-30,209.13,28.7,Debit Card,149.11,115.83,33.28,22.32
368,7,7,633,225,4,2025-07-24,67.32,4.4,Cash,257.46,162.76,94.7,36.78
369,2,13,4071,167,2,2025-03-27,267.92,5.9,Credit Card,504.07,332.2,171.87,34.1
370,5,20,4183,12,4,2025-11-05,13.52,8.0,Cash,49.76,31.84,17.92,36.01
371,9,37,2014,90,1,2025-12-03,131.51,5.2,Credit Card,124.7,47.31,77.39,62.06
372,10,75,3646,1318,1,2025-04-05,261.37,32.5,Online,176.52,122.34,54.18,30.69
373,10,101,998,286,2,2025-12-02,201.38,23.9,Cash,306.52,176.84,129.68,42.31
374,11,64,3608,1062,5,2025-03-09,206.88,24.1,Debit Card,784.75,1304.5,-519.75,-66.23
375,6,78,4376,26,1,2025-01-14,211.53,7.4,Online,195.94,131.61,64.33,32.83
376,11,63,209,4,3,2025-01-26,25.49,26.9,Credit Card,55.92,33.51,22.41,40.08
377,9,120,2226,846,1,2025-07-31,72.47,6.4,Debit Card,67.82,45.8,22.02,32.47
378,9,37,2648,193,3,2024-10-30,60.7,10.4,Online,163.21,112.17,51.04,31.27
379,2,8,352,185,1,2025-01-08,16.99,4.3,Debit Card,16.27,8.02,8.25,50.71
380,11,64,4468,120,1,2025-11-16,72.0,30.1,Online,50.33,40.13,10.2,20.27
381,3,53,685,81,5,2025-05-30,132.55,6.2,Credit Card,621.93,414.55,207.38,33.34
382,10,75,1044,986,5,2025-04-29,188.22,24.0,Cash,715.28,476.45,238.83,33.39
383,2,45,4856,31,2,2025-07-01,157.92,7.4,Cash,292.53,199.74,92.79,31.72
384,5,119,2148,250,5,2025-09-29,247.8,8.7,Online,1130.59,618.4,512.19,45.3
385,12,18,1621,181,1,2025-11-08,79.05,4.1,Credit Card,75.84,48.12,27.72,36.55
386,8,116,3667,138,2,2024-12-13,286.76,6.8,Credit Card,534.49,302.98,231.51,43.31
387,6,74,2451,783,1,2025-10-30,181.44,11.2,Online,161.12,115.97,45.15,28.02
388,8,30,1381,1137,1,2025-05-20,230.22,8.1,Debit Card,211.59,118.49,93.1,44.0
389,1,79,4354,98,1,2025-10-02,279.33,28.4,Credit Card,200.08,175.98,24.1,12.05
390,9,37,4897,39,1,2025-07-17,54.58,8.8,Debit Card,49.78,21.42,28.36,56.97
391,11,63,1445,188,4,2025-03-16,262.56,30.3,Credit Card,731.87,550.16,181.71,24.83
392,7,5,2910,221,4,2025-03-15,293.09,10.2,Credit Card,1052.31,808.56,243.75,23.16
393,4,31,893,27,2,2025-11-05,176.52,5.3,Credit Card,334.39,144.52,189.87,56.78
394,8,30,2462,236,1,2024-11-18,15.65,3.3,Debit Card,15.13,8.64,6.49,42.89
395,7,5,3342,1354,4,2024-12-26,147.68,5.7,Credit Card,557.24,235.48,321.76,57.74
396,11,81,4101,193,1,2025-01-27,195.12,25.7,Cash,145.05,136.03,9.02,6.22
397,5,119,1828,1201,1,2025-01-23,135.69,7.0,Credit Card,126.24,78.41,47.83,37.89
398,5,20,314,1046,5,2025-06-19,57.74,9.7,Online,260.56,187.85,72.71,27.91
399,1,4,3536,219,1,2025-05-22,211.65,26.2,Debit Card,156.14,144.55,11.59,7.42
400,9,27,653,620,3,2025-07-07,28.61,8.6,Credit Card,78.48,50.73,27.75,35.36
401,11,64,1373,105,4,2025-08-12,120.71,32.5,Debit Card,325.84,224.96,100.88,30.96
402,6,96,1880,68,1,2025-08-24,14.55,7.7,Online,13.43,5.44,7.99,59.49
403,2,8,4199,2,3,2025-01-30,246.88,7.2,Credit Card,686.98,271.92,415.06,60.42
404,8,109,2952,37,5,2025-10-23,131.95,8.8,Cash,601.96,264.2,337.76,56.11
405,9,111,2501,385,1,2025-01-26,53.29,10.5,Credit Card,47.68,25.76,21.92,45.97
406,4,1,1200,1157,2,2024-12-20,68.43,3.3,Debit Card,132.35,61.82,70.53,53.29
407,7,5,4099,1434,1,2025-11-10,51.29,5.9,Credit Card,48.25,25.96,22.29,46.2
408,12,36,3654,242,2,2025-08-03,33.13,9.8,Credit Card,59.79,29.42,30.37,50.79
409,12,102,1133,71,4,2024-11-20,29.5,10.4,Online,105.72,47.72,58.0,54.86
410,7,104,3857,1,5,2025-09-21,150.71,4.6,Debit Card,718.71,353.65,365.06,50.79
411,7,7,3123,1455,2,2025-11-04,126.19,6.2,Cash,236.74,151.64,85.1,35.95
412,3,46,2617,954,2,2025-10-04,218.73,7.5,Debit Card,404.62,199.54,205.08,50.68
413,7,7,3114,262,3,2025-07-23,155.46,8.2,Credit Card,428.0,312.81,115.19,26.91
414,5,47,4125,123,4,2025-10-27,288.83,6.6,Credit Card,1079.54,514.64,564.9,52.33
415,12,60,1525,259,1,2025-08-23,169.8,9.4,Cash,153.81,93.78,60.03,39.03
416,12,36,4457,1016,1,2025-08-23,194.12,7.1,Online,180.37,123.01,57.36,31.8
417,7,62,3051,278,1,2024-10-04,270.47,6.0,Debit Card,254.28,192.2,62.08,24.41
418,4,31,1250,1487,1,2025-11-13,116.1,6.8,Online,108.18,55.16,53.02,49.01
419,12,102,695,54,3,2024-11-28,256.57,4.5,Debit Card,734.89,476.67,258.22,35.14
420,8,30,1705,1448,3,2024-12-09,267.25,4.3,Debit Card,767.27,434.46,332.81,43.38
421,11,97,4529,293,4,2025-06-13,228.35,24.2,Cash,692.62,413.72,278.9,40.27
422,4,31,334,284,2,2025-09-03,277.83,6.7,Credit Card,518.46,241.18,277.28,53.48
423,5,113,4180,180,2,2025-05-23,198.19,11.5,Credit Card,350.89,206.34,144.55,41.2
424,10,71,2203,21,2,2025-04-25,24.29,31.2,Cash,33.41,19.3,14.11,42.23
425,12,18,4177,782,1,2025-09-06,119.5,8.8,Credit Card,109.0,42.63,66.37,60.89
426,7,84,2244,138,5,2025-02-21,100.79,9.3,Debit Card,457.08,282.95,174.13,38.1
427,2,45,4906,176,4,2025-10-18,21.02,10.1,Cash,75.59,107.36,-31.77,-42.03
428,7,95,1485,267,3,2024-11-24,66.76,6.3,Credit Card,187.68,78.36,109.32,58.25
429,7,5,4736,29,2,2025-05-24,142.61,7.4,Credit Card,264.21,188.7,75.51,28.58
430,6,99,233,6,2,2024-10-24,160.88,10.0,Online,289.45,128.06,161.39,55.76
431,2,43,2115,53,1,2025-02-03,32.27,10.8,Debit Card,28.78,18.2,10.58,36.76
432,8,112,3887,707,4,2025-06-24,153.72,5.6,Cash,580.67,251.64,329.03,56.66
433,6,72,345,96,2,2025-08-23,165.25,5.2,Online,313.38,209.76,103.62,33.07
434,12,36,1386,258,2,2025-03-19,146.95,6.1,Debit Card,276.09,151.64,124.45,45.08
435,1,3,1083,93,3,2025-02-08,106.7,24.2,Credit Card,242.72,225.51,17.21,7.09
436,3,46,4366,143,4,2025-05-17,218.46,10.5,Credit Card,782.15,465.04,317.11,40.54
437,4,34,1406,19,1,2025-02-04,44.07,8.8,Credit Card,40.19,20.17,20.02,49.81
438,10,15,3050,184,2,2025-07-24,218.75,27.2,Credit Card,318.55,267.64,50.91,15.98
439,10,75,837,69,1,2024-10-22,288.55,30.7,Debit Card,199.83,177.0,22.83,11.42
440,8,94,409,280,5,2024-10-26,271.38,8.0,Online,1248.27,715.8,532.47,42.66
441,7,84,2752,1009,2,2025-06-17,211.31,9.9,Cash,380.94,191.18,189.76,49.81
442,6,96,316,1136,1,2025-10-09,192.15,7.5,Credit Card,177.65,106.41,71.24,40.1
443,10,55,1569,1301,2,2025-06-29,43.39,26.5,Debit Card,63.78,31.12,32.66,51.21
444,6,74,4357,62,4,2025-04-09,68.1,4.8,Debit Card,259.38,191.2,68.18,26.29
445,12,36,3892,259,4,2025-02-03,251.04,8.2,Credit Card,922.11,519.0,403.11,43.72
446,10,90,3175,58,1,2025-06-08,280.19,22.9,Credit Card,215.91,138.95,76.96,35.64
447,9,2,4368,154,1,2025-11-05,28.62,10.5,Credit Card,25.61,31.33,-5.72,-22.34
448,12,60,3843,116,1,2024-10-19,144.84,9.7,Credit Card,130.86,61.98,68.88,52.64
449,12,18,2821,7,3,2025-06-01,125.34,7.6,Debit Card,347.3,444.48,-97.18,-27.98
450,5,22,4328,1296,3,2024-12-18,81.0,10.3,Cash,218.01,102.18,115.83,53.13
451,3,115,4030,846,1,2025-06-20,84.15,4.0,Credit Card,80.77,55.4,25.37,31.41
452,11,12,4216,260,3,2024-12-05,289.68,26.2,Cash,640.92,530.79,110.13,17.18
453,1,59,3603,173,3,2025-08-07,82.17,24.7,Credit Card,185.52,161.67,23.85,12.86
454,2,83,2928,206,4,2025-01-31,201.81,6.8,Debit Card,752.39,493.24,259.15,34.44
455,7,95,1419,103,1,2025-06-11,72.14,8.2,Cash,66.25,46.82,19.43,29.33
456,12,18,1481,1405,1,2025-09-25,229.95,10.8,Debit Card,205.19,92.11,113.08,55.11
457,2,89,3724,143,3,2025-05-25,210.5,11.4,Credit Card,559.79,252.69,307.1,54.86
458,12,100,4651,38,1,2025-12-03,43.36,11.4,Debit Card,38.44,23.04,15.4,40.06
459,9,111,2791,283,1,2025-05-03,197.03,6.2,Online,184.82,124.73,60.09,32.51
460,1,68,4914,747,2,2025-10-11,66.81,23.8,Online,101.81,59.16,42.65,41.89
461,4,31,168,1415,1,2025-02-06,45.04,8.6,Credit Card,41.17,22.61,18.56,45.08
462,8,9,2509,365,1,2024-10-17,23.74,5.6,Online,22.42,12.39,10.03,44.74
463,11,64,419,93,1,2025-03-16,191.86,29.3,Cash,135.7,138.09,-2.39,-1.76
464,12,102,1465,196,4,2024-10-08,268.5,6.8,Cash,1001.47,687.28,314.19,31.37
465,8,80,1720,159,3,2024-11-26,132.04,9.1,Credit Card,359.89,241.08,118.81,33.01
466,4,42,2076,10,3,2024-12-24,159.48,8.4,Online,438.34,212.16,226.18,51.6
467,12,100,2147,197,2,2025-08-02,212.85,11.2,Cash,378.14,240.94,137.2,36.28
468,12,102,527,899,1,2025-08-07,79.46,5.2,Credit Card,75.29,51.9,23.39,31.07
469,4,31,3087,203,2,2024-10-26,44.39,8.4,Online,81.32,42.64,38.68,47.57
470,4,70,2241,1056,1,2025-03-30,16.22,9.3,Debit Card,14.71,5.72,8.99,61.11
471,1,86,4154,729,1,2025-07-16,154.53,22.4,Cash,119.84,54.86,64.98,54.22
472,3,21,2636,659,1,2025-03-07,142.19,8.7,Credit Card,129.78,94.76,35.02,26.98
473,3,46,3495,191,1,2025-01-02,228.84,8.3,Debit Card,209.74,138.29,71.45,34.07
474,5,20,1377,27,1,2025-11-24,77.62,5.9,Cash,73.06,37.4,35.66,48.81
475,8,91,1813,1148,4,2024-10-21,81.22,11.9,Credit Card,286.34,129.4,156.94,54.81
476,5,40,351,415,5,2024-11-10,262.17,6.7,Online,1223.46,644.6,578.86,47.31
477,4,70,4028,46,4,2025-11-25,228.98,4.6,Credit Card,874.08,467.0,407.08,46.57
478,7,5,1706,41,1,2025-02-26,65.11,8.0,Credit Card,59.91,41.29,18.62,31.08
479,1,58,3283,343,4,2025-11-17,218.74,32.2,Cash,593.5,601.36,-7.86,-1.32
480,6,107,3053,212,3,2024-10-08,128.99,5.1,Cash,367.27,246.15,121.12,32.98
481,9,25,1681,96,1,2025-03-29,84.02,6.0,Debit Card,78.96,56.92,22.04,27.91
482,2,23,2530,120,1,2025-03-16,270.38,9.6,Credit Card,244.4,157.25,87.15,35.66
483,9,65,1345,193,2,2025-08-21,221.7,5.7,Cash,418.15,314.0,104.15,24.91
484,7,41,2785,751,1,2025-06-27,255.81,8.2,Debit Card,234.87,312.15,-77.28,-32.9
485,7,62,4046,99,4,2024-12-24,184.72,3.0,Cash,716.68,298.72,417.96,58.32
486,4,31,3830,607,2,2025-03-15,206.85,4.0,Cash,397.04,202.68,194.36,48.95
487,10,87,2941,90,1,2025-01-28,70.88,31.0,Credit Card,48.88,36.45,12.43,25.43
488,5,22,1371,792,5,2025-02-05,281.52,4.8,Cash,1339.33,870.1,469.23,35.03
489,12,100,1653,1201,3,2025-11-03,37.01,10.1,Cash,99.77,51.42,48.35,48.46
490,6,49,3318,222,2,2025-11-18,295.68,5.5,Credit Card,558.96,355.66,203.3,36.37
491,6,74,3653,424,2,2025-08-23,185.64,4.9,Cash,353.17,203.92,149.25,42.26
492,8,116,3823,134,1,2025-07-10,93.96,9.2,Credit Card,85.33,36.91,48.42,56.74
493,10,71,3274,1283,4,2025-07-18,69.63,31.1,Debit Card,192.03,99.76,92.27,48.05
494,12,36,2126,213,1,2025-11-29,94.22,6.3,Credit Card,88.32,54.43,33.89,38.37
495,5,22,2042,249,1,2024-11-30,143.84,3.7,Debit Card,138.55,77.47,61.08,44.09
496,10,67,1233,131,5,2025-02-02,49.76,30.9,Credit Card,171.96,116.3,55.66,32.37
497,4,42,38,98,4,2025-05-19,128.86,4.4,Online,492.71,349.16,143.55,29.13
498,11,97,2916,114,1,2025-02-02,294.51,25.3,Cash,220.14,138.49,81.65,37.09
499,8,116,2548,238,2,2025-06-11,78.47,8.2,Online,144.06,77.14,66.92,46.45
500,10,15,4150,69,2,2024-11-14,7.93,23.5,Credit Card,12.13,9.56,2.57,21.19
501,8,57,1775,194,3,2025-11-18,37.24,11.9,Debit Card,98.38,66.36,32.02,32.55
502,11,97,2293,192,3,2024-12-30,237.48,33.9,Credit Card,470.84,483.63,-12.79,-2.72
503,3,115,3460,217,5,2025-02-06,126.25,11.6,Credit Card,557.76,311.75,246.01,44.11
504,2,103,4602,211,5,2025-11-21,191.63,3.9,Credit Card,921.06,1209.75,-288.69,-31.34
505,1,48,3813,138,5,2025-10-14,15.25,33.9,Credit Card,50.37,41.85,8.52,16.91
506,1,54,3031,184,3,2025-10-26,40.39,33.4,Cash,80.71,51.72,28.99,35.92
507,4,56,2355,1208,3,2025-09-28,200.63,4.1,Cash,576.98,304.32,272.66,47.26
508,10,55,2061,19,1,2025-04-08,195.06,30.1,Online,136.28,102.68,33.6,24.66
509,2,28,3314,44,1,2025-11-10,176.67,7.5,Credit Card,163.35,77.88,85.47,52.32
510,3,53,767,1287,2,2025-08-03,239.95,10.9,Cash,427.59,255.66,171.93,40.21
511,3,88,2493,136,5,2025-08-21,276.8,5.0,Credit Card,1315.15,599.55,715.6,54.41
512,7,7,2913,153,4,2025-09-06,33.45,8.9,Cash,121.91,66.64,55.27,45.34
513,6,99,1045,173,5,2024-11-24,170.99,5.4,Cash,808.51,379.15,429.36,53.11
514,11,12,2431,52,2,2025-01-22,75.15,27.6,Credit Card,108.87,86.88,21.99,20.2
515,5,47,1964,807,1,2024-10-31,225.99,10.8,Debit Card,201.56,81.46,120.1,59.59
516,9,25,1085,82,1,2025-08-06,150.47,5.6,Debit Card,142.09,53.28,88.81,62.5
517,4,1,4632,606,1,2024-10-27,216.47,7.2,Debit Card,200.81,151.89,48.92,24.36
518,12,102,217,117,4,2025-12-02,41.95,7.6,Cash,155.01,82.28,72.73,46.92
519,10,16,4375,547,5,2025-08-31,162.5,24.4,Credit Card,614.51,370.95,243.56,39.63
520,3,53,2032,1416,4,2024-12-26,23.19,10.2,Debit Card,83.31,53.4,29.91,35.9
521,7,95,1220,255,2,2024-11-29,287.22,4.1,Credit Card,550.92,378.46,172.46,31.3
522,7,5,4198,160,3,2025-08-05,113.2,7.8,Debit Card,313.04,239.13,73.91,23.61
523,2,28,1754,189,3,2025-11-05,281.01,4.3,Debit Card,806.96,515.49,291.47,36.12
524,9,6,2365,192,1,2025-05-10,189.98,4.6,Credit Card,181.19,115.23,65.96,36.4
525,8,9,4730,63,2,2025-07-19,19.17,7.4,Credit Card,35.49,26.54,8.95,25.22
526,1,68,2777,957,1,2025-08-18,288.77,28.6,Credit Card,206.24,156.75,49.49,24.0
527,2,28,3654,190,1,2025-06-15,33.13,3.8,Credit Card,31.88,14.71,17.17,53.86
528,11,12,892,654,1,2025-09-18,266.8,25.6,Online,198.54,122.99,75.55,38.05
529,2,114,4708,136,2,2025-01-25,236.2,7.3,Online,438.15,337.06,101.09,23.07
530,8,57,2750,179,4,2025-01-21,192.73,4.6,Credit Card,735.08,424.68,310.4,42.23
531,11,81,2274,1161,4,2025-07-03,289.27,24.3,Cash,875.45,739.0,136.45,15.59
532,3,53,1896,213,5,2024-10-10,295.58,10.8,Debit Card,1318.03,573.0,745.03,56.53
533,7,5,1795,177,3,2024-11-27,97.51,11.3,Cash,259.34,179.82,79.52,30.66
534,10,67,1040,157,5,2025-07-30,68.88,31.2,Credit Card,236.84,230.85,5.99,2.53
535,6,66,1009,1179,1,2025-04-09,54.58,11.9,Debit Card,48.09,32.55,15.54,32.31
536,2,28,1173,212,1,2025-05-31,7.25,9.3,Cash,6.57,3.17,3.4,51.75
537,9,37,2691,1132,1,2025-03-16,29.56,4.2,Credit Card,28.31,12.56,15.75,55.63
538,9,6,4545,151,4,2024-12-01,181.72,9.7,Online,656.7,285.52,371.18,56.52
539,7,84,4423,1435,2,2025-04-28,244.39,9.0,Cash,444.87,201.98,242.89,54.6
540,4,34,1514,252,1,2024-11-29,117.88,10.8,Cash,105.16,52.27,52.89,50.29
541,1,79,633,83,4,2025-08-25,67.32,23.3,Cash,206.48,162.76,43.72,21.17
542,8,116,1428,213,1,2024-12-13,52.49,8.3,Cash,48.14,20.65,27.49,57.1
543,9,6,2466,546,1,2025-07-15,202.69,6.6,Credit Card,189.41,105.06,84.35,44.53
544,8,57,4270,1164,1,2024-11-08,198.43,3.2,Debit Card,192.17,79.69,112.48,58.53
545,2,43,968,64,1,2025-02-23,230.71,8.4,Credit Card,211.28,145.52,65.76,31.12
546,7,5,3801,280,4,2024-10-24,220.65,11.5,Debit Card,780.7,586.4,194.3,24.89
547,10,75,2164,267,1,2024-10-02,254.89,31.3,Online,175.0,126.18,48.82,27.9
548,1,54,2982,165,1,2025-02-21,164.75,24.8,Cash,123.97,114.65,9.32,7.52
549,5,105,156,205,3,2025-12-09,69.44,6.7,Credit Card,194.37,140.25,54.12,27.84
550,8,112,293,153,2,2025-09-05,244.23,10.6,Credit Card,436.72,171.6,265.12,60.71
551,9,51,1177,152,2,2024-11-23,282.63,8.3,Credit Card,518.44,353.54,164.9,31.81
552,10,15,4011,267,1,2025-04-02,282.24,22.0,Debit Card,220.12,155.19,64.93,29.5
553,3,53,3988,31,3,2025-09-25,41.25,10.8,Credit Card,110.41,66.33,44.08,39.92
554,8,112,1441,241,5,2024-12-01,50.53,4.8,Cash,240.51,128.7,111.81,46.49
555,3,115,2209,163,4,2025-08-23,235.74,11.6,Credit Card,833.71,492.88,340.83,40.88
556,8,109,357,233,1,2025-09-03,24.08,11.7,Credit Card,21.27,9.54,11.73,55.15
557,11,63,295,1425,2,2025-08-29,10.74,24.0,Debit Card,16.33,7.56,8.77,53.7
558,5,92,2444,724,2,2025-04-06,278.75,5.7,Debit Card,525.99,212.84,313.15,59.54
559,7,95,2533,1085,1,2025-04-21,30.95,6.4,Online,28.98,19.99,8.99,31.02
560,11,64,4302,186,4,2025-01-09,127.35,32.2,Debit Card,345.4,182.0,163.4,47.31
561,12,108,3070,618,3,2025-09-12,212.83,4.5,Debit Card,609.53,432.0,177.53,29.13
562,12,108,4881,232,2,2024-10-20,59.74,3.4,Online,115.4,81.42,33.98,29.45
563,6,72,2112,299,5,2025-10-11,194.57,3.6,Cash,937.97,526.95,411.02,43.82
564,5,76,485,219,2,2024-12-03,258.24,8.5,Debit Card,472.37,269.16,203.21,43.02
565,2,73,3179,66,4,2025-02-04,50.14,11.7,Credit Card,177.06,97.32,79.74,45.04
566,9,6,321,1343,2,2025-01-06,35.32,3.8,Online,67.98,25.72,42.26,62.17
567,7,41,4099,620,3,2025-08-20,51.29,8.8,Credit Card,140.4,77.88,62.52,44.53
568,7,104,4073,302,1,2025-04-25,130.54,4.1,Credit Card,125.21,80.67,44.54,35.57
569,5,105,966,281,3,2025-12-07,91.88,8.2,Cash,253.06,168.3,84.76,33.49
570,3,14,2851,669,5,2024-12-25,119.81,7.0,Cash,557.19,240.65,316.54,56.81
571,9,27,4883,267,4,2025-07-09,85.83,3.3,Credit Card,331.94,162.24,169.7,51.12
572,10,101,2211,108,1,2025-05-30,65.67,28.2,Credit Card,47.12,31.15,15.97,33.89
573,11,12,1878,4,5,2024-11-30,217.15,31.2,Cash,746.9,520.65,226.25,30.29
574,8,30,2533,192,1,2025-06-12,30.95,4.8,Online,29.48,19.99,9.49,32.19
575,6,99,2714,282,1,2024-10-09,173.9,7.7,Credit Card,160.58,68.64,91.94,57.25
576,12,60,1802,186,3,2024-10-05,167.81,5.3,Debit Card,476.74,328.29,148.45,31.14
577,12,36,147,267,4,2025-03-07,280.48,11.3,Online,994.82,581.68,413.14,41.53
578,2,23,1781,495,1,2025-06-17,16.72,11.3,Online,14.82,9.49,5.33,35.96
579,7,19,874,930,1,2025-03-08,25.75,9.5,Credit Card,23.29,15.16,8.13,34.91
580,5,76,1144,150,1,2025-06-27,97.39,9.2,Credit Card,88.42,61.36,27.06,30.6
581,8,85,274,400,4,2025-07-08,266.68,8.0,Credit Card,981.73,438.08,543.65,55.38
582,6,49,3994,1176,3,2025-01-21,151.29,10.1,Cash,408.19,318.66,89.53,21.93
583,10,101,1841,77,2,2025-07-11,218.14,25.6,Debit Card,324.53,298.36,26.17,8.06
584,9,52,4168,572,5,2025-11-03,291.62,11.7,Online,1288.15,835.25,452.9,35.16
585,8,94,3358,1244,2,2025-01-20,295.84,10.3,Debit Card,530.86,324.7,206.16,38.84
586,7,104,4260,515,1,2025-08-29,80.05,4.2,Debit Card,76.67,52.34,24.33,31.73
587,1,17,1691,47,1,2025-06-22,255.15,33.1,Cash,170.81,151.72,19.09,11.18
588,10,67,1779,142,2,2024-12-05,287.83,32.8,Credit Card,386.91,344.24,42.67,11.03
589,9,51,4733,95,5,2024-10-23,55.86,7.8,Credit Card,257.51,192.9,64.61,25.09
590,8,30,361,1238,3,2025-07-31,68.51,7.9,Credit Card,189.28,81.9,107.38,56.73
591,1,17,340,1477,1,2025-03-10,32.11,25.9,Debit Card,23.81,20.33,3.48,14.62
592,1,82,1062,217,2,2025-11-16,117.56,32.2,Cash,159.38,151.46,7.92,4.97
593,3,115,2258,1189,3,2025-08-15,189.89,7.0,Cash,529.59,234.72,294.87,55.68
594,3,53,1527,68,3,2025-10-27,19.59,8.7,Credit Card,53.66,27.93,25.73,47.95
595,2,8,1900,2,1,2025-11-24,59.34,8.9,Online,54.08,40.18,13.9,25.7
596,11,81,1398,285,2,2025-01-31,293.88,24.9,Cash,441.14,377.84,63.3,14.35
597,8,109,1006,1463,2,2025-10-21,184.44,10.4,Credit Card,330.55,133.34,197.21,59.66
598,5,22,2347,282,1,2025-07-07,65.21,11.3,Debit Card,57.84,41.72,16.12,27.87
599,1,50,1393,1442,1,2025-11-10,242.53,33.7,Cash,160.73,141.38,19.35,12.04
600,1,68,4178,226,1,2025-08-31,87.34,28.2,Cash,62.71,34.72,27.99,44.63
601,2,89,1587,192,5,2024-10-24,256.32,5.1,Debit Card,1216.33,886.1,330.23,27.15
602,7,19,806,1289,3,2025-06-11,60.32,10.6,Debit Card,161.77,111.69,50.08,30.96
603,9,2,2139,25,4,2025-09-12,98.72,7.6,Debit Card,365.0,273.12,91.88,25.17
604,9,2,4168,164,1,2024-12-24,291.62,6.3,Credit Card,273.11,167.05,106.06,38.83
605,9,65,1033,222,4,2025-04-27,169.38,9.9,Debit Card,610.56,315.12,295.44,48.39
606,10,16,684,44,4,2025-04-04,203.95,28.6,Online,582.24,295.32,286.92,49.28
607,11,97,8,259,2,2024-11-04,275.57,22.2,Credit Card,428.66,345.68,82.98,19.36
608,6,74,1608,188,1,2025-06-04,71.69,7.9,Credit Card,66.02,46.82,19.2,29.08
609,11,63,2073,219,1,2025-11-14,232.48,31.0,Debit Card,160.42,86.0,74.42,46.39
610,12,108,4935,559,5,2025-07-29,264.19,5.9,Debit Card,1243.5,769.8,473.7,38.09
611,5,47,3594,36,5,2025-03-02,45.15,5.7,Credit Card,212.8,127.4,85.4,40.13
612,12,100,2928,1386,1,2025-05-01,201.81,3.8,Credit Card,194.05,123.31,70.74,36.45
613,10,38,3985,262,2,2025-06-05,123.22,24.9,Debit Card,184.98,105.54,79.44,42.95
614,10,117,4989,1017,4,2025-02-16,171.02,24.1,Credit Card,519.51,289.52,229.99,44.27
615,11,81,4280,160,5,2025-07-07,149.75,26.5,Credit Card,550.3,365.7,184.6,33.55
616,8,94,752,157,5,2024-12-17,211.84,5.1,Credit Card,1004.83,472.8,532.03,52.95
617,6,107,1321,1212,4,2025-11-12,133.2,7.0,Debit Card,495.49,253.48,242.01,48.84
618,8,85,1424,59,3,2025-08-25,171.63,4.4,Online,492.27,261.42,230.85,46.89
619,1,98,3225,52,4,2025-10-21,16.69,25.9,Credit Card,49.44,32.84,16.6,33.58
620,4,34,3614,592,1,2024-10-06,84.75,11.2,Debit Card,75.25,48.77,26.48,35.19
621,10,75,4541,234,1,2025-07-08,187.04,23.7,Credit Card,142.74,133.54,9.2,6.45
622,5,20,4570,652,2,2025-09-02,120.43,5.6,Credit Card,227.46,141.36,86.1,37.85
623,4,31,3404,217,1,2024-10-03,144.88,10.4,Debit Card,129.88,78.1,51.78,39.87
624,6,74,2346,106,1,2025-02-10,35.04,4.5,Online,33.48,18.45,15.03,44.89
625,7,62,4729,646,1,2025-11-20,271.77,4.2,Cash,260.25,161.08,99.17,38.11
626,11,97,4159,20,3,2025-07-31,151.01,31.5,Debit Card,310.27,312.51,-2.24,-0.72
627,11,63,3423,224,4,2024-11-24,215.72,30.7,Credit Card,598.36,425.88,172.48,28.83
628,8,116,4252,230,4,2025-05-09,91.39,9.3,Credit Card,331.56,158.4,173.16,52.23
629,8,57,3526,39,1,2025-11-24,237.39,8.2,Credit Card,217.91,106.16,111.75,51.28
630,5,119,4609,121,3,2025-07-19,297.87,4.7,Credit Card,851.51,537.36,314.15,36.89
631,8,57,4674,130,1,2025-10-16,191.28,7.8,Debit Card,176.42,70.39,106.03,60.1
632,12,100,1371,1179,2,2025-01-27,281.52,11.9,Debit Card,495.77,348.04,147.73,29.8
633,3,88,682,257,1,2025-02-02,134.09,10.4,Debit Card,120.1,90.52,29.58,24.63
634,12,60,3592,513,5,2025-11-13,276.39,11.9,Debit Card,1217.78,863.85,353.93,29.06
635,3,14,2994,28,2,2025-11-16,250.45,3.1,Debit Card,485.33,327.2,158.13,32.58
636,1,48,3850,52,1,2025-10-15,37.62,25.5,Online,28.04,24.76,3.28,11.7
637,10,39,2571,282,1,2025-11-23,115.75,28.0,Credit Card,83.38,79.35,4.03,4.83
638,1,79,4612,1006,3,2025-02-18,82.36,25.5,Debit Card,184.14,116.22,67.92,36.88
639,1,17,1694,27,1,2025-08-31,195.16,23.1,Cash,150.05,217.95,-67.9,-45.25
640,10,75,1408,1451,3,2025-10-04,200.96,26.8,Credit Card,441.33,381.09,60.24,13.65
641,11,44,1061,1157,1,2025-08-12,174.31,26.4,Cash,128.24,89.63,38.61,30.11
642,3,53,3943,1120,4,2025-07-10,244.85,5.2,Debit Card,928.43,675.16,253.27,27.28
643,8,80,1371,5,2,2024-12-14,281.52,7.7,Online,519.66,348.04,171.62,33.03
644,9,24,3473,204,3,2025-06-19,299.63,3.5,Debit Card,867.71,386.22,481.49,55.49
645,3,88,265,888,4,2024-11-25,82.15,5.5,Online,310.44,188.4,122.04,39.31
646,8,85,2671,776,1,2025-03-04,247.76,5.0,Debit Card,235.37,109.86,125.51,53.32
647,11,97,4614,173,1,2025-03-19,265.59,32.7,Online,178.81,174.83,3.98,2.23
648,10,67,749,1133,1,2025-05-13,145.37,29.9,Debit Card,101.94,103.42,-1.48,-1.45
649,1,4,4085,409,2,2024-11-07,196.68,31.3,Credit Card,270.16,278.84,-8.68,-3.21
650,3,88,4882,1482,5,2024-10-19,80.11,4.2,Credit Card,383.77,168.1,215.67,56.2
651,1,17,1038,168,5,2025-09-30,19.17,30.1,Debit Card,67.01,60.15,6.86,10.24
652,10,75,72,431,1,2025-05-02,18.91,25.3,Debit Card,14.12,9.53,4.59,32.51
653,9,52,4028,213,4,2025-09-24,228.98,4.2,Debit Card,877.11,467.0,410.11,46.76
654,3,14,2516,443,1,2025-02-18,242.08,3.5,Credit Card,233.7,105.84,127.86,54.71
655,10,55,3967,130,5,2024-12-07,263.36,31.8,Online,898.31,509.4,388.91,43.29
656,10,38,3319,192,2,2025-06-19,158.5,30.2,Cash,221.29,187.4,33.89,15.31
657,5,119,2897,1297,2,2025-11-17,226.79,5.1,Online,430.36,213.44,216.92,50.4
658,11,64,4149,145,5,2025-01-02,169.99,23.2,Credit Card,652.58,419.15,233.43,35.77
659,10,38,2097,363,2,2025-05-05,96.84,27.4,Credit Card,140.57,136.16,4.41,3.14
660,10,16,3970,1256,1,2024-10-15,19.72,22.4,Credit Card,15.3,13.01,2.29,14.97
661,7,104,912,241,1,2025-02-17,214.99,5.6,Cash,202.99,108.21,94.78,46.69
662,9,2,4731,586,3,2024-10-21,294.77,6.5,Debit Card,826.99,390.57,436.42,52.77
663,7,7,1005,745,5,2025-09-03,15.25,11.6,Cash,67.41,51.85,15.56,23.08
664,1,98,2458,273,3,2025-07-08,266.68,26.3,Cash,589.81,342.81,247.0,41.88
665,7,41,2571,190,3,2025-07-21,115.75,6.9,Cash,323.15,238.05,85.1,26.33
666,7,62,3169,926,1,2025-06-08,12.14,6.6,Debit Card,11.34,12.75,-1.41,-12.43
667,2,26,4493,278,2,2025-08-21,189.89,6.5,Credit Card,355.08,260.32,94.76,26.69
668,7,95,4763,59,1,2025-04-22,155.64,11.2,Debit Card,138.23,102.27,35.96,26.01
669,2,103,2572,1124,1,2024-11-18,14.54,10.0,Credit Card,13.09,5.48,7.61,58.14
670,1,29,4069,149,4,2024-10-29,93.16,29.5,Credit Card,262.8,150.68,112.12,42.66
671,9,6,1727,247,3,2025-03-19,254.25,5.9,Cash,717.97,396.39,321.58,44.79
672,10,33,3055,107,4,2025-07-05,148.57,28.2,Credit Card,426.48,291.92,134.56,31.55
673,10,33,1667,247,5,2025-06-08,292.31,27.7,Credit Card,1056.76,555.0,501.76,47.48
674,5,105,772,65,1,2025-01-03,56.45,3.9,Online,54.23,33.74,20.49,37.78
675,7,41,559,284,1,2025-07-31,217.05,6.7,Credit Card,202.57,112.9,89.67,44.27
676,10,33,2894,262,3,2024-10-28,6.22,24.4,Credit Card,14.1,12.0,2.1,14.89
677,6,77,4137,956,1,2025-05-27,267.87,10.7,Debit Card,239.16,185.58,53.58,22.4
678,8,80,1990,280,2,2025-02-28,190.79,10.7,Debit Card,340.84,235.2,105.64,30.99
679,10,15,221,205,3,2024-11-22,229.43,23.3,Debit Card,527.86,355.95,171.91,32.57
680,3,115,1424,234,2,2025-10-05,171.63,8.3,Debit Card,314.87,174.28,140.59,44.65
681,12,100,3405,315,1,2025-10-18,26.44,11.5,Credit Card,23.4,16.12,7.28,31.11
682,4,34,1250,1019,5,2025-10-18,116.1,3.7,Credit Card,559.07,275.8,283.27,50.67
683,2,32,594,21,5,2025-06-29,295.43,6.2,Online,1385.17,1043.25,341.92,24.68
684,5,105,4665,1280,2,2024-11-09,167.64,6.0,Debit Card,315.04,214.08,100.96,32.05
685,11,97,2601,42,2,2025-01-27,227.75,26.9,Cash,333.07,278.44,54.63,16.4
686,10,39,231,173,2,2025-09-18,95.88,27.1,Credit Card,139.75,118.64,21.11,15.11
687,11,63,4286,169,4,2024-11-08,115.74,30.7,Debit Card,320.62,294.64,25.98,8.1
688,1,118,932,266,4,2024-12-07,21.25,23.5,Online,65.06,59.6,5.46,8.39
689,5,47,2206,178,2,2025-06-19,231.86,3.4,Credit Card,447.76,256.66,191.1,42.68
690,8,9,1551,110,3,2025-07-30,190.72,6.5,Credit Card,535.21,210.09,325.12,60.75
691,12,102,4114,122,4,2025-02-16,78.34,8.6,Debit Card,286.42,162.88,123.54,43.13
692,11,12,733,1456,5,2025-06-23,247.78,26.1,Debit Card,915.67,442.1,473.57,51.72
693,6,66,1814,1010,2,2025-07-14,49.72,9.5,Debit Card,89.97,43.72,46.25,51.41
694,10,15,4407,917,1,2025-08-23,166.48,26.2,Credit Card,122.86,92.58,30.28,24.65
695,9,65,4189,210,1,2025-11-02,186.02,9.9,Online,167.69,104.55,63.14,37.65
696,6,77,4796,1309,4,2025-01-26,274.21,11.5,Credit Card,970.77,523.16,447.61,46.11
697,11,64,4204,32,2,2025-04-05,83.16,27.1,Credit Card,121.33,93.0,28.33,23.35
698,9,25,2677,63,3,2025-10-25,37.87,10.7,Cash,101.48,69.87,31.61,31.15
699,6,49,1664,124,3,2025-08-10,200.07,11.9,Cash,529.08,235.8,293.28,55.43
700,11,12,4440,426,1,2025-01-24,87.49,23.5,Online,66.91,36.16,30.75,45.96
701,3,14,2565,84,1,2025-10-02,167.25,3.1,Cash,162.01,93.92,68.09,42.03
702,11,12,4439,168,3,2024-10-18,245.69,30.0,Debit Card,516.13,432.15,83.98,16.27
703,12,100,2700,89,1,2024-11-02,23.64,7.8,Cash,21.79,12.09,9.7,44.52
704,3,21,3531,899,1,2025-11-18,89.26,9.1,Online,81.12,53.1,28.02,34.54
705,1,118,2627,1228,2,2024-12-23,179.41,26.6,Credit Card,263.46,200.98,62.48,23.72
706,10,55,2776,1052,2,2025-09-28,223.15,28.5,Debit Card,319.08,270.32,48.76,15.28
707,8,94,4393,14,2,2024-10-01,264.52,9.5,Credit Card,478.76,269.82,208.94,43.64
708,11,63,1759,159,4,2025-04-03,227.66,23.1,Debit Card,700.5,643.72,56.78,8.11
709,12,100,1288,413,2,2025-09-02,202.49,10.5,Credit Card,362.65,159.18,203.47,56.11
710,7,104,130,1,3,2025-04-05,271.25,9.0,Online,740.58,546.09,194.49,26.26
711,5,119,4701,740,2,2025-11-14,229.97,10.0,Cash,414.03,267.32,146.71,35.43
712,4,1,3002,1107,2,2025-03-30,277.96,8.9,Credit Card,506.17,260.68,245.49,48.5
713,12,102,4133,39,1,2025-02-23,194.37,4.0,Credit Card,186.65,110.49,76.16,40.8
714,3,115,1744,216,5,2025-01-10,214.82,4.4,Cash,1026.89,508.15,518.74,50.52
715,3,14,41,152,4,2024-10-24,175.14,4.5,Credit Card,668.84,377.92,290.92,43.5
716,9,106,2504,1341,2,2025-07-01,26.2,3.4,Cash,50.6,19.72,30.88,61.03
717,1,50,1060,163,1,2025-03-16,22.69,30.3,Credit Card,15.81,16.03,-0.22,-1.39
718,4,70,3278,291,1,2025-05-27,102.86,8.0,Debit Card,94.59,71.96,22.63,23.92
719,9,6,1100,5,3,2025-04-25,111.58,3.5,Cash,322.89,235.2,87.69,27.16
720,9,61,4699,1010,2,2025-11-24,267.47,5.6,Online,505.24,342.02,163.22,32.31
721,10,38,2835,15,2,2024-12-29,215.25,29.8,Debit Card,302.18,226.9,75.28,24.91
722,9,61,310,285,5,2025-11-20,78.93,4.8,Online,375.71,199.8,175.91,46.82
723,12,60,4429,723,3,2025-04-30,68.11,4.8,Online,194.57,90.33,104.24,53.57
724,3,46,2973,199,2,2024-12-09,220.39,10.4,Debit Card,394.75,212.26,182.49,46.23
725,5,40,1913,16,2,2024-12-30,70.34,7.9,Cash,129.51,72.68,56.83,43.88
726,11,97,2883,1203,1,2025-02-04,106.9,27.2,Debit Card,77.85,54.24,23.61,30.33
727,4,34,4360,184,3,2024-12-11,75.1,7.9,Online,207.41,93.21,114.2,55.06
728,10,39,4285,234,1,2025-07-22,163.28,27.6,Online,118.25,99.18,19.07,16.13
729,4,1,696,940,1,2024-12-25,90.38,11.6,Debit Card,79.93,34.77,45.16,56.5
730,4,42,122,483,3,2024-11-06,86.98,4.8,Cash,248.38,138.3,110.08,44.32
731,6,99,974,163,1,2024-11-07,57.69,9.0,Credit Card,52.51,22.98,29.53,56.24
732,12,102,4743,271,1,2025-03-11,133.16,11.2,Credit Card,118.22,53.54,64.68,54.71
733,8,116,2673,47,5,2025-05-28,270.56,9.5,Online,1224.36,896.95,327.41,26.74
734,3,88,3989,241,1,2025-11-16,160.8,6.5,Credit Card,150.37,72.29,78.08,51.93
735,2,11,735,215,1,2024-10-30,114.09,9.7,Online,103.0,47.31,55.69,54.07
736,8,109,3463,780,3,2025-05-18,200.2,5.1,Credit Card,570.02,252.51,317.51,55.7
737,9,27,1955,900,4,2024-11-10,211.11,9.5,Cash,764.62,488.84,275.78,36.07
738,7,84,1960,1117,1,2025-10-13,57.02,10.1,Cash,51.27,27.82,23.45,45.74
739,4,34,4098,1072,5,2025-05-11,155.98,6.4,Cash,730.12,956.25,-226.13,-30.97
740,7,62,1974,1496,5,2025-06-21,207.46,8.0,Online,954.37,640.9,313.47,32.85
741,12,36,2403,623,1,2025-06-08,221.44,8.1,Credit Card,203.55,280.34,-76.79,-37.73
742,12,18,3152,363,1,2025-06-21,208.28,8.0,Debit Card,191.61,134.88,56.73,29.61
743,12,18,2762,74,5,2025-01-09,54.22,4.8,Credit Card,258.08,300.25,-42.17,-16.34
744,2,10,12,235,1,2024-10-09,18.71,8.7,Debit Card,17.09,6.79,10.3,60.27
745,3,46,1037,216,2,2025-05-23,108.58,6.7,Debit Card,202.7,253.78,-51.08,-25.2
746,10,15,4463,704,4,2025-09-19,226.86,25.3,Credit Card,677.59,343.64,333.95,49.28
747,2,28,4397,138,2,2025-03-02,171.56,3.5,Credit Card,331.11,171.78,159.33,48.12
748,8,116,2529,1113,5,2025-10-28,134.52,10.4,Credit Card,602.57,388.9,213.67,35.46
749,2,103,4201,110,1,2024-12-03,155.8,9.8,Credit Card,140.48,106.09,34.39,24.48
750,10,16,3654,242,3,2025-06-16,33.13,25.6,Online,73.97,44.13,29.84,40.34
751,7,19,2336,1334,2,2025-09-23,73.01,7.3,Credit Card,135.36,53.9,81.46,60.18
752,2,43,3411,172,2,2024-10-27,47.45,8.5,Online,86.81,58.3,28.51,32.84
753,2,69,2078,684,2,2025-02-03,213.58,3.6,Debit Card,411.91,249.74,162.17,39.37
754,10,71,3109,168,1,2024-12-13,273.51,33.3,Debit Card,182.42,165.79,16.63,9.12
755,3,14,2670,258,1,2024-12-05,32.11,9.8,Credit Card,28.98,21.79,7.19,24.81
756,3,115,3666,827,2,2025-01-25,13.37,5.5,Cash,25.27,18.12,7.15,28.29
757,6,78,3426,944,5,2025-09-03,44.84,4.0,Debit Card,215.21,142.25,72.96,33.9
758,10,67,580,1028,2,2024-11-28,170.29,22.1,Cash,265.19,199.8,65.39,24.66
759,4,56,263,50,1,2025-03-17,169.82,7.1,Credit Card,157.8,96.15,61.65,39.07
760,9,120,2672,1065,2,2025-07-07,5.85,10.9,Credit Card,10.43,5.72,4.71,45.16
761,10,67,4178,74,4,2025-02-28,87.34,28.6,Cash,249.37,138.88,110.49,44.31
762,5,119,2859,137,4,2025-11-29,43.49,9.0,Online,158.3,96.72,61.58,38.9
763,8,116,2019,1414,1,2025-06-10,49.65,6.9,Credit Card,46.24,17.93,28.31,61.22
764,10,55,46,73,2,2025-08-05,117.58,25.7,Credit Card,174.68,161.9,12.78,7.32
765,3,14,3715,126,5,2025-08-01,113.52,10.2,Cash,509.54,350.05,159.49,31.3
766,11,81,931,168,1,2025-04-12,129.82,26.2,Online,95.76,89.23,6.53,6.82
767,9,24,1783,919,1,2024-11-30,33.94,6.0,Cash,31.89,21.41,10.48,32.86
768,4,56,248,161,1,2024-12-03,119.59,7.2,Cash,110.93,55.32,55.61,50.13
769,3,14,4944,978,1,2025-11-22,57.99,8.8,Credit Card,52.88,23.14,29.74,56.24
770,9,2,3227,103,4,2025-07-10,95.93,7.5,Credit Card,354.91,267.48,87.43,24.63
771,4,31,1356,304,2,2024-12-03,269.39,3.8,Debit Card,518.55,216.3,302.25,58.29
772,6,72,1989,1380,2,2025-10-02,182.9,8.8,Debit Card,333.55,220.06,113.49,34.02
773,11,81,4149,21,1,2025-08-12,169.99,28.3,Credit Card,121.83,83.83,38.0,31.19
774,12,60,1219,1226,3,2025-07-18,127.72,10.6,Debit Card,342.67,227.34,115.33,33.66
775,7,41,1739,83,1,2024-11-22,41.69,3.7,Credit Card,40.13,21.21,18.92,47.15
776,1,29,4391,291,3,2025-04-18,186.99,26.7,Debit Card,410.96,239.4,171.56,41.75
777,1,50,1670,25,1,2025-10-13,139.51,23.8,Online,106.32,87.47,18.85,17.73
778,2,10,1788,286,1,2025-06-13,142.02,9.7,Online,128.29,64.98,63.31,49.35
779,10,33,3214,346,5,2025-02-01,228.52,24.7,Online,860.51,641.05,219.46,25.5
780,11,12,1520,923,2,2024-12-10,143.79,22.4,Debit Card,223.19,183.98,39.21,17.57
781,2,73,234,209,2,2025-02-18,124.59,3.2,Cash,241.25,156.36,84.89,35.19
782,11,12,4624,1248,3,2025-01-23,94.8,26.5,Credit Card,208.94,190.44,18.5,8.85
783,4,70,371,186,4,2024-12-16,14.91,3.0,Cash,57.85,28.52,29.33,50.7
784,1,29,1731,46,2,2025-08-05,139.63,32.7,Debit Card,187.83,200.5,-12.67,-6.75
785,10,90,643,194,4,2024-10-17,224.52,27.9,Cash,647.58,374.4,273.18,42.18
786,11,44,32,154,3,2025-04-03,119.5,28.6,Credit Card,256.08,187.71,68.37,26.7
787,7,104,3504,224,4,2025-08-12,254.59,4.4,Credit Card,973.4,709.92,263.48,27.07
788,6,74,3780,100,3,2025-11-03,251.54,5.6,Credit Card,712.47,541.56,170.91,23.99
789,6,107,1515,186,2,2024-12-17,240.76,5.4,Cash,455.68,271.24,184.44,40.48
790,9,52,2442,1159,2,2025-10-10,83.55,10.5,Debit Card,149.59,93.1,56.49,37.76
791,4,34,2689,458,1,2025-11-07,19.82,4.5,Credit Card,18.93,12.45,6.48,34.23
792,8,57,767,100,1,2025-03-12,239.95,7.5,Debit Card,221.98,127.83,94.15,42.41
793,2,89,4574,27,4,2025-02-23,53.24,3.6,Cash,205.25,107.88,97.37,47.44
794,8,30,2547,109,2,2024-10-17,51.02,6.7,Cash,95.21,64.26,30.95,32.51
795,10,87,4779,205,1,2025-09-05,62.09,27.3,Debit Card,45.12,38.14,6.98,15.47
796,12,100,534,184,5,2025-03-02,209.14,7.6,Debit Card,965.72,1260.45,-294.73,-30.52
797,6,78,1449,1046,2,2025-07-20,255.16,5.3,Debit Card,483.13,238.9,244.23,50.55
798,8,85,3495,293,1,2025-11-11,228.84,6.7,Cash,213.58,138.29,75.29,35.25
799,3,53,3557,1028,5,2025-02-28,48.26,8.0,Credit Card,221.99,119.8,102.19,46.03
800,4,1,74,1497,5,2024-11-15,142.51,11.1,Online,633.14,412.35,220.79,34.87
801,6,77,2955,146,3,2025-04-30,78.53,10.5,Debit Card,210.76,167.1,43.66,20.72
802,1,82,892,239,1,2025-02-12,266.8,32.6,Debit Card,179.69,122.99,56.7,31.55
803,1,59,727,617,1,2024-12-26,274.11,27.2,Cash,199.67,135.89,63.78,31.94
804,12,60,4502,256,1,2025-08-14,212.6,4.8,Credit Card,202.43,141.97,60.46,29.87
805,8,116,2565,164,1,2025-11-11,167.25,3.9,Online,160.72,93.92,66.8,41.56
806,6,66,3071,949,5,2024-12-30,140.59,7.6,Cash,649.69,323.25,326.44,50.25
807,11,63,2710,1178,5,2025-05-01,99.7,31.0,Online,343.72,178.3,165.42,48.13
808,4,34,4431,140,2,2025-02-26,109.27,9.2,Cash,198.44,113.58,84.86,42.76
809,5,92,2398,141,5,2025-08-10,76.97,11.6,Credit Card,340.18,215.2,124.98,36.74
810,7,19,3788,284,1,2025-12-08,121.36,8.1,Credit Card,111.52,80.67,30.85,27.66
811,8,91,3458,950,3,2025-03-05,279.43,9.5,Cash,759.01,437.82,321.19,42.32
812,10,67,231,260,2,2025-01-09,95.88,31.0,Debit Card,132.28,118.64,13.64,10.31
813,7,19,1411,31,3,2024-12-05,200.58,10.3,Debit Card,539.48,365.31,174.17,32.28
814,7,41,2084,148,5,2025-09-14,181.74,10.7,Credit Card,811.4,432.3,379.1,46.72
815,7,104,1017,252,2,2025-10-05,155.62,11.0,Debit Card,277.12,165.28,111.84,40.36
816,4,56,4083,711,5,2024-10-09,253.63,10.8,Cash,1131.31,1474.55,-343.24,-30.34
817,5,92,1461,825,3,2024-11-04,46.21,5.8,Cash,130.59,76.23,54.36,41.63
818,10,15,3151,757,5,2025-05-19,152.27,28.0,Credit Card,548.34,419.8,128.54,23.44
819,7,5,1470,48,1,2025-10-02,251.79,5.8,Cash,237.23,94.74,142.49,60.06
820,3,88,2375,348,1,2024-11-30,46.41,10.9,Debit Card,41.35,49.01,-7.66,-18.52
821,5,113,2106,213,2,2024-12-07,221.01,11.2,Credit Card,392.62,291.64,100.98,25.72
822,7,62,3617,157,2,2025-10-17,235.35,9.1,Cash,428.02,237.52,190.5,44.51
823,2,110,4273,983,2,2025-07-06,102.84,5.0,Online,195.44,112.92,82.52,42.22
824,7,5,1958,180,2,2025-10-25,192.8,4.0,Online,370.12,231.86,138.26,37.36
825,6,49,179,92,3,2025-01-08,258.75,11.1,Debit Card,689.78,421.05,268.73,38.96
826,8,116,58,588,1,2025-10-31,99.36,6.2,Cash,93.19,71.19,22.0,23.61
827,7,5,4477,68,1,2025-08-11,113.78,8.8,Debit Card,103.71,47.69,56.02,54.02
828,4,1,2858,147,2,2025-08-17,246.65,10.4,Cash,442.23,183.94,258.29,58.41
829,5,22,4317,223,5,2025-03-16,270.53,9.0,Credit Card,1230.67,743.15,487.52,39.61
830,11,97,1144,71,3,2025-07-24,97.39,29.9,Credit Card,204.94,184.08,20.86,10.18
831,10,90,4268,144,1,2024-10-03,106.32,27.2,Debit Card,77.36,74.58,2.78,3.59
832,10,16,4015,425,2,2025-02-03,242.21,31.0,Cash,334.28,252.62,81.66,24.43
833,6,77,2311,279,4,2024-11-11,104.83,8.5,Debit Card,383.48,246.28,137.2,35.78
834,2,45,2309,1033,5,2025-03-20,82.6,7.8,Cash,380.78,279.8,100.98,26.52
835,10,90,2788,71,4,2025-01-28,127.94,32.3,Debit Card,346.25,260.68,85.57,24.71
836,6,107,4727,1092,1,2025-05-01,261.31,11.4,Credit Card,231.41,133.11,98.3,42.48
837,10,38,2381,38,3,2025-04-12,217.81,32.7,Cash,439.88,259.74,180.14,40.95
838,9,37,1509,731,5,2025-01-04,29.2,7.4,Debit Card,135.13,78.5,56.63,41.91
839,8,80,3173,104,2,2025-07-12,49.14,11.3,Online,87.13,36.84,50.29,57.72
840,12,108,3867,1210,5,2025-03-24,143.03,4.3,Online,684.39,359.55,324.84,47.46
841,5,92,1714,21,1,2025-05-13,167.6,8.0,Credit Card,154.19,109.64,44.55,28.89
842,5,40,962,291,2,2025-11-14,183.59,7.6,Credit Card,339.36,128.88,210.48,62.02
843,11,64,889,7,3,2025-06-10,88.92,23.2,Debit Card,204.91,146.49,58.42,28.51
844,10,75,1647,709,2,2025-02-20,237.8,26.0,Online,351.92,233.46,118.46,33.66
845,12,18,2982,17,1,2025-07-28,164.75,11.6,Debit Card,145.6,114.65,30.95,21.26
846,10,67,1720,682,5,2025-04-19,132.04,25.5,Credit Card,491.59,401.8,89.79,18.27
847,2,35,2495,926,4,2025-08-13,67.6,7.8,Credit Card,249.2,119.72,129.48,51.96
848,10,101,454,1187,2,2025-11-08,176.48,32.2,Cash,239.48,146.92,92.56,38.65
849,3,46,3635,180,2,2025-08-01,147.65,6.1,Credit Card,277.41,157.9,119.51,43.08
850,12,36,2782,272,3,2025-07-10,197.78,6.0,Cash,557.82,250.35,307.47,55.12
851,9,106,2363,701,2,2025-05-22,261.85,6.1,Credit Card,491.76,351.58,140.18,28.51
852,7,62,1792,963,1,2025-04-11,94.21,8.2,Credit Card,86.51,53.12,33.39,38.6
853,11,12,2896,849,2,2025-06-22,219.93,29.7,Credit Card,309.25,471.48,-162.23,-52.46
854,8,9,2740,1044,2,2025-10-15,293.62,7.2,Credit Card,545.09,379.78,165.31,30.33
855,11,64,3977,1193,5,2025-08-03,68.63,26.8,Cash,251.2,193.1,58.1,23.13
856,9,51,503,451,3,2025-11-26,283.11,8.4,Credit Card,778.12,398.55,379.57,48.78
857,3,46,832,87,2,2024-12-23,258.16,5.3,Credit Card,489.11,199.28,289.83,59.26
858,5,113,4744,1001,2,2025-10-12,51.73,10.3,Credit Card,92.76,67.86,24.9,26.84
859,4,42,1457,232,1,2025-02-24,292.08,8.0,Cash,268.8,359.72,-90.92,-33.82
860,4,34,2906,26,5,2025-03-21,103.08,5.4,Debit Card,487.71,360.0,127.71,26.19
861,5,40,2185,379,5,2025-06-24,203.64,4.5,Debit Card,971.92,537.05,434.87,44.74
862,5,22,268,683,4,2025-10-17,115.5,9.9,Cash,416.3,332.12,84.18,20.22
863,4,1,92,229,3,2025-08-30,21.16,7.7,Credit Card,58.57,76.44,-17.87,-30.51
864,6,99,1733,254,4,2025-05-05,19.2,4.7,Credit Card,73.22,31.48,41.74,57.01
865,7,62,1905,275,2,2024-12-15,197.36,10.5,Cash,353.1,220.98,132.12,37.42
866,8,91,2285,127,5,2025-12-03,108.58,9.3,Credit Card,492.37,276.6,215.77,43.82
867,3,88,2422,187,1,2025-02-12,166.87,5.9,Cash,156.95,78.06,78.89,50.26
868,4,1,275,921,1,2025-02-08,183.25,5.5,Cash,173.17,128.92,44.25,25.55
869,1,82,520,15,1,2025-09-24,263.49,26.3,Debit Card,194.28,131.04,63.24,32.55
870,1,48,1638,279,4,2025-06-11,248.76,22.2,Credit Card,774.6,488.64,285.96,36.92
871,5,113,1042,16,1,2025-08-14,289.97,11.5,Debit Card,256.63,362.23,-105.6,-41.15
872,1,118,3115,101,2,2025-06-14,258.79,32.6,Cash,348.64,256.66,91.98,26.38
873,9,52,410,187,1,2024-10-15,123.62,6.6,Online,115.41,77.38,38.03,32.95
874,12,36,1999,94,4,2025-12-02,209.16,3.8,Debit Card,804.51,547.0,257.51,32.01
875,3,115,1038,1046,1,2024-10-11,19.17,6.1,Debit Card,18.01,12.03,5.98,33.2
876,10,16,1917,1111,1,2025-10-20,46.18,31.6,Credit Card,31.61,25.01,6.6,20.88
877,9,120,1794,77,4,2025-06-16,232.73,5.3,Cash,881.24,381.08,500.16,56.76
878,5,22,4294,1178,1,2025-02-27,235.35,3.9,Credit Card,226.16,152.48,73.68,32.58
879,2,114,1737,115,2,2025-12-01,139.8,3.9,Credit Card,268.66,171.86,96.8,36.03
880,9,52,2232,7,2,2025-02-11,132.35,11.4,Credit Card,234.4,178.82,55.58,23.71
881,7,41,1386,711,5,2024-10-22,146.95,10.2,Debit Card,660.16,379.1,281.06,42.57
882,11,12,4885,260,4,2025-01-17,194.55,27.4,Debit Card,564.65,441.16,123.49,21.87
883,6,107,4090,250,2,2025-08-02,13.26,9.4,Online,24.02,10.82,13.2,54.95
884,1,68,1739,2,1,2025-07-11,41.69,22.5,Cash,32.31,21.21,11.1,34.35
885,3,53,3954,1436,1,2025-08-30,87.13,5.3,Debit Card,82.53,51.56,30.97,37.53
886,5,119,1248,998,4,2025-05-26,25.23,9.2,Cash,91.63,66.0,25.63,27.97
887,5,105,424,1403,3,2025-05-12,189.52,8.6,Debit Card,519.55,280.77,238.78,45.96
888,5,40,1947,122,3,2025-10-13,58.58,8.6,Credit Card,160.58,64.47,96.11,59.85
889,3,88,4866,312,2,2024-10-29,26.76,6.4,Cash,50.11,33.24,16.87,33.67
890,12,36,4237,741,2,2025-10-24,199.43,5.9,Credit Card,375.32,202.38,172.94,46.08
891,11,44,2436,911,1,2025-09-29,275.21,32.7,Debit Card,185.19,139.07,46.12,24.9
892,4,34,1306,846,1,2025-11-23,235.49,5.6,Online,222.36,138.18,84.18,37.86
893,6,66,2135,287,4,2025-02-16,244.2,3.8,Debit Card,940.03,623.32,316.71,33.69
894,3,14,1812,16,2,2025-06-14,88.98,4.8,Debit Card,169.4,115.36,54.04,31.9
895,8,94,4281,1482,3,2025-10-03,139.99,3.4,Debit Card,405.64,175.35,230.29,56.77
896,11,44,4800,58,1,2025-06-20,158.83,25.5,Credit Card,118.33,59.21,59.12,49.96
897,3,115,201,91,4,2025-10-22,276.76,5.6,Cash,1045.53,752.36,293.17,28.04
898,4,1,4783,974,2,2024-10-31,223.56,6.1,Debit Card,419.73,193.78,225.95,53.83
899,11,12,2601,51,1,2025-10-22,227.75,26.3,Credit Card,167.85,139.22,28.63,17.06
900,6,77,957,107,1,2025-06-30,67.29,10.2,Cash,60.4,27.05,33.35,55.22
901,7,62,1120,11,1,2024-10-18,60.74,7.6,Online,56.12,42.59,13.53,24.11
902,3,115,2113,79,4,2024-12-18,240.65,8.9,Credit Card,876.66,417.56,459.1,52.37
903,9,120,1353,477,1,2025-06-10,279.53,4.6,Credit Card,266.8,106.88,159.92,59.94
904,5,92,4392,181,4,2025-10-10,165.71,7.9,Cash,610.67,296.28,314.39,51.48
905,5,40,723,68,3,2025-01-25,134.15,10.2,Debit Card,361.29,212.64,148.65,41.14
906,9,24,2216,132,4,2025-09-20,263.8,4.4,Cash,1008.61,701.28,307.33,30.47
907,3,53,3300,762,1,2025-09-01,196.06,10.0,Credit Card,176.41,76.99,99.42,56.36
908,2,110,822,279,1,2025-01-13,63.74,7.0,Debit Card,59.27,41.1,18.17,30.66
909,3,53,1506,239,1,2025-01-02,25.05,4.8,Cash,23.85,17.44,6.41,26.88
910,5,40,3479,24,3,2025-01-07,35.53,3.5,Credit Card,102.9,63.39,39.51,38.4
911,7,95,3128,256,1,2025-06-01,195.63,11.6,Cash,172.93,102.67,70.26,40.63
912,7,84,1856,241,2,2025-02-22,258.16,4.6,Credit Card,492.74,314.72,178.02,36.13
913,3,115,349,222,4,2025-08-31,263.46,10.3,Cash,945.59,1178.12,-232.53,-24.59
914,10,101,215,244,1,2025-03-19,120.02,32.7,Cash,80.77,68.97,11.8,14.61
915,9,61,687,38,1,2025-05-30,71.05,11.3,Cash,63.03,28.36,34.67,55.01
916,8,116,1194,1300,5,2025-07-10,9.22,10.4,Debit Card,41.31,54.0,-12.69,-30.72
917,5,40,1947,154,4,2025-07-13,58.58,5.2,Debit Card,222.19,85.96,136.23,61.31
918,2,26,347,458,1,2025-11-18,115.92,11.9,Debit Card,102.11,72.38,29.73,29.12
919,10,75,731,180,3,2025-06-09,165.37,28.8,Cash,353.24,188.16,165.08,46.73
920,10,87,3735,164,3,2024-12-08,16.23,27.7,Cash,35.22,32.55,2.67,7.58
921,4,34,4693,675,1,2025-04-11,180.56,11.9,Online,159.13,89.14,69.99,43.98
922,8,112,4423,210,2,2024-10-04,244.39,5.8,Online,460.66,201.98,258.68,56.15
923,8,57,1399,348,3,2025-02-16,58.08,9.7,Debit Card,157.32,67.41,89.91,57.15
924,1,3,3796,138,5,2025-04-04,5.32,27.4,Credit Card,19.32,14.5,4.82,24.95
925,1,79,3068,133,1,2025-02-18,155.28,28.4,Credit Card,111.15,65.34,45.81,41.21
926,4,34,3448,100,2,2025-06-23,112.32,6.7,Online,209.55,80.9,128.65,61.39
927,6,77,32,151,5,2025-09-29,119.5,5.9,Debit Card,562.0,312.85,249.15,44.33
928,3,14,3510,33,2,2025-05-04,166.1,3.9,Credit Card,319.41,232.1,87.31,27.33
929,1,29,2112,39,1,2025-07-01,194.57,23.6,Credit Card,148.69,105.39,43.3,29.12
930,4,31,4806,1059,2,2024-12-26,220.47,11.5,Credit Card,390.27,190.06,200.21,51.3
931,11,63,3829,140,1,2025-01-13,21.98,25.2,Cash,16.44,15.67,0.77,4.68
932,6,78,594,270,4,2025-03-19,295.43,4.4,Debit Card,1130.0,834.6,295.4,26.14
933,12,93,1010,249,1,2025-01-15,63.25,7.3,Credit Card,58.62,23.81,34.81,59.38
934,5,40,886,403,1,2025-01-07,289.33,9.6,Online,261.52,203.59,57.93,22.15
935,1,3,578,444,5,2025-03-21,254.27,22.2,Credit Card,988.66,709.85,278.81,28.2
936,4,31,2926,184,2,2025-08-14,97.37,9.6,Credit Card,176.02,106.36,69.66,39.58
937,6,99,4031,67,2,2025-09-12,171.75,4.4,Debit Card,328.27,222.2,106.07,32.31
938,12,36,3028,89,2,2025-08-31,82.38,11.3,Debit Card,146.1,90.78,55.32,37.86
939,10,67,2684,180,2,2025-03-01,248.46,33.0,Debit Card,332.8,199.62,133.18,40.02
940,6,72,1194,281,4,2025-07-13,9.22,9.3,Credit Card,33.47,43.2,-9.73,-29.07
941,6,77,2936,343,2,2024-11-10,64.09,5.5,Credit Card,121.08,53.84,67.24,55.53
942,9,37,1480,1298,1,2025-06-10,202.12,8.7,Cash,184.49,224.26,-39.77,-21.56
943,8,57,2650,153,1,2024-12-06,208.55,7.7,Debit Card,192.4,106.57,85.83,44.61
944,7,104,4286,55,2,2024-10-24,115.74,4.8,Cash,220.39,147.32,73.07,33.15
945,10,55,4554,269,5,2025-07-15,125.08,32.7,Credit Card,420.69,725.35,-304.66,-72.42
946,4,34,4553,34,1,2025-02-09,56.22,8.7,Debit Card,51.31,26.91,24.4,47.55
947,3,115,3719,83,2,2024-10-01,155.4,6.0,Debit Card,292.13,173.0,119.13,40.78
948,3,21,2145,278,2,2024-10-21,113.59,8.5,Online,207.93,145.3,62.63,30.12
949,3,88,2091,1274,1,2025-10-27,140.78,10.8,Cash,125.55,71.74,53.81,42.86
950,10,101,881,98,1,2025-07-29,240.45,29.4,Credit Card,169.65,127.0,42.65,25.14
951,5,105,3085,182,3,2025-02-17,272.08,6.8,Online,761.01,580.86,180.15,23.67
952,6,66,3042,222,4,2025-02-06,73.88,8.8,Credit Card,269.45,144.0,125.45,46.56
953,12,108,3211,1361,1,2025-11-10,157.98,6.1,Credit Card,148.41,55.64,92.77,62.51
954,12,36,4591,707,1,2025-04-24,8.55,8.0,Debit Card,7.87,3.92,3.95,50.19
955,12,108,2288,167,1,2025-03-05,10.71,6.8,Debit Card,9.98,4.98,5.0,50.1
956,4,34,4573,136,2,2025-04-18,110.3,5.0,Debit Card,209.52,80.94,128.58,61.37
957,10,90,1275,260,5,2024-12-03,77.38,26.8,Credit Card,283.07,142.2,140.87,49.77
958,12,60,2011,191,2,2025-11-28,183.7,7.4,Credit Card,340.34,168.9,171.44,50.37
959,1,54,2265,351,2,2025-01-09,34.54,29.0,Debit Card,49.01,39.98,9.03,18.42
960,7,5,1647,268,4,2025-05-05,237.8,8.4,Online,871.01,466.92,404.09,46.39
961,12,93,2152,17,1,2024-11-24,204.48,11.2,Debit Card,181.53,117.87,63.66,35.07
962,7,41,1919,38,3,2025-09-08,232.3,7.1,Credit Card,647.31,454.23,193.08,29.83
963,10,55,3470,68,2,2025-08-12,223.12,27.3,Online,324.62,299.02,25.6,7.89
964,1,98,3086,453,1,2025-01-16,85.65,32.4,Credit Card,57.93,31.63,26.3,45.4
965,3,88,1774,1432,2,2025-05-17,279.55,8.4,Online,512.19,348.64,163.55,31.93
966,10,15,2935,227,1,2024-11-10,17.77,28.9,Credit Card,12.63,10.0,2.63,20.82
967,6,77,1404,75,2,2025-04-26,41.34,9.3,Credit Card,74.97,46.7,28.27,37.71
968,4,56,1176,331,1,2024-11-28,212.09,4.3,Debit Card,203.06,236.31,-33.25,-16.37
969,5,105,3420,377,1,2025-11-24,139.25,8.5,Cash,127.43,62.95,64.48,50.6
970,9,61,4142,768,1,2025-07-16,120.04,8.0,Debit Card,110.4,56.23,54.17,49.07
971,10,75,2509,630,3,2025-09-30,23.74,31.4,Credit Card,48.89,37.17,11.72,23.97
972,9,2,1040,564,3,2025-05-10,68.88,9.3,Credit Card,187.34,138.51,48.83,26.06
973,6,77,3669,675,5,2024-11-14,204.7,10.2,Debit Card,918.93,378.0,540.93,58.87
974,1,29,4311,958,2,2025-10-12,76.57,23.7,Debit Card,116.85,101.26,15.59,13.34
975,6,96,2508,1187,1,2024-12-14,20.36,3.3,Cash,19.69,9.7,9.99,50.74
976,2,23,169,2,1,2024-11-19,41.76,7.7,Credit Card,38.55,22.94,15.61,40.49
977,7,7,4630,499,2,2024-11-16,139.11,4.6,Credit Card,265.53,136.02,129.51,48.77
978,2,103,4917,1324,1,2025-01-27,135.63,3.3,Credit Card,131.18,74.35,56.83,43.32
979,2,83,2805,774,1,2025-03-21,81.55,6.8,Credit Card,76.04,39.89,36.15,47.54
980,8,80,4335,41,2,2025-09-09,47.19,8.0,Online,86.79,47.76,39.03,44.97
981,11,44,1854,709,5,2024-11-02,45.43,33.1,Debit Card,151.93,145.55,6.38,4.2
982,8,80,2093,127,1,2025-08-28,21.18,6.3,Online,19.85,9.68,10.17,51.23
983,5,40,4861,93,1,2025-07-04,103.4,4.9,Debit Card,98.32,70.0,28.32,28.8
984,6,77,94,102,2,2025-03-23,252.06,6.0,Cash,474.12,277.46,196.66,41.48
985,11,44,4830,1417,2,2025-05-13,275.48,23.4,Credit Card,422.21,243.06,179.15,42.43
986,7,95,195,478,3,2025-04-19,234.28,9.0,Debit Card,639.28,435.39,203.89,31.89
987,9,106,4856,1434,5,2025-11-19,157.92,8.7,Credit Card,720.71,499.35,221.36,30.71
988,7,7,4608,1042,1,2024-12-01,11.99,7.8,Cash,11.06,6.8,4.26,38.52
989,9,61,439,1275,5,2025-10-13,61.44,5.3,Cash,290.92,139.8,151.12,51.95
990,5,76,671,278,1,2025-05-10,30.82,8.1,Credit Card,28.34,21.33,7.01,24.74
991,1,82,1462,175,1,2025-06-29,270.38,31.0,Debit Card,186.5,116.94,69.56,37.3
992,4,31,4622,716,1,2025-06-25,39.36,11.1,Debit Card,35.01,21.25,13.76,39.3
993,7,7,3222,10,2,2024-11-23,100.83,3.0,Online,195.56,102.88,92.68,47.39
994,2,11,4495,432,5,2025-10-03,68.61,8.3,Debit Card,314.74,123.35,191.39,60.81
995,9,61,2738,1370,2,2025-10-28,41.92,8.6,Credit Card,76.63,54.52,22.11,28.85
996,2,110,4632,1038,5,2025-07-18,216.47,4.9,Debit Card,1029.13,759.45,269.68,26.2
997,1,68,1777,95,1,2025-03-30,28.63,27.2,Credit Card,20.85,14.5,6.35,30.46
998,5,40,1450,65,4,2025-12-01,214.59,9.7,Cash,775.16,425.08,350.08,45.16
999,2,23,3960,980,2,2025-08-22,115.54,10.5,Online,206.85,144.5,62.35,30.14
1000,6,74,945,27,1,2025-08-08,286.62,8.9,Cash,261.03,143.56,117.47,45.0
1001,2,23,737,1486,4,2025-03-05,67.56,11.8,Online,238.42,120.72,117.7,49.37
1002,11,12,1906,234,2,2025-05-03,113.72,30.1,Cash,159.06,100.04,59.02,37.11
1003,6,49,2441,1283,4,2025-07-12,136.9,6.6,Online,511.73,351.96,159.77,31.22
1004,6,66,482,934,1,2025-09-07,140.26,10.8,Online,125.06,64.86,60.2,48.14
1005,10,75,659,593,1,2025-10-13,51.6,32.6,Debit Card,34.76,31.95,2.81,8.08
1006,2,32,2930,103,2,2025-03-01,71.49,9.3,Online,129.61,86.1,43.51,33.57
1007,2,103,1783,43,4,2025-02-25,33.94,4.5,Debit Card,129.64,85.64,44.0,33.94
1008,6,72,2581,467,1,2025-03-04,80.18,11.7,Credit Card,70.76,46.62,24.14,34.12
1009,9,24,3940,95,1,2025-05-19,124.8,8.8,Online,113.86,49.08,64.78,56.89
1010,4,42,2109,987,1,2025-05-13,175.51,9.7,Cash,158.48,114.9,43.58,27.5
1011,10,75,2338,34,3,2025-11-07,158.91,28.0,Credit Card,343.41,327.09,16.32,4.75
1012,4,1,3180,262,3,2025-09-11,289.25,6.9,Online,807.48,431.16,376.32,46.6
1013,2,83,417,212,2,2025-07-21,247.42,6.1,Debit Card,464.46,227.5,236.96,51.02
1014,4,31,3159,1275,2,2024-11-29,138.56,5.5,Debit Card,261.81,182.44,79.37,30.32
1015,11,97,1595,1196,4,2025-10-22,129.67,33.2,Credit Card,346.38,661.28,-314.9,-90.91
1016,10,90,2375,661,5,2025-11-11,46.41,24.9,Debit Card,174.33,245.05,-70.72,-40.57
1017,7,19,3726,766,3,2025-01-17,94.45,10.7,Credit Card,253.04,114.78,138.26,54.64
1018,4,1,1077,620,2,2025-08-11,216.86,9.8,Credit Card,391.19,262.32,128.87,32.94
1019,6,96,2486,525,1,2025-05-07,81.99,6.7,Debit Card,76.52,44.22,32.3,42.21
1020,5,113,1280,1491,2,2024-12-30,78.1,8.8,Cash,142.49,67.62,74.87,52.54
1021,7,5,2644,709,1,2024-12-13,11.79,10.3,Credit Card,10.58,8.16,2.42,22.87
1022,11,64,3934,1337,1,2025-07-07,229.61,32.6,Cash,154.7,161.83,-7.13,-4.61
1023,11,64,3372,219,4,2025-03-29,296.88,27.0,Debit Card,867.03,574.08,292.95,33.79
1024,3,21,925,1495,2,2025-05-17,99.03,11.7,Credit Card,174.82,132.22,42.6,24.37
1025,11,81,1159,344,1,2024-11-10,123.62,27.8,Debit Card,89.21,52.9,36.31,40.7
1026,12,60,4331,1215,1,2025-04-12,93.3,9.3,Cash,84.65,57.16,27.49,32.47
1027,3,115,4142,46,1,2025-09-19,120.04,4.6,Cash,114.47,56.23,58.24,50.88
1028,5,76,4078,332,5,2025-11-10,53.2,6.3,Debit Card,249.17,172.75,76.42,30.67
1029,4,1,602,1479,1,2025-10-04,209.93,10.2,Cash,188.46,135.69,52.77,28.0
1030,5,119,4805,34,5,2025-01-22,102.63,7.2,Credit Card,476.17,322.6,153.57,32.25
1031,1,79,4702,1342,2,2024-10-28,231.73,27.2,Credit Card,337.54,331.64,5.9,1.75
1032,4,70,2210,73,2,2025-05-20,89.1,3.2,Cash,172.58,68.98,103.6,60.03
1033,6,107,3374,1489,1,2025-01-14,10.75,7.9,Online,9.9,7.25,2.65,26.77
1034,7,84,3603,145,5,2025-05-04,82.17,10.2,Debit Card,368.79,269.45,99.34,26.94
1035,8,112,2539,881,1,2025-07-21,123.88,6.7,Cash,115.63,67.44,48.19,41.68
1036,5,105,4126,14,1,2025-09-25,90.92,5.5,Cash,85.94,36.96,48.98,56.99
1037,2,43,2014,144,4,2025-05-02,131.51,5.2,Cash,498.44,189.24,309.2,62.03
1038,2,43,983,310,5,2025-08-19,85.69,6.3,Debit Card,401.39,269.65,131.74,32.82
1039,3,53,4924,114,2,2025-05-22,38.7,9.7,Online,69.91,50.96,18.95,27.11
1040,4,1,4184,783,1,2025-03-14,189.32,4.6,Debit Card,180.6,109.44,71.16,39.4
1041,6,107,4908,527,2,2025-10-21,63.53,8.3,Credit Card,116.53,72.16,44.37,38.08
1042,5,92,1132,1473,1,2025-05-03,230.63,3.2,Online,223.25,133.63,89.62,40.14
1043,5,105,1390,293,4,2024-12-18,132.81,3.9,Cash,510.49,350.04,160.45,31.43
1044,9,6,2568,805,3,2025-09-18,192.31,4.9,Cash,548.57,220.17,328.4,59.86
1045,9,106,4493,38,4,2025-07-28,189.89,7.8,Online,700.11,520.64,179.47,25.63
1046,11,63,2986,22,4,2024-11-22,54.13,24.2,Cash,164.23,114.4,49.83,30.34
1047,12,93,1870,291,5,2024-12-16,139.85,4.2,Cash,669.92,366.65,303.27,45.27
1048,3,46,2836,1457,5,2024-10-07,86.11,8.2,Credit Card,395.25,236.35,158.9,40.2
1049,9,65,3808,135,4,2025-10-11,85.33,9.5,Debit Card,308.99,168.44,140.55,45.49
1050,1,86,1187,1,5,2025-11-27,128.11,30.2,Credit Card,446.85,345.65,101.2,22.65
1051,4,42,4936,171,2,2024-12-07,118.92,5.2,Credit Card,225.57,120.1,105.47,46.76
1052,11,12,3906,718,4,2025-08-15,263.06,28.5,Online,752.85,731.96,20.89,2.77
1053,8,109,2647,907,1,2025-03-23,255.29,8.6,Credit Card,233.44,127.26,106.18,45.48
1054,9,120,4290,844,3,2025-05-07,95.36,6.3,Credit Card,268.06,145.77,122.29,45.62
1055,5,22,1733,41,5,2025-05-12,19.2,8.6,Credit Card,87.75,39.35,48.4,55.16
1056,2,89,473,813,1,2024-10-02,185.37,5.2,Credit Card,175.71,71.99,103.72,59.03
1057,8,112,4662,41,2,2025-02-20,290.08,5.1,Cash,550.54,392.04,158.5,28.79
1058,8,109,1020,1462,1,2024-10-05,127.18,9.9,Credit Card,114.63,64.18,50.45,44.01
1059,9,25,3052,186,1,2025-06-16,263.18,5.5,Online,248.61,114.81,133.8,53.82
1060,6,72,2776,581,2,2025-02-21,223.15,11.6,Cash,394.62,270.32,124.3,31.5
1061,11,64,3098,243,1,2024-11-18,251.09,31.7,Debit Card,171.51,92.12,79.39,46.29
1062,9,6,2894,121,2,2025-09-11,6.22,11.5,Credit Card,11.01,8.0,3.01,27.34
1063,10,71,1375,333,1,2025-02-11,49.36,33.0,Credit Card,33.07,25.24,7.83,23.68
1064,10,55,621,8,5,2025-07-18,258.74,25.0,Credit Card,969.85,779.5,190.35,19.63
1065,8,116,2478,253,2,2025-03-15,102.4,6.5,Cash,191.53,110.8,80.73,42.15
1066,11,12,876,20,1,2024-12-25,213.59,30.7,Credit Card,148.11,132.57,15.54,10.49
1067,5,105,2654,284,1,2024-12-03,272.42,5.4,Credit Card,257.67,182.26,75.41,29.27
1068,4,42,1672,229,5,2025-11-20,91.72,3.8,Credit Card,441.33,298.45,142.88,32.37
1069,7,62,4285,1185,4,2025-06-14,163.28,10.9,Credit Card,582.23,396.72,185.51,31.86
1070,6,74,3133,1399,4,2025-02-02,44.58,8.0,Cash,164.05,96.08,67.97,41.43
1071,12,100,48,454,1,2024-11-17,194.07,6.7,Debit Card,181.09,120.18,60.91,33.64
1072,4,34,2805,93,4,2025-07-06,81.55,5.9,Debit Card,307.09,159.56,147.53,48.04
1073,2,43,2862,262,1,2025-07-01,189.51,11.6,Credit Card,167.49,103.28,64.21,38.34
1074,10,16,2877,1,2,2025-02-22,169.89,25.2,Credit Card,254.0,405.3,-151.3,-59.57
1075,9,51,413,805,4,2025-05-17,65.05,10.8,Online,232.09,124.4,107.69,46.4
1076,4,1,2111,21,1,2024-10-31,27.97,8.8,Debit Card,25.52,13.25,12.27,48.08
1077,3,21,4830,923,3,2025-08-12,275.48,5.1,Cash,784.36,364.59,419.77,53.52
1078,11,44,418,133,5,2025-06-12,265.44,30.4,Cash,923.76,901.3,22.46,2.43
1079,12,36,2388,126,3,2025-08-18,211.69,11.2,Online,564.11,347.49,216.62,38.4
1080,10,38,3178,45,2,2024-12-12,125.31,25.9,Debit Card,185.61,116.06,69.55,37.47
1081,6,49,2378,558,2,2024-12-25,250.07,8.7,Online,456.57,352.84,103.73,22.72
1082,2,23,280,183,5,2025-09-27,243.21,3.0,Credit Card,1179.49,685.25,494.24,41.9
1083,8,91,2898,45,2,2024-10-18,298.08,10.1,Credit Card,536.14,335.32,200.82,37.46
1084,9,6,4483,161,5,2025-10-14,59.72,9.4,Cash,270.38,179.3,91.08,33.69
1085,4,56,2785,1267,4,2025-07-01,255.81,4.8,Online,974.17,1248.6,-274.43,-28.17
1086,10,39,1706,18,3,2024-12-22,65.11,31.9,Debit Card,133.04,123.87,9.17,6.89
1087,7,41,771,508,3,2025-09-30,38.82,7.3,Credit Card,107.95,56.31,51.64,47.84
1088,1,58,2721,251,4,2025-01-10,185.47,31.6,Credit Card,507.3,524.2,-16.9,-3.33
1089,2,69,4824,299,4,2025-04-09,18.11,9.6,Credit Card,65.49,50.28,15.21,23.22
1090,4,34,4353,196,2,2025-07-14,51.2,3.2,Cash,99.13,45.62,53.51,53.98
1091,5,22,3891,241,1,2025-07-12,112.03,3.3,Debit Card,108.28,68.31,39.97,36.91
1092,10,71,4477,778,1,2025-09-09,113.78,24.4,Debit Card,86.01,47.69,38.32,44.55
1093,12,102,4586,242,4,2025-01-05,211.99,5.0,Credit Card,805.82,930.08,-124.26,-15.42
1094,12,102,3022,189,1,2025-10-05,102.25,6.9,Online,95.17,45.64,49.53,52.04
1095,8,85,2697,138,1,2025-04-29,268.25,3.2,Online,259.73,134.26,125.47,48.31
1096,2,13,2764,226,1,2025-06-12,171.15,7.4,Debit Card,158.46,106.3,52.16,32.92
1097,2,23,3377,288,2,2024-12-19,84.67,3.1,Credit Card,164.09,105.24,58.85,35.86
1098,10,33,774,188,2,2025-03-28,158.15,33.1,Cash,211.62,137.88,73.74,34.85
1099,5,47,4967,1203,1,2024-11-01,88.62,4.4,Online,84.74,95.8,-11.06,-13.05
1100,2,28,1517,1488,2,2025-07-04,36.02,10.3,Cash,64.64,30.54,34.1,52.75
1101,3,21,875,103,4,2025-11-18,105.46,6.2,Cash,395.53,184.24,211.29,53.42
1102,10,87,2733,433,2,2025-06-20,257.79,27.2,Debit Card,375.28,278.96,96.32,25.67
1103,9,65,857,104,5,2025-07-21,165.06,4.2,Credit Card,790.56,433.05,357.51,45.22
1104,11,64,180,271,1,2025-02-17,284.78,27.6,Online,206.07,171.32,34.75,16.86
1105,9,120,3357,197,4,2025-04-05,110.53,5.9,Online,416.04,251.0,165.04,39.67
1106,6,49,4215,123,1,2025-09-13,237.07,9.7,Debit Card,214.17,143.34,70.83,33.07
1107,9,51,3273,172,2,2024-10-14,268.08,4.0,Debit Card,514.64,330.42,184.22,35.8
1108,8,85,2133,62,4,2025-08-23,25.57,11.8,Cash,90.18,41.72,48.46,53.74
1109,12,102,488,40,3,2024-10-17,221.62,8.2,Debit Card,610.31,772.02,-161.71,-26.5
1110,3,46,148,226,1,2025-02-28,216.85,10.1,Credit Card,194.85,140.93,53.92,27.67
1111,8,109,4170,946,5,2024-12-16,116.17,3.1,Credit Card,563.07,281.75,281.32,49.96
1112,11,97,3680,549,5,2024-10-20,192.78,25.1,Online,721.58,692.15,29.43,4.08
1113,7,84,4747,298,1,2025-06-08,64.01,11.1,Online,56.9,28.91,27.99,49.19
1114,12,60,3046,211,1,2025-02-10,73.04,7.7,Debit Card,67.41,41.17,26.24,38.93
1115,9,6,3968,235,1,2025-02-11,185.04,10.6,Online,165.51,91.93,73.58,44.46
1116,7,5,219,11,1,2025-11-01,215.2,7.7,Online,198.7,122.23,76.47,38.49
1117,5,113,1339,1321,2,2025-02-08,93.13,11.8,Debit Card,164.35,131.64,32.71,19.9
1118,5,76,727,156,2,2025-03-30,274.11,4.2,Credit Card,525.05,271.78,253.27,48.24
1119,4,31,3309,1244,4,2025-11-19,57.51,11.3,Online,203.94,137.88,66.06,32.39
1120,2,28,2295,649,2,2025-02-08,200.47,8.3,Online,367.72,203.06,164.66,44.78
1121,5,22,1551,281,1,2025-10-27,190.72,11.0,Debit Card,169.7,70.03,99.67,58.73
1122,10,39,4995,223,1,2024-12-10,166.14,26.2,Cash,122.62,99.4,23.22,18.94
1123,4,70,3033,162,2,2024-11-19,35.16,11.2,Debit Card,62.43,29.16,33.27,53.29
1124,1,29,3414,415,5,2025-01-18,126.68,27.7,Cash,457.7,255.15,202.55,44.25
1125,2,45,139,1411,4,2024-12-10,94.15,7.1,Online,349.8,198.36,151.44,43.29
1126,11,12,2635,913,4,2024-12-14,71.32,23.9,Debit Card,217.01,125.68,91.33,42.09
1127,2,69,951,196,4,2024-10-21,99.01,10.9,Credit Card,352.93,274.32,78.61,22.27
1128,9,65,3328,242,1,2025-11-08,166.28,10.5,Online,148.8,81.84,66.96,45.0
1129,2,69,2675,235,4,2025-01-01,33.31,4.1,Debit Card,127.75,83.68,44.07,34.5
1130,12,93,3094,130,2,2025-05-22,222.3,3.1,Credit Card,430.79,158.6,272.19,63.18
1131,10,71,4666,1042,1,2025-08-26,293.19,28.9,Credit Card,208.35,115.29,93.06,44.67
1132,7,95,2763,579,4,2025-12-07,151.23,11.9,Cash,532.86,256.12,276.74,51.93
1133,3,21,3682,299,5,2025-07-21,42.37,7.6,Online,195.82,111.2,84.62,43.21
1134,2,73,2082,217,2,2025-07-16,200.67,4.3,Credit Card,384.07,268.52,115.55,30.09
1135,8,112,3250,120,3,2025-01-30,84.92,6.9,Online,237.15,106.53,130.62,55.08
1136,12,93,1071,420,1,2024-11-28,15.87,6.3,Credit Card,14.87,7.79,7.08,47.61
1137,2,32,3544,119,1,2025-06-25,250.91,11.6,Online,221.82,143.36,78.46,35.37
1138,9,65,926,5,5,2025-10-27,108.82,11.5,Credit Card,481.26,287.2,194.06,40.32
1139,3,46,2839,34,2,2025-09-08,148.86,3.6,Online,286.86,178.06,108.8,37.93
1140,9,27,1601,583,1,2025-03-25,158.74,5.1,Debit Card,150.64,76.83,73.81,49.0
1141,3,46,1810,189,1,2025-01-14,199.71,7.1,Online,185.49,137.11,48.38,26.08
1142,9,2,1496,104,1,2025-04-13,268.49,8.1,Debit Card,246.68,143.92,102.76,41.66
1143,6,78,2073,119,1,2024-11-07,232.48,4.7,Debit Card,221.55,86.0,135.55,61.18
1144,11,64,4866,248,2,2024-11-03,26.76,28.8,Online,38.12,33.24,4.88,12.8
1145,2,110,4310,1217,1,2025-02-09,26.38,4.8,Cash,25.11,12.85,12.26,48.83
1146,1,79,1097,135,3,2025-10-26,232.12,28.1,Credit Card,500.41,377.55,122.86,24.55
1147,3,46,1911,467,2,2025-09-06,137.17,7.7,Credit Card,253.19,106.42,146.77,57.97
1148,7,19,656,977,5,2025-09-29,81.35,11.8,Online,358.85,204.6,154.25,42.98
1149,10,101,684,245,4,2025-08-26,203.95,25.6,Credit Card,606.66,295.32,311.34,51.32
1150,3,21,4112,14,2,2025-08-29,76.06,11.3,Credit Card,134.88,108.36,26.52,19.66
1151,3,21,1179,889,4,2024-12-22,246.97,4.2,Credit Card,946.13,474.28,471.85,49.87
1152,12,108,2183,1139,1,2025-08-11,211.92,3.9,Credit Card,203.71,145.78,57.93,28.44
1153,7,84,4157,16,1,2025-10-17,92.01,5.6,Online,86.81,36.51,50.3,57.94
1154,7,104,2750,59,3,2025-06-09,192.73,8.1,Debit Card,531.53,318.51,213.02,40.08
1155,4,70,4365,44,1,2024-10-08,191.97,6.7,Debit Card,179.02,99.48,79.54,44.43
1156,1,82,4307,111,2,2025-01-21,293.29,22.6,Debit Card,453.92,287.32,166.6,36.7
1157,10,87,3994,249,4,2025-01-12,151.29,32.2,Credit Card,410.57,424.88,-14.31,-3.49
1158,8,109,2045,17,5,2025-08-02,107.75,10.5,Debit Card,482.3,233.65,248.65,51.56
1159,8,30,4351,85,4,2025-10-14,63.29,11.7,Credit Card,223.64,177.08,46.56,20.82
1160,6,78,2489,204,5,2024-12-23,102.95,11.3,Online,456.4,238.45,217.95,47.75
1161,11,64,781,400,1,2025-06-21,160.86,27.4,Online,116.72,96.28,20.44,17.51
1162,1,4,197,1229,2,2025-02-21,29.22,30.5,Credit Card,40.61,31.38,9.23,22.73
1163,12,102,2274,990,3,2025-07-31,289.27,9.7,Debit Card,783.23,554.25,228.98,29.24
1164,10,55,1043,27,3,2025-04-08,28.61,22.9,Online,66.16,44.31,21.85,33.03
1165,12,36,2013,1401,4,2024-11-25,115.47,11.0,Credit Card,411.22,275.76,135.46,32.94
1166,3,88,2011,134,1,2025-11-16,183.7,9.8,Debit Card,165.65,84.45,81.2,49.02
1167,12,108,1782,182,3,2025-04-20,259.8,6.6,Debit Card,727.81,402.45,325.36,44.7
1168,12,102,120,38,5,2025-01-17,47.43,6.8,Online,221.03,121.6,99.43,44.98
1169,6,49,3577,1309,1,2024-10-21,13.15,6.4,Online,12.31,9.02,3.29,26.73
1170,10,15,2614,273,5,2025-01-26,291.0,23.8,Debit Card,1109.01,767.15,341.86,30.83
1171,6,49,453,259,1,2025-01-09,39.45,9.6,Credit Card,35.67,27.56,8.11,22.74
1172,1,48,4541,8,1,2025-07-27,187.04,31.3,Debit Card,128.58,133.54,-4.96,-3.86
1173,11,12,990,2,1,2025-08-31,178.57,30.1,Credit Card,124.88,95.93,28.95,23.18
1174,7,19,2993,547,1,2025-08-22,231.47,3.3,Cash,223.82,156.11,67.71,30.25
1175,11,12,1949,242,2,2024-11-10,220.41,30.4,Online,306.68,176.66,130.02,42.4
1176,2,35,3095,254,2,2025-07-18,108.63,6.3,Credit Card,203.66,140.52,63.14,31.0
1177,8,109,122,451,3,2024-11-25,86.98,9.8,Credit Card,235.41,138.3,97.11,41.25
1178,6,96,2805,73,5,2025-01-27,81.55,4.0,Credit Card,391.42,199.45,191.97,49.04
1179,1,79,4677,1496,1,2025-11-05,144.65,22.3,Debit Card,112.4,101.89,10.51,9.35
1180,2,11,304,41,5,2025-07-09,249.64,6.6,Debit Card,1165.99,693.05,472.94,40.56
1181,6,66,4334,134,5,2025-08-15,243.26,7.3,Debit Card,1127.88,750.05,377.83,33.5
1182,2,43,1796,582,4,2025-04-20,247.45,11.3,Debit Card,877.67,603.64,274.03,31.22
1183,4,56,1803,258,1,2024-11-03,190.95,3.6,Cash,184.1,82.52,101.58,55.18
1184,9,65,2987,49,2,2025-02-04,167.24,6.8,Online,311.8,187.86,123.94,39.75
1185,3,14,270,825,2,2025-03-09,93.26,10.5,Cash,167.01,116.96,50.05,29.97
1186,5,22,1392,1412,3,2025-06-17,125.98,8.6,Debit Card,345.58,250.8,94.78,27.43
1187,3,21,1124,237,4,2025-06-10,71.54,11.8,Cash,252.26,127.24,125.02,49.56
1188,8,85,4274,127,1,2024-10-10,109.33,9.7,Online,98.73,52.63,46.1,46.69
1189,10,75,190,54,1,2025-01-16,67.57,26.6,Debit Card,49.61,44.93,4.68,9.43
1190,5,119,1289,103,2,2025-08-31,8.93,6.4,Online,16.72,6.5,10.22,61.12
1191,10,87,1951,156,2,2024-11-04,293.36,25.8,Debit Card,435.57,400.32,35.25,8.09
1192,6,74,2995,94,1,2024-11-02,244.11,7.4,Online,226.01,141.22,84.79,37.52
1193,6,107,2934,554,2,2024-10-25,274.13,8.6,Credit Card,501.15,332.98,168.17,33.56
1194,4,42,3250,12,1,2025-03-24,84.92,5.3,Credit Card,80.45,35.51,44.94,55.86
1195,10,15,4201,205,2,2024-10-11,155.8,31.6,Debit Card,213.13,212.18,0.95,0.45
1196,11,12,4718,188,1,2024-11-03,121.19,26.7,Cash,88.84,47.2,41.64,46.87
1197,4,34,651,1134,4,2025-03-13,181.8,4.1,Credit Card,697.25,822.16,-124.91,-17.91
1198,10,67,4995,137,3,2025-11-05,166.14,22.1,Debit Card,388.34,298.2,90.14,23.21
1199,1,59,4051,292,2,2024-10-12,201.34,26.9,Credit Card,294.44,222.86,71.58,24.31
1200,6,77,1888,3,1,2025-04-26,286.12,6.7,Credit Card,267.07,170.34,96.73,36.22
1201,4,70,4928,1251,2,2025-01-05,92.25,7.8,Online,170.13,79.76,90.37,53.12
1202,6,49,3957,410,1,2025-01-27,247.7,7.5,Cash,229.12,89.17,139.95,61.08
1203,8,30,4952,881,5,2025-07-09,279.42,8.3,Cash,1281.67,570.85,710.82,55.46
1204,9,2,2633,285,3,2025-06-26,126.07,11.7,Credit Card,333.95,228.09,105.86,31.7
1205,9,2,4655,947,1,2025-04-28,282.77,9.4,Cash,256.31,195.05,61.26,23.9
1206,1,54,1068,43,4,2025-05-01,39.25,25.4,Cash,117.11,64.0,53.11,45.35
1207,5,40,2695,632,2,2025-01-19,155.22,7.5,Debit Card,287.23,114.4,172.83,60.17
1208,12,108,2814,75,1,2025-09-08,62.55,9.2,Credit Card,56.78,25.34,31.44,55.37
1209,7,104,4133,289,2,2025-05-03,194.37,3.6,Debit Card,374.81,220.98,153.83,41.04
1210,1,118,581,1458,1,2025-03-13,13.68,31.2,Cash,9.42,7.3,2.12,22.51
1211,6,49,4887,91,2,2025-04-15,117.39,11.5,Credit Card,207.74,116.44,91.3,43.95
1212,1,3,271,129,2,2025-09-24,243.73,30.1,Debit Card,340.56,290.94,49.62,14.57
1213,6,96,1218,106,1,2025-03-22,233.77,4.7,Debit Card,222.86,107.63,115.23,51.71
1214,7,19,114,207,1,2025-08-31,167.08,11.7,Debit Card,147.56,110.24,37.32,25.29
1215,5,76,4114,245,2,2025-06-25,78.34,7.9,Cash,144.33,81.44,62.89,43.57
1216,2,73,2255,81,4,2024-12-22,103.03,10.7,Debit Card,368.08,264.92,103.16,28.03
1217,2,103,1851,14,2,2025-05-13,200.1,9.7,Debit Card,361.18,226.64,134.54,37.25
1218,6,49,1867,171,3,2025-09-10,297.52,11.2,Cash,792.98,351.96,441.02,55.62
1219,12,108,4350,192,1,2025-01-22,291.72,8.5,Credit Card,266.83,158.64,108.19,40.55
1220,6,78,4719,192,3,2025-11-26,197.14,5.9,Credit Card,556.3,417.99,138.31,24.86
1221,1,48,4556,495,1,2025-05-04,79.39,30.4,Cash,55.27,93.08,-37.81,-68.41
1222,11,97,4801,225,1,2025-05-19,174.92,32.3,Online,118.47,125.69,-7.22,-6.09
1223,10,71,1514,54,3,2024-12-06,117.88,33.5,Debit Card,235.27,156.81,78.46,33.35
1224,9,111,2939,1298,3,2024-12-15,229.32,4.5,Credit Card,656.73,271.05,385.68,58.73
1225,7,5,1087,602,3,2024-12-05,138.05,3.7,Cash,398.84,297.09,101.75,25.51
1226,12,60,2442,107,2,2025-02-25,83.55,10.2,Debit Card,149.99,93.1,56.89,37.93
1227,8,112,769,1306,3,2024-11-09,153.19,5.7,Cash,433.28,242.76,190.52,43.97
1228,11,63,4705,1475,1,2024-11-03,295.32,33.8,Credit Card,195.56,207.93,-12.37,-6.33
1229,10,33,4711,99,2,2025-02-27,75.47,33.8,Credit Card,99.95,86.88,13.07,13.08
1230,2,8,2579,191,2,2025-02-20,49.74,3.3,Debit Card,96.18,49.2,46.98,48.85
1231,6,78,2934,35,1,2025-01-05,274.13,6.0,Debit Card,257.75,166.49,91.26,35.41
1232,9,51,1431,242,2,2025-04-12,279.48,11.3,Online,495.85,326.56,169.29,34.14
1233,1,50,836,864,3,2025-03-12,63.49,32.5,Debit Card,128.58,135.66,-7.08,-5.51
1234,11,81,4931,1213,2,2025-01-06,136.97,29.1,Credit Card,194.25,169.34,24.91,12.82
1235,5,76,1456,273,1,2024-12-30,199.21,11.7,Online,175.83,132.27,43.56,24.77
1236,8,116,905,164,1,2025-03-08,210.71,9.1,Debit Card,191.6,80.1,111.5,58.19
1237,4,34,3352,288,1,2025-08-29,62.44,10.4,Credit Card,55.97,42.55,13.42,23.98
1238,1,29,4391,58,4,2025-03-30,186.99,25.0,Cash,561.11,319.2,241.91,43.11
1239,7,84,783,1006,2,2025-05-06,43.63,3.1,Debit Card,84.55,52.22,32.33,38.24
1240,1,68,617,261,1,2025-09-09,65.23,22.1,Debit Card,50.79,36.81,13.98,27.53
1241,7,19,1739,1448,5,2025-04-03,41.69,8.9,Credit Card,189.82,106.05,83.77,44.13
1242,10,75,762,201,5,2024-12-04,254.2,26.2,Debit Card,937.64,571.8,365.84,39.02
1243,11,97,4617,461,4,2025-05-31,188.57,31.9,Debit Card,513.75,351.64,162.11,31.55
1244,7,19,3718,170,3,2025-11-26,246.76,11.7,Credit Card,653.5,512.55,140.95,21.57
1245,7,95,1804,74,1,2025-03-15,271.91,6.3,Debit Card,254.8,129.66,125.14,49.11
1246,5,76,3471,765,1,2025-09-24,27.97,9.5,Credit Card,25.32,15.79,9.53,37.64
1247,4,70,4483,518,3,2025-05-02,59.72,7.2,Debit Card,166.18,107.58,58.6,35.26
1248,4,31,257,842,1,2025-02-15,36.87,5.3,Credit Card,34.91,24.0,10.91,31.25
1249,1,50,1677,1441,1,2024-11-15,262.25,30.5,Credit Card,182.35,163.01,19.34,10.61
1250,11,97,587,1481,1,2025-07-10,236.77,23.7,Debit Card,180.69,132.26,48.43,26.8
1251,2,8,3390,1287,1,2025-02-02,156.31,6.1,Credit Card,146.83,94.43,52.4,35.69
1252,12,36,2256,1185,1,2024-11-11,97.21,9.6,Credit Card,87.85,57.34,30.51,34.73
1253,7,19,1040,151,1,2024-10-02,68.88,8.6,Online,62.96,46.17,16.79,26.67
1254,8,91,1918,235,5,2025-04-04,100.76,9.3,Credit Card,456.77,314.9,141.87,31.06
1255,8,9,1371,24,3,2025-07-02,281.52,10.5,Credit Card,756.12,522.06,234.06,30.96
1256,9,120,268,553,1,2025-10-05,115.5,4.5,Cash,110.35,83.03,27.32,24.76
1257,7,7,419,274,4,2025-06-01,191.86,3.6,Cash,740.19,552.36,187.83,25.38
1258,1,58,1171,621,2,2025-02-16,117.61,22.0,Credit Card,183.45,115.62,67.83,36.97
1259,8,109,4753,543,5,2025-11-02,147.9,3.2,Debit Card,715.82,397.7,318.12,44.44
1260,7,7,4608,136,1,2025-08-09,11.99,4.9,Cash,11.4,6.8,4.6,40.35
1261,2,89,1417,231,1,2025-07-16,232.01,4.5,Debit Card,221.59,119.75,101.84,45.96
1262,6,72,3055,53,1,2024-11-13,148.57,9.9,Debit Card,133.88,72.98,60.9,45.49
1263,3,115,1710,43,2,2025-05-21,55.37,10.0,Cash,99.61,41.22,58.39,58.62
1264,5,47,1743,231,2,2024-10-18,32.87,4.2,Debit Card,62.98,44.12,18.86,29.95
1265,6,107,739,278,1,2025-07-12,61.98,5.8,Debit Card,58.38,29.06,29.32,50.22
1266,6,96,186,160,2,2025-10-04,253.91,9.4,Debit Card,460.13,223.74,236.39,51.37
1267,8,116,2915,31,3,2024-10-30,91.92,4.8,Credit Card,262.45,109.29,153.16,58.36
1268,8,112,3299,485,5,2024-10-03,101.13,6.1,Cash,474.65,316.8,157.85,33.26
1269,9,120,4703,533,1,2024-11-01,54.03,6.3,Debit Card,50.62,27.67,22.95,45.34
1270,1,54,4332,161,2,2025-11-03,119.85,25.2,Debit Card,179.4,143.96,35.44,19.75
1271,4,56,1810,1,1,2025-03-26,199.71,4.8,Online,190.15,137.11,53.04,27.89
1272,10,55,2954,408,1,2025-05-03,41.41,31.2,Cash,28.48,23.19,5.29,18.57
1273,1,98,366,36,1,2025-08-12,84.21,30.0,Credit Card,58.96,54.26,4.7,7.97
1274,6,74,4432,112,4,2025-01-06,247.54,5.6,Cash,934.78,446.88,487.9,52.19
1275,3,53,243,124,3,2025-12-04,73.99,9.7,Credit Card,200.48,97.05,103.43,51.59
1276,5,92,4533,132,3,2025-09-01,272.4,7.6,Credit Card,754.69,444.9,309.79,41.05
1277,11,44,2609,351,2,2025-03-27,150.79,29.9,Cash,211.4,168.62,42.78,20.24
1278,11,81,80,40,3,2025-10-25,258.48,30.4,Debit Card,539.98,411.09,128.89,23.87
1279,10,117,3038,436,1,2024-12-19,87.78,25.3,Debit Card,65.61,60.7,4.91,7.48
1280,9,37,3700,243,2,2025-09-23,110.95,11.7,Credit Card,195.96,103.2,92.76,47.34
1281,3,53,2649,175,1,2025-02-25,120.1,10.4,Cash,107.57,80.96,26.61,24.74
1282,2,114,1445,313,2,2024-11-18,262.56,5.4,Credit Card,496.68,275.08,221.6,44.62
1283,8,57,1269,1121,2,2025-07-11,238.02,6.2,Credit Card,446.67,288.9,157.77,35.32
1284,7,7,4982,272,5,2025-03-03,274.71,9.4,Cash,1244.63,987.5,257.13,20.66
1285,1,59,3168,79,3,2025-06-13,64.23,29.1,Credit Card,136.63,92.49,44.14,32.31
1286,9,52,763,279,1,2025-09-24,129.32,8.4,Credit Card,118.46,77.22,41.24,34.81
1287,10,71,2674,227,2,2025-03-25,142.33,33.8,Credit Card,188.58,164.7,23.88,12.66
1288,10,15,615,1322,2,2025-02-11,26.24,25.4,Cash,39.17,19.44,19.73,50.37
1289,4,42,143,297,5,2024-11-22,131.05,5.3,Credit Card,620.35,291.8,328.55,52.96
1290,6,107,591,18,1,2025-01-22,36.26,8.9,Debit Card,33.03,17.05,15.98,48.38
1291,12,93,1596,61,2,2025-06-13,189.94,11.5,Cash,336.0,145.28,190.72,56.76
1292,7,84,1862,267,4,2025-09-01,184.03,8.9,Debit Card,670.27,323.28,346.99,51.77
1293,8,30,275,886,1,2024-11-02,183.25,9.8,Cash,165.32,128.92,36.4,22.02
1294,4,70,2485,48,2,2024-10-12,236.61,11.7,Debit Card,417.88,309.44,108.44,25.95
1295,9,120,669,283,2,2025-07-22,245.84,9.1,Debit Card,447.1,236.28,210.82,47.15
1296,12,18,1785,227,2,2025-06-01,182.24,7.6,Credit Card,336.94,218.34,118.6,35.2
1297,10,90,894,182,1,2025-02-07,132.05,32.4,Debit Card,89.28,77.86,11.42,12.79
1298,1,4,4904,42,2,2025-08-29,42.62,32.9,Cash,57.22,50.96,6.26,10.94
1299,8,91,292,1139,2,2025-03-21,247.33,3.7,Credit Card,476.13,303.72,172.41,36.21
1300,9,106,3476,790,3,2025-07-02,182.52,8.0,Online,503.52,702.84,-199.32,-39.59
1301,4,70,994,1263,1,2025-01-06,180.86,7.8,Debit Card,166.7,121.5,45.2,27.11
1302,5,113,2503,84,3,2025-10-28,25.87,7.6,Online,71.74,49.65,22.09,30.79
1303,2,83,4450,287,3,2025-11-19,108.59,4.3,Credit Card,311.91,216.75,95.16,30.51
1304,5,22,4794,10,1,2025-08-31,74.56,11.4,Online,66.09,43.15,22.94,34.71
1305,11,12,295,89,5,2025-02-09,10.74,26.8,Debit Card,39.32,18.9,20.42,51.93
1306,3,53,4718,868,3,2025-05-27,121.19,5.7,Cash,342.91,141.6,201.31,58.71
1307,9,37,4438,144,1,2024-12-02,152.0,6.6,Cash,141.95,81.51,60.44,42.58
1308,5,105,2473,99,5,2025-03-23,269.16,6.5,Debit Card,1258.79,755.05,503.74,40.02
1309,5,22,3890,272,2,2025-03-09,292.76,5.0,Online,556.14,361.0,195.14,35.09
1310,7,104,1467,467,3,2025-09-02,29.87,6.0,Debit Card,84.26,35.19,49.07,58.24
1311,12,36,4024,332,1,2025-10-24,65.39,11.9,Credit Card,57.58,78.09,-20.51,-35.62
1312,9,52,4840,50,1,2025-11-27,186.71,8.1,Cash,171.53,89.87,81.66,47.61
1313,5,119,2485,1292,3,2025-09-18,236.61,11.1,Debit Card,631.12,464.16,166.96,26.45
1314,10,33,3814,89,2,2025-05-08,264.67,22.9,Debit Card,408.15,213.2,194.95,47.76
1315,9,25,1471,1277,5,2025-06-26,158.05,10.9,Cash,704.09,435.1,268.99,38.2
1316,7,95,1522,242,3,2025-11-16,265.58,6.3,Cash,746.61,345.0,401.61,53.79
1317,6,78,4638,52,1,2025-11-01,13.94,8.8,Credit Card,12.72,9.78,2.94,23.11
1318,10,117,1237,75,1,2025-06-08,187.27,33.9,Credit Card,123.75,106.82,16.93,13.68
1319,6,72,4925,216,1,2025-02-04,109.69,10.4,Credit Card,98.33,66.3,32.03,32.57
1320,4,31,457,1495,4,2025-09-30,70.94,9.9,Credit Card,255.68,145.08,110.6,43.26
1321,10,101,2852,1158,3,2025-08-09,14.34,23.1,Debit Card,33.07,28.65,4.42,13.37
1322,9,51,397,1441,2,2025-09-25,133.21,4.8,Credit Card,253.72,178.52,75.2,29.64
1323,9,52,3447,228,1,2025-07-07,75.22,10.7,Credit Card,67.15,42.88,24.27,36.14
1324,3,88,2650,540,2,2024-10-09,208.55,12.0,Cash,367.13,213.14,153.99,41.94
1325,11,81,3772,260,5,2024-10-07,157.74,31.9,Debit Card,536.85,400.85,136.0,25.33
1326,11,63,292,15,3,2025-01-09,247.33,26.2,Debit Card,547.82,455.58,92.24,16.84
1327,4,42,3245,71,4,2025-10-13,34.71,5.7,Credit Card,130.86,97.28,33.58,25.66
1328,1,17,592,143,1,2025-09-21,217.21,29.3,Credit Card,153.54,150.23,3.31,2.16
1329,12,100,783,157,5,2025-07-05,43.63,6.7,Debit Card,203.53,130.55,72.98,35.86
1330,9,111,4151,585,3,2025-02-08,52.84,5.4,Credit Card,149.91,108.12,41.79,27.88
1331,6,99,1467,663,2,2024-12-11,29.87,6.9,Debit Card,55.62,23.46,32.16,57.82
1332,11,63,4687,226,2,2024-10-04,232.09,25.6,Cash,345.31,192.16,153.15,44.35
1333,3,21,260,190,2,2025-03-19,180.41,5.6,Online,340.46,222.28,118.18,34.71
1334,2,26,4619,89,1,2025-02-07,241.32,11.7,Online,213.21,144.03,69.18,32.45
1335,8,109,3568,21,1,2025-07-29,121.41,4.1,Credit Card,116.46,82.28,34.18,29.35
1336,6,99,992,293,4,2025-01-12,238.45,3.7,Cash,918.85,526.08,392.77,42.75
1337,3,115,1046,175,2,2024-10-06,203.46,9.2,Credit Card,369.47,198.48,170.99,46.28
1338,3,53,193,239,3,2024-11-26,33.98,10.5,Online,91.28,62.94,28.34,31.05
1339,8,91,1078,1203,1,2024-12-25,249.33,3.9,Cash,239.68,155.69,83.99,35.04
1340,1,50,2906,504,2,2025-02-08,103.08,26.5,Debit Card,151.53,144.0,7.53,4.97
1341,3,88,4611,837,1,2024-10-17,101.81,3.3,Cash,98.42,52.35,46.07,46.81
1342,5,47,3552,90,1,2025-08-26,206.13,10.9,Cash,183.7,134.23,49.47,26.93
1343,5,22,3937,1,2,2024-12-27,168.53,10.5,Credit Card,301.74,224.06,77.68,25.74
1344,8,85,2017,68,1,2025-05-27,299.88,9.0,Debit Card,272.84,132.98,139.86,51.26
1345,6,66,3798,805,1,2025-08-12,19.38,8.7,Cash,17.69,13.3,4.39,24.82
1346,3,14,4620,222,5,2025-09-25,217.43,10.1,Credit Card,977.87,611.6,366.27,37.46
1347,4,42,1660,107,4,2024-11-08,298.26,3.7,Debit Card,1148.88,855.56,293.32,25.53
1348,4,1,1893,1386,4,2025-03-05,230.97,6.4,Credit Card,864.81,663.68,201.13,23.26
1349,6,49,8,244,3,2025-05-19,275.57,3.8,Debit Card,795.06,518.52,276.54,34.78
1350,9,65,4996,185,5,2025-10-18,251.19,4.4,Online,1200.82,884.75,316.07,26.32
1351,8,85,4801,1432,3,2025-07-28,174.92,10.5,Debit Card,469.87,377.07,92.8,19.75
1352,12,60,2950,67,1,2025-01-02,43.18,9.3,Debit Card,39.16,18.0,21.16,54.03
1353,11,63,958,300,4,2024-12-31,76.1,25.4,Credit Card,227.08,150.4,76.68,33.77
1354,7,95,2344,748,4,2025-10-23,158.13,6.7,Cash,590.42,334.48,255.94,43.35
1355,9,111,547,1323,2,2025-07-22,237.94,9.1,Cash,432.58,225.46,207.12,47.88
1356,9,51,1919,1003,5,2025-10-22,232.3,8.7,Online,1059.88,757.05,302.83,28.57
1357,6,77,2866,145,2,2025-10-16,264.2,7.4,Debit Card,489.37,244.12,245.25,50.12
1358,9,61,3496,131,5,2025-05-26,43.54,9.7,Cash,196.49,102.0,94.49,48.09
1359,8,85,2370,49,1,2025-08-17,79.21,4.9,Debit Card,75.34,35.34,40.0,53.09
1360,10,15,1042,84,1,2025-01-05,289.97,24.5,Cash,219.03,362.23,-143.2,-65.38
1361,3,88,4130,691,5,2024-10-16,123.73,3.6,Debit Card,596.48,267.9,328.58,55.09
1362,6,72,1036,145,1,2024-11-15,86.03,8.2,Debit Card,79.01,35.47,43.54,55.11
1363,11,63,277,221,1,2025-05-10,52.13,26.3,Debit Card,38.4,19.39,19.01,49.51
1364,4,70,3600,571,1,2025-06-07,138.14,7.7,Cash,127.46,98.96,28.5,22.36
1365,12,100,2453,495,2,2025-11-28,279.05,6.3,Credit Card,522.91,318.16,204.75,39.16
1366,3,14,2109,880,4,2025-04-01,175.51,4.8,Debit Card,668.37,459.6,208.77,31.24
1367,10,117,2064,30,1,2025-03-13,83.37,32.4,Credit Card,56.37,49.6,6.77,12.01
1368,5,113,1236,287,2,2025-01-03,91.66,4.2,Debit Card,175.55,87.66,87.89,50.07
1369,8,112,1813,1177,1,2024-11-05,81.22,7.9,Credit Card,74.82,32.35,42.47,56.76
1370,7,95,400,187,1,2025-03-13,124.17,4.7,Credit Card,118.37,46.79,71.58,60.47
1371,10,87,1995,96,2,2025-03-24,225.57,23.0,Credit Card,347.47,245.68,101.79,29.29
1372,7,41,2209,35,4,2025-07-31,235.74,11.7,Debit Card,832.78,492.88,339.9,40.82
1373,10,15,4257,1320,2,2025-10-29,241.69,22.1,Cash,376.39,174.18,202.21,53.72
1374,12,36,4600,2,2,2025-07-05,124.61,10.9,Credit Card,221.95,164.46,57.49,25.9
1375,2,110,4706,877,2,2024-10-28,279.0,11.6,Debit Card,493.16,359.04,134.12,27.2
1376,12,60,4417,133,1,2025-03-13,289.64,9.2,Debit Card,262.86,323.91,-61.05,-23.23
1377,12,93,4828,122,1,2025-07-15,48.52,11.7,Credit Card,42.85,28.93,13.92,32.49
1378,7,95,3364,79,3,2025-01-18,230.51,9.8,Cash,623.61,287.91,335.7,53.83
1379,1,29,3027,97,2,2024-10-13,223.94,24.8,Credit Card,336.66,247.44,89.22,26.5
1380,6,74,4408,258,5,2025-03-11,70.88,8.0,Cash,325.97,141.55,184.42,56.58
1381,10,15,1624,1127,1,2024-12-04,260.61,32.2,Credit Card,176.79,158.17,18.62,10.53
1382,7,104,3203,184,5,2025-04-26,211.08,8.3,Credit Card,967.4,451.3,516.1,53.35
1383,10,38,1166,737,1,2025-02-27,237.15,33.2,Online,158.5,268.67,-110.17,-69.51
1384,2,69,480,124,1,2025-03-08,108.9,6.0,Credit Card,102.4,62.3,40.1,39.16
1385,8,85,2508,1213,2,2025-12-06,20.36,11.2,Debit Card,36.16,19.4,16.76,46.35
1386,8,91,4343,1242,1,2025-05-09,11.33,10.6,Credit Card,10.13,5.05,5.08,50.15
1387,6,78,1119,55,1,2025-02-27,277.9,10.7,Credit Card,248.17,173.6,74.57,30.05
1388,7,5,4132,1017,3,2025-08-23,28.05,6.4,Credit Card,78.72,45.66,33.06,42.0
1389,11,63,4640,606,3,2025-08-07,82.62,31.8,Online,169.15,289.92,-120.77,-71.4
1390,5,92,976,197,1,2025-03-17,144.73,11.8,Cash,127.69,64.24,63.45,49.69
1391,5,119,4591,1005,5,2025-02-09,8.55,10.8,Credit Card,38.12,19.6,18.52,48.58
1392,11,64,820,1211,2,2025-08-30,185.2,22.5,Credit Card,287.23,261.44,25.79,8.98
1393,8,85,1933,249,1,2025-07-26,25.3,5.8,Credit Card,23.84,10.48,13.36,56.04
1394,2,45,1355,255,1,2025-10-12,272.04,6.3,Debit Card,254.96,120.77,134.19,52.63
1395,4,56,1011,613,4,2024-12-20,294.24,9.4,Debit Card,1066.75,719.48,347.27,32.55
1396,7,5,4171,123,4,2025-08-17,59.57,3.4,Cash,230.21,123.76,106.45,46.24
1397,11,64,3737,39,5,2025-01-21,47.95,24.3,Debit Card,181.38,112.8,68.58,37.81
1398,8,85,4416,265,5,2025-02-07,282.07,5.8,Debit Card,1328.03,589.85,738.18,55.58
1399,4,56,3973,161,2,2025-10-22,106.98,5.9,Debit Card,201.44,128.92,72.52,36.0
1400,11,81,125,62,2,2025-05-01,232.84,26.0,Credit Card,344.81,279.92,64.89,18.82
1401,10,55,3263,71,4,2024-12-16,155.33,30.2,Debit Card,433.67,431.8,1.87,0.43
1402,6,96,3797,107,2,2024-11-18,83.56,7.7,Online,154.29,203.32,-49.03,-31.78
1403,10,16,2531,169,1,2025-05-27,109.47,25.9,Credit Card,81.09,50.31,30.78,37.96
1404,3,88,3148,219,1,2025-11-15,16.32,6.8,Debit Card,15.21,7.52,7.69,50.56
1405,7,84,3124,1370,3,2025-01-30,203.66,5.7,Online,576.38,293.73,282.65,49.04
1406,2,89,430,243,1,2024-11-29,141.68,6.8,Cash,132.03,67.6,64.43,48.8
1407,1,17,205,1241,2,2025-06-11,233.41,27.9,Online,336.42,192.12,144.3,42.89
1408,11,64,4291,274,1,2025-03-14,201.49,22.5,Cash,156.18,102.87,53.31,34.13
1409,10,101,4044,80,5,2025-10-19,248.48,22.4,Cash,963.56,648.7,314.86,32.68
1410,12,102,276,1029,4,2025-06-10,225.62,10.4,Credit Card,808.58,538.84,269.74,33.36
1411,5,22,1703,9,2,2025-01-10,149.2,8.7,Credit Card,272.5,176.44,96.06,35.25
1412,10,67,3636,282,3,2025-07-31,159.76,30.8,Cash,331.73,287.4,44.33,13.36
1413,4,31,3634,171,1,2025-05-10,182.38,7.9,Online,168.01,86.61,81.4,48.45
1414,12,102,41,220,1,2025-07-10,175.14,3.9,Cash,168.38,94.48,73.9,43.89
1415,5,22,2814,893,1,2024-12-16,62.55,7.2,Debit Card,58.08,25.34,32.74,56.37
1416,9,27,71,3,1,2024-10-05,86.99,11.3,Credit Card,77.15,55.13,22.02,28.54
1417,1,48,303,92,1,2025-08-04,262.69,23.3,Cash,201.59,133.45,68.14,33.8
1418,8,91,558,939,1,2025-04-04,213.98,9.6,Debit Card,193.38,102.08,91.3,47.21
1419,3,21,2089,273,4,2024-10-25,165.99,9.3,Debit Card,602.22,239.52,362.7,60.23
1420,7,84,4588,130,1,2025-06-05,154.53,5.9,Online,145.4,71.37,74.03,50.91
1421,3,115,4301,249,1,2024-12-30,94.17,10.8,Online,84.0,58.19,25.81,30.73
1422,12,102,1437,202,2,2025-08-14,268.15,9.0,Credit Card,488.26,644.08,-155.82,-31.91
1423,5,119,3753,807,4,2025-11-04,147.66,5.0,Cash,561.32,394.84,166.48,29.66
1424,7,7,3925,770,1,2025-12-06,148.57,8.8,Debit Card,135.55,181.5,-45.95,-33.9
1425,6,49,4782,232,1,2024-12-10,192.06,10.4,Cash,171.99,105.66,66.33,38.57
1426,2,10,3353,138,2,2024-12-06,60.01,10.9,Debit Card,106.94,70.96,35.98,33.65
1427,3,53,30,7,5,2025-02-20,185.07,11.5,Cash,818.51,426.45,392.06,47.9
1428,9,6,4199,237,4,2025-08-13,246.88,3.4,Credit Card,953.59,362.56,591.03,61.98
1429,12,36,1878,297,3,2025-04-12,217.15,4.4,Credit Card,622.64,312.39,310.25,49.83
1430,11,81,4866,317,3,2025-01-18,26.76,25.3,Debit Card,59.96,49.86,10.1,16.84
1431,12,100,2106,1104,2,2025-04-15,221.01,5.2,Online,419.22,291.64,127.58,30.43
1432,6,107,2504,234,1,2025-11-12,26.2,9.2,Online,23.8,9.86,13.94,58.57
1433,2,83,403,662,5,2025-05-11,119.61,6.8,Debit Card,557.67,331.85,225.82,40.49
1434,11,64,2645,64,3,2025-07-27,83.04,22.1,Online,194.17,133.77,60.4,31.11
1435,5,20,1038,792,2,2025-02-04,19.17,11.8,Cash,33.83,24.06,9.77,28.88
1436,10,71,3433,223,1,2025-03-02,246.77,28.6,Credit Card,176.23,143.52,32.71,18.56
1437,9,52,4307,584,4,2025-05-23,293.29,10.9,Debit Card,1044.95,574.64,470.31,45.01
1438,4,70,2538,1006,4,2025-07-03,242.41,6.1,Cash,910.98,489.24,421.74,46.3
1439,2,43,4475,127,4,2025-01-25,106.24,4.1,Credit Card,407.5,165.28,242.22,59.44
1440,2,43,2114,500,3,2025-05-05,173.73,3.5,Online,503.1,294.12,208.98,41.54
1441,10,39,2625,62,5,2024-12-05,150.49,28.5,Debit Card,537.85,342.5,195.35,36.32
1442,4,70,392,56,1,2024-12-05,73.0,6.7,Debit Card,68.09,36.23,31.86,46.79
1443,7,104,2825,142,1,2025-02-15,95.84,7.4,Online,88.76,67.58,21.18,23.86
1444,5,20,1147,66,1,2025-08-02,113.93,9.0,Online,103.66,42.91,60.75,58.61
1445,7,7,2794,227,1,2025-05-29,232.08,5.4,Credit Card,219.45,158.18,61.27,27.92
1446,12,102,3897,1103,4,2025-08-22,138.73,3.0,Credit Card,538.2,339.96,198.24,36.83
1447,4,42,4306,38,5,2025-10-30,88.64,7.8,Credit Card,408.41,161.15,247.26,60.54
1448,1,17,848,182,2,2025-10-04,7.77,27.4,Credit Card,11.29,8.08,3.21,28.43
1449,12,102,4949,104,2,2025-09-14,183.09,10.4,Credit Card,328.25,182.6,145.65,44.37
1450,4,34,2287,230,2,2025-03-07,65.37,10.3,Credit Card,117.31,55.72,61.59,52.5
1451,5,119,4599,403,2,2025-03-04,117.55,4.1,Cash,225.49,124.54,100.95,44.77
1452,6,107,1496,1059,3,2024-11-11,268.49,11.6,Online,712.25,431.76,280.49,39.38
1453,4,34,2543,12,4,2024-11-05,109.88,6.6,Credit Card,410.41,535.72,-125.31,-30.53
1454,7,95,1713,285,5,2025-07-28,248.24,8.0,Online,1141.51,523.25,618.26,54.16
1455,12,102,4681,570,2,2025-05-13,280.92,9.8,Cash,507.04,364.38,142.66,28.14
1456,4,70,2022,68,3,2025-07-10,206.09,4.7,Debit Card,589.14,227.55,361.59,61.38
1457,4,34,2765,1313,1,2025-06-12,69.85,3.1,Cash,67.69,40.32,27.37,40.43
1458,6,74,2620,41,5,2025-08-08,25.64,9.6,Credit Card,115.84,58.1,57.74,49.84
1459,1,54,1398,161,5,2025-11-25,293.88,31.4,Online,1007.39,944.6,62.79,6.23
1460,9,106,2840,120,5,2025-04-16,161.34,8.9,Debit Card,734.61,320.15,414.46,56.42
1461,6,99,4854,34,3,2024-11-08,143.79,8.6,Cash,394.28,269.25,125.03,31.71
1462,4,42,2975,600,5,2025-10-27,193.77,11.1,Debit Card,861.1,381.45,479.65,55.7
1463,4,42,2406,256,2,2025-08-28,93.68,10.9,Cash,166.84,113.44,53.4,32.01
1464,9,27,522,214,2,2025-12-05,82.44,3.9,Cash,158.52,106.26,52.26,32.97
1465,9,52,2033,100,3,2025-04-13,220.67,4.8,Credit Card,630.12,410.67,219.45,34.83
1466,6,66,725,222,5,2024-11-23,104.39,8.8,Online,476.06,210.7,265.36,55.74
1467,12,93,2726,1204,4,2025-02-14,41.54,3.7,Online,159.97,63.28,96.69,60.44
1468,12,93,3054,178,1,2025-03-20,13.93,7.9,Debit Card,12.83,5.33,7.5,58.46
1469,5,47,3046,255,1,2025-06-01,73.04,4.3,Credit Card,69.93,41.17,28.76,41.13
1470,1,3,4270,1287,2,2025-02-17,198.43,26.6,Online,291.27,159.38,131.89,45.28
1471,9,37,3267,574,1,2024-11-09,290.08,6.5,Debit Card,271.17,120.25,150.92,55.66
1472,6,72,1053,21,1,2025-10-01,281.65,5.1,Online,267.32,121.65,145.67,54.49
1473,9,6,1637,167,4,2025-05-28,54.2,9.8,Credit Card,195.55,96.12,99.43,50.85
1474,11,81,1843,1430,3,2025-06-16,244.19,25.0,Online,549.6,366.81,182.79,33.26
1475,2,28,133,1096,2,2025-09-18,9.06,10.7,Debit Card,16.18,12.34,3.84,23.73
1476,8,30,882,1149,1,2025-05-30,44.71,10.4,Debit Card,40.04,24.44,15.6,38.96
1477,7,62,1374,1303,1,2024-12-16,228.05,5.3,Cash,215.98,130.29,85.69,39.67
1478,1,48,3180,401,4,2025-06-25,289.25,26.0,Credit Card,856.0,574.88,281.12,32.84
1479,11,12,4045,841,3,2025-03-14,116.02,30.3,Credit Card,242.64,206.4,36.24,14.94
1480,6,66,2422,461,3,2025-02-12,166.87,5.7,Cash,472.12,234.18,237.94,50.4
1481,8,116,2806,265,3,2024-12-09,117.94,4.5,Credit Card,338.0,150.06,187.94,55.6
1482,10,15,2893,260,2,2025-03-18,101.57,33.4,Credit Card,135.35,138.7,-3.35,-2.48
1483,10,101,1098,7,1,2025-10-23,229.95,30.5,Cash,159.91,120.2,39.71,24.83
1484,1,50,1333,116,1,2025-06-17,140.57,33.9,Credit Card,92.92,55.2,37.72,40.59
1485,10,117,895,15,2,2025-04-13,141.31,29.3,Credit Card,199.87,196.1,3.77,1.89
1486,3,14,1306,225,1,2025-03-15,235.49,7.2,Credit Card,218.6,138.18,80.42,36.79
1487,1,58,972,664,2,2025-03-04,271.6,33.4,Credit Card,361.95,328.78,33.17,9.16
1488,4,70,4149,1315,2,2025-10-30,169.99,8.7,Credit Card,310.42,167.66,142.76,45.99
1489,4,34,1960,7,5,2025-09-14,57.02,5.2,Debit Card,270.23,139.1,131.13,48.53
1490,6,66,3544,246,1,2025-01-01,250.91,9.2,Online,227.87,143.36,84.51,37.09
1491,12,100,1549,600,5,2025-03-14,179.74,3.2,Credit Card,869.58,355.4,514.18,59.13
1492,11,64,1731,502,1,2025-01-31,139.63,23.7,Online,106.54,100.25,6.29,5.9
1493,11,64,3061,759,5,2025-10-27,283.86,24.9,Cash,1066.52,549.55,516.97,48.47
1494,6,77,731,1036,1,2025-11-20,165.37,9.3,Debit Card,150.06,62.72,87.34,58.2
1495,2,89,1511,1243,4,2025-10-13,287.82,8.5,Credit Card,1053.27,706.48,346.79,32.93
1496,7,41,685,91,4,2025-08-30,132.55,5.3,Cash,502.08,331.64,170.44,33.95
1497,7,62,4943,1366,4,2025-10-05,292.37,7.8,Cash,1077.82,553.24,524.58,48.67
1498,6,96,2104,918,2,2024-12-23,41.34,8.9,Cash,75.29,51.98,23.31,30.96
1499,11,97,1575,1200,2,2025-04-06,214.11,29.9,Debit Card,300.06,286.62,13.44,4.48
1500,9,111,609,172,1,2025-04-11,65.2,11.7,Credit Card,57.56,25.47,32.09,55.75
1501,4,70,277,1496,2,2025-06-23,52.13,6.4,Online,97.6,38.78,58.82,60.27
1502,8,94,1166,7,1,2025-07-02,237.15,5.4,Online,224.23,268.67,-44.44,-19.82
1503,2,28,3562,1113,3,2024-11-08,153.18,9.4,Cash,416.27,272.31,143.96,34.58
1504,10,75,236,537,4,2025-03-22,184.04,27.9,Debit Card,531.01,486.2,44.81,8.44
1505,4,31,831,69,3,2025-03-25,188.91,6.8,Debit Card,528.42,313.68,214.74,40.64
1506,7,95,4916,994,5,2025-11-06,220.14,8.4,Online,1007.74,487.0,520.74,51.67
1507,7,62,1354,880,3,2025-06-04,289.67,5.4,Credit Card,822.28,483.54,338.74,41.2
1508,4,34,1814,270,4,2025-05-18,49.72,9.3,Cash,180.34,87.44,92.9,51.51
1509,9,24,431,402,2,2025-08-23,214.07,7.5,Credit Card,396.13,174.24,221.89,56.01
1510,2,89,3481,64,1,2024-12-25,275.89,4.3,Cash,264.15,185.53,78.62,29.76
1511,12,60,2540,230,5,2025-06-29,299.19,10.4,Online,1340.47,587.05,753.42,56.21
1512,6,78,4724,20,1,2025-02-11,183.9,11.1,Debit Card,163.49,99.97,63.52,38.85
1513,3,53,3165,289,3,2025-09-28,143.86,6.1,Debit Card,405.23,239.43,165.8,40.92
1514,2,110,3194,226,5,2025-04-28,272.54,6.3,Cash,1276.28,587.75,688.53,53.95
1515,11,97,2290,43,3,2025-01-07,102.97,26.4,Debit Card,227.47,141.15,86.32,37.95
1516,12,18,328,206,1,2025-10-13,261.9,10.7,Debit Card,233.86,163.33,70.53,30.16
1517,1,48,2995,219,2,2025-03-26,244.11,26.3,Online,360.01,282.44,77.57,21.55
1518,10,55,4041,713,3,2025-02-03,293.9,25.6,Credit Card,655.85,373.71,282.14,43.02
1519,8,94,20,27,4,2025-09-09,127.31,3.2,Cash,493.12,542.0,-48.88,-9.91
1520,2,8,4880,342,1,2024-12-19,230.99,4.5,Cash,220.63,122.02,98.61,44.69
1521,4,34,3134,257,1,2025-11-07,74.59,10.8,Credit Card,66.55,30.5,36.05,54.17
1522,3,115,3357,138,4,2025-04-11,110.53,9.0,Debit Card,402.12,251.0,151.12,37.58
1523,8,112,866,734,1,2025-02-02,10.61,8.8,Cash,9.68,7.49,2.19,22.62
1524,7,62,1372,282,3,2025-02-27,12.36,8.9,Credit Card,33.78,45.72,-11.94,-35.35
1525,4,31,802,261,1,2025-07-14,106.33,4.0,Credit Card,102.08,74.55,27.53,26.97
1526,11,97,337,1358,5,2025-02-19,132.77,31.7,Cash,453.2,362.85,90.35,19.94
1527,11,63,3588,944,3,2024-10-30,242.62,26.3,Debit Card,536.74,854.7,-317.96,-59.24
1528,6,78,3124,104,4,2025-09-16,203.66,4.8,Credit Card,775.21,391.64,383.57,49.48
1529,5,40,1054,194,3,2025-08-03,245.44,9.6,Credit Card,665.29,870.3,-205.01,-30.82
1530,2,73,4845,489,2,2025-03-09,27.05,5.2,Credit Card,51.31,27.28,24.03,46.83
1531,7,19,4795,276,3,2024-11-12,213.27,10.2,Debit Card,574.32,254.94,319.38,55.61
1532,9,2,1344,216,5,2025-06-01,169.2,9.5,Debit Card,765.31,540.9,224.41,29.32
1533,8,85,1702,1445,2,2024-10-17,90.55,9.7,Credit Card,163.57,81.4,82.17,50.24
1534,12,100,2043,83,1,2025-01-06,269.9,6.8,Credit Card,251.53,134.77,116.76,46.42
1535,7,7,2783,170,5,2025-08-14,72.12,8.0,Cash,331.64,226.3,105.34,31.76
1536,11,63,3424,199,4,2025-06-30,241.7,22.9,Credit Card,745.18,514.24,230.94,30.99
1537,6,96,4920,35,1,2025-04-07,288.87,9.7,Cash,260.97,142.36,118.61,45.45
1538,11,63,4322,234,1,2025-10-25,74.96,23.8,Cash,57.11,48.69,8.42,14.74
1539,2,45,1517,263,5,2025-09-14,36.02,7.1,Debit Card,167.33,76.35,90.98,54.37
1540,6,77,2694,133,1,2024-10-09,208.8,10.1,Credit Card,187.66,109.88,77.78,41.45
1541,11,12,3331,1386,1,2025-11-19,90.84,27.9,Online,65.47,64.87,0.6,0.92
1542,1,118,1448,268,1,2025-11-18,125.82,23.5,Debit Card,96.21,69.95,26.26,27.29
1543,6,66,2045,291,5,2024-11-28,107.75,5.6,Debit Card,508.48,233.65,274.83,54.05
1544,7,7,4275,1182,4,2025-08-25,5.88,7.0,Online,21.87,16.76,5.11,23.37
1545,4,42,411,138,3,2025-01-27,138.32,3.5,Cash,400.63,176.76,223.87,55.88
1546,10,87,3428,403,2,2025-10-29,103.76,32.0,Cash,141.13,128.64,12.49,8.85
1547,11,63,3672,225,5,2025-09-23,154.99,33.0,Credit Card,519.39,352.95,166.44,32.05
1548,7,41,4757,186,3,2025-08-16,141.46,11.4,Credit Card,375.84,183.78,192.06,51.1
1549,9,25,833,189,1,2025-11-21,235.35,5.3,Cash,222.91,93.9,129.01,57.88
1550,1,3,96,13,2,2024-10-03,44.16,22.8,Cash,68.19,51.6,16.59,24.33
1551,4,31,459,964,5,2025-05-09,18.18,4.4,Cash,86.94,60.1,26.84,30.87
1552,10,16,4352,293,2,2025-05-19,85.98,32.5,Debit Card,116.15,71.2,44.95,38.7
1553,4,34,3665,1298,2,2025-08-05,76.94,11.5,Credit Card,136.2,57.04,79.16,58.12
1554,4,1,3646,1037,2,2025-10-15,261.37,8.6,Credit Card,477.54,244.68,232.86,48.76
1555,1,48,3395,1455,3,2025-07-24,16.63,30.2,Online,34.8,33.99,0.81,2.33
1556,7,95,2917,17,3,2025-04-24,11.23,3.3,Online,32.57,18.84,13.73,42.16
1557,8,85,2845,446,1,2025-06-28,63.57,3.2,Credit Card,61.51,25.01,36.5,59.34
1558,11,81,1171,1364,1,2025-06-04,117.61,25.9,Debit Card,87.14,57.81,29.33,33.66
1559,7,41,363,806,1,2025-02-15,25.15,3.5,Debit Card,24.27,14.69,9.58,39.47
1560,2,26,4981,159,1,2024-12-31,269.89,3.6,Debit Card,260.16,149.07,111.09,42.7
1561,4,56,2401,57,2,2025-11-27,171.84,6.9,Credit Card,319.83,171.24,148.59,46.46
1562,2,45,2545,505,4,2025-07-07,68.27,3.1,Debit Card,264.7,174.92,89.78,33.92
1563,7,62,2671,476,4,2025-06-26,247.76,3.1,Cash,959.84,439.44,520.4,54.22
1564,4,70,133,147,4,2025-04-29,9.06,8.6,Debit Card,33.13,24.68,8.45,25.51
1565,7,7,3593,917,3,2025-06-24,182.63,9.3,Cash,497.05,371.19,125.86,25.32
1566,6,96,169,397,2,2025-02-18,41.76,11.7,Debit Card,73.76,45.88,27.88,37.8
1567,10,75,628,208,1,2025-11-28,153.9,25.0,Cash,115.38,77.75,37.63,32.61
1568,10,75,4692,233,3,2025-04-05,194.61,26.9,Online,426.97,348.78,78.19,18.31
1569,3,21,4939,124,1,2025-05-12,34.17,8.3,Debit Card,31.32,40.41,-9.09,-29.02
1570,9,2,4492,270,4,2025-03-31,81.38,9.7,Credit Card,293.83,197.0,96.83,32.95
1571,11,97,3544,252,3,2024-11-30,250.91,29.2,Debit Card,532.97,430.08,102.89,19.31
1572,8,94,2982,1330,1,2025-09-11,164.75,11.9,Debit Card,145.2,114.65,30.55,21.04
1573,7,5,555,255,3,2025-04-05,189.31,7.5,Online,525.39,281.13,244.26,46.49
1574,3,21,3455,833,1,2025-09-27,267.12,4.1,Credit Card,256.04,98.63,157.41,61.48
1575,5,76,3976,343,5,2024-12-19,37.15,9.7,Debit Card,167.68,110.35,57.33,34.19
1576,11,44,4149,113,4,2025-11-05,169.99,24.9,Online,510.74,335.32,175.42,34.35
1577,8,116,4934,25,2,2025-02-18,192.35,8.9,Credit Card,350.65,207.46,143.19,40.84
1578,2,32,430,606,1,2025-02-18,141.68,7.6,Credit Card,130.87,67.6,63.27,48.35
1579,4,1,2441,908,1,2025-02-20,136.9,8.9,Credit Card,124.77,87.99,36.78,29.48
1580,5,105,279,1125,1,2025-05-24,96.69,7.1,Cash,89.85,120.04,-30.19,-33.6
1581,2,73,2847,552,1,2025-02-16,25.55,6.5,Debit Card,23.89,16.99,6.9,28.88
1582,6,74,3618,218,5,2025-06-14,31.38,4.7,Online,149.53,87.4,62.13,41.55
1583,7,7,4582,247,3,2025-02-05,117.36,6.0,Cash,331.01,208.92,122.09,36.88
1584,8,91,232,782,4,2024-11-04,106.73,3.3,Debit Card,412.67,229.96,182.71,44.28
1585,12,108,1315,90,1,2025-04-28,112.33,7.5,Credit Card,103.95,71.16,32.79,31.54
1586,4,34,1072,227,4,2025-10-15,101.96,6.9,Credit Card,379.8,209.12,170.68,44.94
1587,5,40,4561,27,4,2025-03-21,241.18,4.0,Debit Card,925.74,459.6,466.14,50.35
1588,3,21,3605,53,1,2024-11-27,70.46,8.1,Credit Card,64.78,34.43,30.35,46.85
1589,5,113,3828,116,2,2025-10-20,259.44,11.0,Online,461.64,369.68,91.96,19.92
1590,6,78,3651,391,1,2025-03-29,67.57,7.6,Debit Card,62.43,28.91,33.52,53.69
1591,4,34,2357,1261,1,2025-04-12,87.62,3.4,Credit Card,84.61,61.61,23.0,27.18
1592,11,97,738,183,1,2025-01-02,16.93,32.6,Debit Card,11.42,10.45,0.97,8.49
1593,6,99,3140,251,1,2025-03-30,171.49,11.2,Cash,152.26,87.56,64.7,42.49
1594,9,27,2703,286,2,2025-09-03,232.35,11.6,Debit Card,410.93,296.5,114.43,27.85
1595,4,34,4534,143,4,2025-04-11,280.19,10.6,Debit Card,1001.8,674.12,327.68,32.71
1596,7,62,1857,570,5,2025-02-05,253.11,6.9,Online,1178.49,778.4,400.09,33.95
1597,8,94,1546,107,5,2025-06-16,298.01,6.4,Debit Card,1394.47,696.2,698.27,50.07
1598,12,102,4602,95,5,2025-01-30,191.63,5.6,Cash,904.66,1209.75,-305.09,-33.72
1599,10,33,806,103,2,2025-12-06,60.32,22.3,Debit Card,93.7,74.46,19.24,20.53
1600,3,115,1361,240,5,2025-02-20,178.53,11.1,Cash,793.51,357.1,436.41,55.0
1601,7,104,4292,126,1,2024-12-06,207.77,9.1,Debit Card,188.84,111.02,77.82,41.21
1602,9,25,1643,217,1,2024-12-01,32.75,10.4,Debit Card,29.35,12.12,17.23,58.71
1603,11,44,1317,189,1,2025-09-24,133.66,22.8,Online,103.13,87.65,15.48,15.01
1604,10,71,2343,993,3,2024-10-30,189.1,27.7,Credit Card,410.01,281.16,128.85,31.43
1605,1,50,2980,110,1,2025-03-20,164.82,26.1,Debit Card,121.78,64.49,57.29,47.04
1606,12,102,7,154,2,2025-07-15,50.63,7.0,Cash,94.15,58.08,36.07,38.31
1607,1,54,4243,1358,3,2025-01-07,133.4,25.7,Online,297.2,182.85,114.35,38.48
1608,7,62,1317,123,5,2025-07-18,133.66,10.5,Credit Card,598.12,438.25,159.87,26.73
1609,2,28,1288,891,3,2025-08-07,202.49,3.3,Online,587.64,238.77,348.87,59.37
1610,8,80,1700,71,2,2024-10-15,284.79,7.7,Debit Card,526.0,317.6,208.4,39.62
1611,6,74,4265,294,1,2025-03-11,226.0,9.7,Credit Card,204.15,141.2,62.95,30.84
1612,2,45,1874,46,2,2025-05-14,283.49,8.7,Online,517.41,399.58,117.83,22.77
1613,4,31,449,205,1,2024-12-21,80.26,11.7,Credit Card,70.89,28.7,42.19,59.51
1614,7,84,1590,1367,1,2025-01-07,185.44,10.9,Online,165.19,68.66,96.53,58.44
1615,12,102,1238,428,2,2025-07-06,56.65,4.6,Cash,108.14,80.36,27.78,25.69
1616,8,109,2422,104,2,2025-10-10,166.87,6.5,Debit Card,311.94,156.12,155.82,49.95
1617,5,105,150,927,5,2025-11-20,116.36,9.7,Credit Card,525.24,292.25,232.99,44.36
1618,2,110,2989,464,5,2025-03-27,152.28,6.8,Credit Card,709.68,488.95,220.73,31.1
1619,2,73,3800,1284,2,2025-08-02,55.11,6.8,Credit Card,102.72,55.88,46.84,45.6
1620,4,56,1812,115,2,2025-09-14,88.98,4.9,Debit Card,169.21,115.36,53.85,31.82
1621,3,115,542,61,1,2025-11-28,109.31,4.5,Online,104.4,41.21,63.19,60.53
1622,7,19,4295,405,5,2025-10-05,46.13,8.9,Cash,210.09,135.05,75.04,35.72
1623,5,119,2691,1241,2,2025-07-27,29.56,11.9,Credit Card,52.09,25.12,26.97,51.78
1624,5,119,2823,834,5,2024-10-12,55.64,11.4,Debit Card,246.62,119.3,127.32,51.63
1625,10,55,29,206,3,2024-12-07,44.14,27.5,Debit Card,96.03,46.92,49.11,51.14
1626,8,85,439,216,5,2024-10-22,61.44,11.8,Credit Card,270.87,139.8,131.07,48.39
1627,1,118,4610,167,1,2025-03-20,60.85,28.9,Credit Card,43.28,24.47,18.81,43.46
1628,6,66,4312,1252,1,2025-09-30,152.45,6.9,Debit Card,141.94,102.08,39.86,28.08
1629,12,102,410,935,5,2025-04-25,123.62,4.3,Credit Card,591.78,386.9,204.88,34.62
1630,6,77,2989,134,5,2024-12-24,152.28,7.3,Debit Card,705.96,488.95,217.01,30.74
1631,4,42,310,161,2,2025-03-19,78.93,3.8,Online,151.91,79.92,71.99,47.39
1632,7,19,3955,720,4,2025-10-16,21.86,9.1,Debit Card,79.48,52.8,26.68,33.57
1633,11,64,4105,213,2,2025-01-07,252.85,23.8,Cash,385.45,264.44,121.01,31.39
1634,9,106,2148,330,1,2025-05-22,247.8,10.9,Debit Card,220.91,123.68,97.23,44.01
1635,9,65,3790,78,2,2025-11-07,281.47,5.1,Credit Card,534.35,204.66,329.69,61.7
1636,8,57,1870,980,2,2025-08-24,139.85,6.5,Online,261.39,146.66,114.73,43.89
1637,1,3,4814,279,1,2025-10-06,62.81,32.2,Debit Card,42.59,33.25,9.34,21.93
1638,11,12,3970,978,2,2025-02-09,19.72,26.1,Debit Card,29.14,26.02,3.12,10.71
1639,12,93,3680,645,3,2025-03-02,192.78,3.7,Debit Card,556.66,415.29,141.37,25.4
1640,9,61,3162,215,1,2025-03-28,92.24,11.4,Online,81.74,42.14,39.6,48.45
1641,12,93,2591,542,1,2025-08-12,225.31,11.6,Debit Card,199.25,89.41,109.84,55.13
1642,4,56,1941,30,1,2025-03-14,249.47,8.0,Debit Card,229.55,165.25,64.3,28.01
1643,3,88,4015,219,2,2024-10-26,242.21,6.9,Credit Card,450.83,252.62,198.21,43.97
1644,12,93,2945,218,5,2025-04-19,281.88,7.3,Online,1306.79,790.4,516.39,39.52
1645,2,13,4927,211,5,2024-11-13,278.61,6.1,Debit Card,1307.78,611.85,695.93,53.21
1646,4,42,2228,59,1,2025-08-07,84.67,6.9,Credit Card,78.8,58.96,19.84,25.18
1647,7,95,3315,244,1,2025-03-27,7.49,7.5,Debit Card,6.93,4.43,2.5,36.08
1648,10,55,398,786,4,2025-07-14,122.06,27.9,Debit Card,351.99,272.56,79.43,22.57
1649,1,98,3926,162,1,2025-04-16,168.24,28.8,Cash,119.79,115.98,3.81,3.18
1650,2,26,1050,956,1,2025-10-17,29.12,9.8,Debit Card,26.28,17.96,8.32,31.66
1651,1,98,3363,293,2,2025-11-13,244.42,29.8,Online,343.27,316.88,26.39,7.69
1652,6,107,1239,673,3,2025-10-18,22.33,11.6,Credit Card,59.2,75.15,-15.95,-26.94
1653,10,33,516,1194,2,2024-11-29,169.82,23.4,Cash,260.32,227.9,32.42,12.45
1654,7,19,794,242,1,2025-02-11,239.21,3.8,Cash,230.16,98.42,131.74,57.24
1655,8,94,4971,1035,3,2025-11-07,82.92,8.2,Debit Card,228.4,137.34,91.06,39.87
1656,2,45,3738,71,1,2025-10-24,68.85,7.3,Credit Card,63.83,38.8,25.03,39.21
1657,1,48,3418,836,5,2025-04-15,205.41,32.1,Debit Card,697.02,436.95,260.07,37.31
1658,11,81,3187,1002,1,2024-10-05,192.28,22.8,Debit Card,148.5,92.65,55.85,37.61
1659,12,60,3741,1211,2,2025-12-07,86.59,9.9,Online,156.06,81.0,75.06,48.1
1660,2,114,4669,41,2,2025-07-03,46.28,11.0,Cash,82.38,55.78,26.6,32.29
1661,8,57,4238,59,2,2025-01-18,278.2,7.8,Debit Card,513.0,378.08,134.92,26.3
1662,5,22,4829,12,5,2025-05-28,248.57,3.8,Debit Card,1195.6,732.65,462.95,38.72
1663,11,44,181,253,2,2025-03-31,253.74,24.6,Credit Card,382.5,659.4,-276.9,-72.39
1664,6,96,1182,97,5,2025-10-15,183.23,5.0,Credit Card,870.23,384.6,485.63,55.8
1665,4,1,2142,284,1,2025-08-30,283.95,10.7,Debit Card,253.44,122.0,131.44,51.86
1666,3,53,2694,1177,1,2025-11-01,208.8,8.2,Cash,191.64,109.88,81.76,42.66
1667,11,63,1797,164,1,2025-01-19,249.89,23.2,Credit Card,191.96,176.87,15.09,7.86
1668,9,106,553,3,2,2025-07-31,147.48,6.3,Online,276.49,160.52,115.97,41.94
1669,5,105,3172,1170,4,2025-05-03,191.61,3.6,Debit Card,739.22,363.56,375.66,50.82
1670,7,7,303,366,2,2025-04-09,262.69,5.5,Cash,496.47,266.9,229.57,46.24
1671,12,108,1303,101,2,2024-12-21,141.84,6.2,Online,265.98,176.04,89.94,33.81
1672,7,19,3405,578,1,2024-12-21,26.44,3.8,Debit Card,25.44,16.12,9.32,36.64
1673,7,19,2546,399,2,2025-03-20,59.47,6.7,Cash,110.91,54.56,56.35,50.81
1674,8,85,1254,191,2,2025-05-16,60.91,6.5,Online,113.9,57.24,56.66,49.75
1675,3,53,4277,107,1,2025-04-24,254.96,11.6,Debit Card,225.48,167.67,57.81,25.64
1676,1,50,4460,1478,1,2025-10-31,253.12,31.2,Cash,174.25,139.54,34.71,19.92
1677,4,42,848,430,1,2025-07-22,7.77,8.9,Online,7.08,4.04,3.04,42.94
1678,1,48,2326,1,2,2025-09-12,208.83,30.6,Online,290.02,177.1,112.92,38.94
1679,4,1,3396,63,4,2025-08-09,180.95,11.0,Credit Card,644.51,348.28,296.23,45.96
1680,11,64,2799,124,2,2025-04-17,99.8,25.6,Credit Card,148.53,77.28,71.25,47.97
1681,2,69,1411,940,1,2025-06-22,200.58,7.7,Debit Card,185.16,121.77,63.39,34.24
1682,8,91,4803,238,2,2025-04-30,43.51,5.9,Debit Card,81.9,59.62,22.28,27.2
1683,6,66,1446,31,1,2025-10-03,12.5,7.1,Credit Card,11.62,6.97,4.65,40.02
1684,5,22,2445,133,2,2025-05-24,147.85,3.7,Credit Card,284.85,183.36,101.49,35.63
1685,2,11,1463,1443,1,2024-10-22,216.97,4.5,Debit Card,207.25,108.62,98.63,47.59
1686,10,67,2802,804,2,2025-07-19,19.85,31.4,Debit Card,27.24,28.52,-1.28,-4.7
1687,3,53,1794,3,1,2025-05-12,232.73,3.2,Credit Card,225.26,95.27,129.99,57.71
1688,9,111,4716,1017,5,2025-02-08,126.7,9.4,Credit Card,573.67,347.1,226.57,39.49
1689,5,47,4332,97,1,2025-01-21,119.85,8.3,Debit Card,109.91,71.98,37.93,34.51
1690,2,114,2765,166,1,2025-09-03,69.85,10.7,Credit Card,62.38,40.32,22.06,35.36
1691,1,29,349,60,5,2025-06-29,263.46,32.9,Credit Card,883.79,1472.65,-588.86,-66.63
1692,5,76,717,6,1,2025-10-22,247.69,11.4,Debit Card,219.48,137.36,82.12,37.42
1693,3,53,2196,253,5,2025-05-04,257.01,11.1,Credit Card,1142.2,818.85,323.35,28.31
1694,5,119,817,143,2,2025-04-21,271.81,7.8,Debit Card,501.01,385.22,115.79,23.11
1695,8,9,3833,181,1,2025-02-28,88.08,6.3,Debit Card,82.53,57.91,24.62,29.83
1696,4,1,907,85,1,2025-07-16,21.55,10.8,Online,19.22,11.25,7.97,41.47
1697,6,99,3560,920,2,2024-12-07,245.9,11.5,Debit Card,435.39,224.1,211.29,48.53
1698,8,112,553,87,1,2025-08-13,147.48,4.5,Debit Card,140.91,80.26,60.65,43.04
1699,3,46,4215,259,1,2025-06-27,237.07,8.2,Credit Card,217.62,143.34,74.28,34.13
1700,10,33,4681,235,5,2025-03-15,280.92,24.2,Debit Card,1064.49,910.95,153.54,14.42
1701,12,18,1028,1260,1,2025-09-19,114.25,7.8,Cash,105.31,77.49,27.82,26.42
1702,8,112,4651,1464,5,2025-05-26,43.36,3.6,Debit Card,208.95,115.2,93.75,44.87
1703,1,4,1743,1218,1,2025-01-12,32.87,26.4,Online,24.19,22.06,2.13,8.81
1704,10,33,4127,701,1,2025-08-13,287.08,28.3,Cash,205.69,194.67,11.02,5.36
1705,4,31,4620,216,1,2025-03-10,217.43,10.8,Credit Card,193.84,122.32,71.52,36.9
1706,6,107,3669,66,1,2024-12-22,204.7,7.1,Credit Card,190.19,75.6,114.59,60.25
1707,11,44,1392,1110,1,2025-09-22,125.98,25.7,Cash,93.66,83.6,10.06,10.74
1708,4,70,2732,649,5,2025-04-13,91.73,5.0,Cash,435.92,253.05,182.87,41.95
1709,7,5,983,66,4,2024-11-25,85.69,10.8,Credit Card,305.81,215.72,90.09,29.46
1710,4,1,843,45,1,2025-04-07,123.91,4.3,Credit Card,118.64,48.17,70.47,59.4
1711,6,74,3108,523,1,2025-09-22,100.7,4.4,Credit Card,96.28,40.71,55.57,57.72
1712,10,90,2887,1218,1,2024-11-07,99.77,30.0,Debit Card,69.86,47.42,22.44,32.12
1713,4,56,840,107,5,2024-10-27,40.89,3.3,Cash,197.79,79.45,118.34,59.83
1714,6,78,4473,206,3,2025-05-29,239.55,3.3,Cash,695.05,493.98,201.07,28.93
1715,8,85,4502,1394,2,2024-11-09,212.6,3.9,Cash,408.42,283.94,124.48,30.48
1716,2,89,548,1338,4,2025-06-19,204.45,4.7,Credit Card,779.35,288.92,490.43,62.93
1717,5,47,1638,597,2,2025-05-12,248.76,3.6,Debit Card,479.53,244.32,235.21,49.05
1718,12,93,1155,238,4,2025-10-09,246.99,11.6,Cash,873.8,369.52,504.28,57.71
1719,7,19,4174,187,4,2025-07-31,230.52,5.7,Online,869.39,402.24,467.15,53.73
1720,5,47,484,196,1,2025-07-01,267.33,11.7,Credit Card,236.08,167.47,68.61,29.06
1721,7,41,858,253,1,2025-03-09,204.14,10.9,Cash,181.91,126.36,55.55,30.54
1722,3,14,4615,564,1,2025-07-19,141.46,9.9,Online,127.47,51.88,75.59,59.3
1723,11,64,421,256,1,2025-08-31,122.72,32.0,Online,83.44,87.9,-4.46,-5.35
1724,4,31,1068,115,4,2025-02-28,39.25,9.5,Cash,142.01,64.0,78.01,54.93
1725,5,47,3144,760,2,2024-10-14,218.86,6.4,Credit Card,409.72,239.08,170.64,41.65
1726,12,102,692,227,1,2025-09-06,105.5,10.9,Debit Card,94.02,51.32,42.7,45.42
1727,11,97,2180,287,1,2024-11-15,78.78,30.8,Debit Card,54.54,97.64,-43.1,-79.02
1728,3,115,3827,829,1,2025-02-08,275.11,5.1,Online,261.1,99.15,161.95,62.03
1729,6,77,3202,193,5,2025-06-20,56.98,8.5,Debit Card,260.8,151.0,109.8,42.1
1730,10,90,3985,1290,3,2025-06-30,123.22,33.3,Credit Card,246.47,158.31,88.16,35.77
1731,12,100,3317,256,2,2025-08-10,195.22,9.2,Cash,354.4,203.0,151.4,42.72
1732,7,5,1749,612,1,2025-09-30,181.25,5.3,Cash,171.67,118.2,53.47,31.15
1733,6,66,2276,766,5,2025-03-27,113.05,11.9,Online,497.94,277.25,220.69,44.32
1734,6,78,670,183,1,2025-01-07,59.13,9.0,Credit Card,53.79,23.83,29.96,55.7
1735,5,119,2992,130,2,2025-08-22,26.03,6.5,Cash,48.69,22.78,25.91,53.21
1736,6,72,4459,1271,3,2025-05-15,219.65,8.3,Debit Card,604.23,242.73,361.5,59.83
1737,6,74,642,157,5,2024-11-15,263.88,6.7,Cash,1231.39,754.7,476.69,38.71
1738,10,55,1871,55,2,2025-04-05,243.77,26.7,Credit Card,357.59,192.08,165.51,46.28
1739,8,94,4507,248,5,2025-07-05,296.97,11.5,Cash,1314.59,526.6,787.99,59.94
1740,1,98,4825,975,5,2025-11-16,225.75,24.2,Credit Card,855.73,702.9,152.83,17.86
1741,2,11,389,142,1,2025-02-07,191.24,6.9,Debit Card,178.13,110.0,68.13,38.25
1742,6,99,2841,247,5,2025-04-05,213.18,5.0,Credit Card,1013.06,509.7,503.36,49.69
1743,6,107,4842,181,2,2024-11-23,118.59,8.5,Cash,217.13,127.08,90.05,41.47
1744,7,7,1817,13,1,2024-12-05,187.07,8.1,Credit Card,171.99,79.25,92.74,53.92
1745,1,79,3632,69,2,2025-11-15,256.48,32.4,Cash,346.56,214.7,131.86,38.05
1746,6,96,2797,892,2,2025-02-12,248.73,10.7,Debit Card,444.46,312.22,132.24,29.75
1747,8,94,2067,1304,1,2025-02-17,115.99,3.3,Cash,112.12,41.99,70.13,62.55
1748,3,88,4329,3,2,2025-06-21,266.9,3.3,Credit Card,516.08,380.9,135.18,26.19
1749,4,56,3346,1084,2,2025-02-14,114.41,9.6,Cash,206.83,130.16,76.67,37.07
1750,1,17,4850,672,5,2025-05-02,247.64,33.9,Online,818.98,502.6,316.38,38.63
1751,3,21,3079,555,1,2025-02-23,278.08,9.3,Cash,252.26,197.71,54.55,21.62
1752,7,84,3965,216,5,2025-05-19,18.49,10.0,Debit Card,83.17,33.75,49.42,59.42
1753,9,61,855,166,2,2025-07-21,109.71,11.3,Credit Card,194.72,129.22,65.5,33.64
1754,2,13,4,206,1,2025-10-17,274.78,5.9,Debit Card,258.49,153.13,105.36,40.76
1755,12,60,2197,305,3,2025-07-17,147.61,8.5,Credit Card,405.03,272.67,132.36,32.68
1756,6,77,1152,1341,5,2025-05-11,200.82,6.2,Cash,941.55,1069.8,-128.25,-13.62
1757,7,95,41,104,5,2025-06-28,175.14,10.1,Cash,787.37,472.4,314.97,40.0
1758,2,23,3803,1422,4,2025-04-07,246.21,10.2,Online,884.69,642.56,242.13,27.37
1759,8,94,959,117,1,2025-06-02,124.1,7.4,Online,114.95,62.33,52.62,45.78
1760,2,110,1495,1038,5,2025-01-29,241.71,9.9,Cash,1088.74,641.4,447.34,41.09
1761,12,100,2734,481,5,2025-05-29,138.8,6.5,Cash,648.87,267.25,381.62,58.81
1762,10,90,4910,736,4,2025-04-14,239.73,27.4,Debit Card,696.5,358.92,337.58,48.47
1763,5,113,597,995,2,2025-02-10,276.53,5.8,Debit Card,520.91,329.9,191.01,36.67
1764,10,16,1067,6,1,2025-09-08,61.52,24.3,Debit Card,46.58,22.92,23.66,50.79
1765,10,71,720,673,2,2025-04-23,222.09,25.5,Online,331.11,179.34,151.77,45.84
1766,6,77,1074,1488,1,2025-08-13,292.78,3.3,Credit Card,283.12,185.82,97.3,34.37
1767,1,58,3920,248,1,2025-06-07,153.34,27.3,Credit Card,111.49,93.18,18.31,16.42
1768,7,7,3349,271,5,2025-01-17,83.58,11.6,Cash,369.4,209.05,160.35,43.41
1769,6,99,1664,53,1,2025-07-10,200.07,3.0,Cash,194.05,78.6,115.45,59.49
1770,4,56,1313,171,2,2024-11-14,94.55,11.4,Debit Card,167.51,110.66,56.85,33.94
1771,2,73,4316,338,2,2025-01-03,40.27,3.8,Credit Card,77.48,102.78,-25.3,-32.65
1772,6,107,30,60,1,2024-10-19,185.07,8.2,Debit Card,169.96,85.29,84.67,49.82
1773,9,111,894,167,1,2025-03-07,132.05,7.0,Debit Card,122.86,77.86,45.0,36.63
1774,8,57,3969,174,1,2025-10-10,14.87,4.8,Debit Card,14.16,5.77,8.39,59.25
1775,10,33,3912,939,1,2025-05-10,142.86,23.7,Credit Card,109.02,71.98,37.04,33.98
1776,6,99,4309,269,5,2025-02-10,86.17,5.6,Online,406.53,506.15,-99.62,-24.5
1777,5,22,3161,278,1,2025-01-24,106.77,9.7,Debit Card,96.4,68.59,27.81,28.85
1778,10,33,1170,142,1,2025-08-14,43.69,26.7,Debit Card,32.03,24.49,7.54,23.54
1779,7,62,2956,157,5,2025-08-27,80.93,3.4,Online,390.96,273.9,117.06,29.94
1780,3,53,3980,226,4,2025-10-13,78.72,6.9,Debit Card,293.22,141.4,151.82,51.78
1781,9,52,483,951,2,2025-07-24,178.7,8.9,Credit Card,325.69,192.46,133.23,40.91
1782,6,107,1309,159,1,2025-04-11,282.11,4.1,Credit Card,270.55,100.12,170.43,62.99
1783,11,97,2381,161,1,2024-12-18,217.81,30.4,Debit Card,151.69,86.58,65.11,42.92
1784,2,45,4883,285,2,2024-12-24,85.83,8.4,Online,157.2,81.12,76.08,48.4
1785,5,20,3156,1020,1,2024-12-25,295.23,11.1,Credit Card,262.33,167.6,94.73,36.11
1786,9,52,292,252,1,2025-03-03,247.33,11.3,Credit Card,219.45,151.86,67.59,30.8
1787,6,96,3985,65,1,2024-12-16,123.22,11.7,Credit Card,108.81,52.77,56.04,51.5
1788,9,6,3044,1247,4,2025-08-06,149.63,6.9,Credit Card,557.34,294.72,262.62,47.12
1789,1,98,2322,236,3,2025-04-01,187.39,28.2,Debit Card,403.42,339.96,63.46,15.73
1790,11,12,2829,822,1,2024-12-07,257.02,31.4,Cash,176.29,174.77,1.52,0.86
1791,2,89,3021,22,2,2025-05-20,229.34,9.0,Cash,417.45,215.4,202.05,48.4
1792,9,51,2620,1009,1,2025-02-13,25.64,6.2,Online,24.04,11.62,12.42,51.66
1793,9,52,1000,30,1,2025-02-14,68.85,11.1,Credit Card,61.24,34.17,27.07,44.2
1794,1,86,1932,1403,1,2025-01-03,132.67,23.3,Credit Card,101.8,64.6,37.2,36.54
1795,11,12,2895,1172,4,2025-10-22,176.72,32.1,Debit Card,480.2,399.64,80.56,16.78
1796,5,47,3068,134,4,2024-10-27,155.28,10.2,Online,557.66,261.36,296.3,53.13
1797,6,72,4528,112,2,2025-02-14,232.23,6.7,Credit Card,433.3,274.9,158.4,36.56
1798,5,76,2739,851,4,2025-03-06,150.5,6.2,Debit Card,564.56,395.44,169.12,29.96
1799,11,12,3173,76,1,2025-01-19,49.14,26.0,Credit Card,36.36,18.42,17.94,49.34
1800,10,101,4675,1105,1,2025-08-26,123.55,26.2,Credit Card,91.13,74.13,17.0,18.65
1801,3,14,3004,16,1,2025-08-29,23.47,9.9,Debit Card,21.15,16.55,4.6,21.75
1802,6,72,4490,455,1,2024-12-04,191.1,8.8,Credit Card,174.27,70.78,103.49,59.38
1803,9,6,791,131,1,2025-03-17,285.08,4.6,Debit Card,271.98,162.56,109.42,40.23
1804,10,15,453,1028,2,2024-12-17,39.45,29.1,Debit Card,55.93,55.12,0.81,1.45
1805,4,42,3119,189,4,2025-05-12,147.92,8.6,Debit Card,540.97,332.72,208.25,38.5
1806,2,26,2331,217,2,2025-08-08,102.93,5.9,Credit Card,193.64,137.92,55.72,28.78
1807,3,115,3709,73,2,2024-10-26,134.43,6.3,Debit Card,252.05,179.86,72.19,28.64
1808,7,5,2750,379,1,2025-01-27,192.73,5.1,Credit Card,182.85,106.17,76.68,41.94
1809,1,98,583,236,1,2024-11-02,178.69,30.6,Credit Card,123.93,84.67,39.26,31.68
1810,7,19,2609,5,5,2025-09-16,150.79,4.7,Cash,718.64,421.55,297.09,41.34
1811,10,101,317,693,5,2025-04-18,295.36,23.9,Online,1124.5,675.4,449.1,39.94
1812,10,71,343,65,1,2025-10-15,172.92,22.2,Debit Card,134.46,100.36,34.1,25.36
1813,12,36,456,264,1,2025-03-02,36.28,3.4,Debit Card,35.05,13.4,21.65,61.77
1814,7,19,3871,270,1,2025-09-18,284.6,9.5,Debit Card,257.59,182.38,75.21,29.2
1815,10,75,3472,150,1,2025-05-10,192.46,25.3,Debit Card,143.73,75.29,68.44,47.62
1816,10,55,4444,115,3,2025-10-20,217.98,25.9,Online,484.27,374.55,109.72,22.66
1817,6,107,1217,156,1,2025-06-14,206.12,8.2,Cash,189.3,102.18,87.12,46.02
1818,2,43,1803,200,5,2025-07-10,190.95,11.8,Cash,841.63,412.6,429.03,50.98
1819,1,118,3518,1303,3,2025-08-20,37.42,23.8,Credit Card,85.51,56.82,28.69,33.55
1820,3,115,3366,508,5,2025-07-20,19.48,4.7,Online,92.8,68.0,24.8,26.72
1821,9,52,864,1397,1,2025-07-07,205.93,8.6,Credit Card,188.15,135.59,52.56,27.94
1822,10,75,2016,43,1,2025-07-27,60.02,31.2,Debit Card,41.29,36.46,4.83,11.7
1823,5,92,1791,23,2,2024-12-27,158.96,5.3,Credit Card,300.92,216.66,84.26,28.0
1824,5,105,255,30,3,2025-06-19,94.36,9.6,Online,255.94,104.73,151.21,59.08
1825,10,16,571,1078,3,2024-11-08,260.97,29.9,Online,549.06,470.37,78.69,14.33
1826,10,67,3219,1003,5,2025-01-01,203.26,24.4,Credit Card,767.91,410.5,357.41,46.54
1827,4,1,4361,220,4,2024-12-27,214.22,10.5,Online,766.85,559.96,206.89,26.98
1828,4,34,2656,218,2,2025-09-13,42.94,9.1,Debit Card,78.05,45.44,32.61,41.78
1829,7,7,863,214,1,2025-06-28,180.82,9.2,Cash,164.27,79.85,84.42,51.39
1830,11,64,2839,1334,2,2025-04-10,148.86,23.9,Debit Card,226.68,178.06,48.62,21.45
1831,10,87,2926,131,1,2025-07-14,97.37,27.8,Credit Card,70.26,53.18,17.08,24.31
1832,2,11,2133,656,1,2025-02-22,25.57,9.1,Cash,23.23,10.43,12.8,55.1
1833,7,95,2836,55,2,2024-10-26,86.11,7.7,Cash,158.99,94.54,64.45,40.54
1834,4,56,916,131,5,2025-08-29,276.28,9.2,Online,1254.43,601.1,653.33,52.08
1835,6,74,380,300,1,2025-08-05,248.95,10.9,Credit Card,221.69,130.47,91.22,41.15
1836,1,82,3759,299,3,2025-07-24,271.41,32.3,Online,551.54,554.25,-2.71,-0.49
1837,12,100,205,277,1,2025-12-03,233.41,7.0,Debit Card,217.14,96.06,121.08,55.76
1838,7,104,1927,62,4,2024-12-20,24.9,10.0,Cash,89.65,68.6,21.05,23.48
1839,3,21,3253,765,1,2025-03-03,57.77,5.8,Debit Card,54.39,34.86,19.53,35.91
1840,9,25,437,634,2,2025-08-03,121.12,3.7,Credit Card,233.29,84.88,148.41,63.62
1841,5,47,3409,543,1,2025-09-13,60.89,6.4,Credit Card,56.97,37.77,19.2,33.7
1842,12,100,4671,65,2,2024-11-07,128.9,7.6,Credit Card,238.14,272.02,-33.88,-14.23
1843,6,66,2206,111,3,2025-12-08,231.86,5.5,Cash,657.25,384.99,272.26,41.42
1844,10,15,196,1233,1,2025-11-30,109.52,26.5,Online,80.49,57.71,22.78,28.3
1845,6,99,3588,242,4,2024-11-11,242.62,7.8,Debit Card,894.41,1139.6,-245.19,-27.41
1846,7,84,2213,209,1,2025-11-20,167.69,5.7,Credit Card,158.14,87.58,70.56,44.62
1847,3,53,2724,1118,1,2025-10-02,285.22,4.5,Credit Card,272.27,177.3,94.97,34.88
1848,11,63,2912,148,1,2024-10-09,230.4,29.6,Online,162.3,132.92,29.38,18.1
1849,1,86,3914,979,2,2025-01-09,151.18,24.7,Online,227.74,188.06,39.68,17.42
1850,1,54,4843,221,2,2025-01-23,240.94,32.9,Online,323.53,283.8,39.73,12.28
1851,7,41,3072,365,3,2025-02-10,55.45,5.8,Credit Card,156.66,108.9,47.76,30.49
1852,11,44,1963,183,1,2025-11-26,81.2,31.8,Debit Card,55.39,40.48,14.91,26.92
1853,12,60,3320,1250,4,2025-10-28,230.71,11.7,Credit Card,815.26,336.2,479.06,58.76
1854,10,15,3067,54,1,2025-08-22,260.1,32.0,Cash,176.91,125.33,51.58,29.16
1855,2,110,2438,109,1,2024-12-18,37.93,10.7,Online,33.89,24.38,9.51,28.06
1856,7,7,1264,102,1,2025-04-28,275.77,7.1,Credit Card,256.08,101.03,155.05,60.55
1857,12,18,2669,131,2,2024-12-08,96.31,8.2,Online,176.75,98.8,77.95,44.1
1858,8,91,4218,228,5,2025-11-29,130.28,8.3,Credit Card,597.04,366.75,230.29,38.57
1859,1,54,4065,59,2,2024-12-13,260.33,22.1,Cash,405.44,256.02,149.42,36.85
1860,5,113,1948,20,5,2025-01-15,125.45,11.5,Cash,555.41,256.15,299.26,53.88
1861,10,15,252,283,2,2025-05-25,214.45,27.9,Debit Card,309.37,164.14,145.23,46.94
1862,2,89,1256,252,1,2024-10-27,124.31,11.9,Debit Card,109.48,84.05,25.43,23.23
1863,3,88,659,171,4,2025-10-04,51.6,6.1,Online,193.74,127.8,65.94,34.04
1864,5,76,245,86,1,2025-03-17,185.13,8.6,Credit Card,169.24,77.42,91.82,54.25
1865,10,55,4203,59,5,2025-08-05,66.29,22.3,Debit Card,257.48,132.8,124.68,48.42
1866,5,119,3334,1168,2,2024-10-23,253.53,9.1,Credit Card,461.14,232.86,228.28,49.5
1867,2,45,4101,218,1,2025-09-13,195.12,5.3,Credit Card,184.84,136.03,48.81,26.41
1868,4,1,2242,1358,4,2025-08-27,58.89,10.5,Cash,210.74,142.92,67.82,32.18
1869,7,95,3120,163,4,2025-06-12,91.56,7.7,Credit Card,337.95,131.88,206.07,60.98
1870,6,72,1222,339,1,2025-02-09,176.35,9.5,Credit Card,159.51,63.75,95.76,60.03
1871,3,21,1374,284,1,2024-12-07,228.05,3.2,Debit Card,220.67,130.29,90.38,40.96
1872,4,34,3885,82,2,2024-12-19,190.4,6.6,Credit Card,355.7,489.54,-133.84,-37.63
1873,12,60,1192,247,1,2025-07-11,57.72,8.8,Debit Card,52.66,20.37,32.29,61.32
1874,7,95,670,243,2,2025-07-12,59.13,9.1,Debit Card,107.51,47.66,59.85,55.67
1875,11,12,3147,254,1,2025-05-25,222.37,32.2,Online,150.81,135.7,15.11,10.02
1876,1,58,899,151,2,2025-08-10,20.99,24.1,Credit Card,31.88,27.22,4.66,14.62
1877,8,85,2461,122,1,2025-02-22,193.45,10.2,Credit Card,173.71,116.22,57.49,33.1
1878,8,109,48,206,1,2025-04-16,194.07,8.7,Credit Card,177.23,120.18,57.05,32.19
1879,3,115,4616,1269,2,2025-05-25,49.04,3.9,Online,94.29,58.04,36.25,38.45
1880,6,49,689,285,1,2025-07-01,133.87,10.8,Debit Card,119.44,49.32,70.12,58.71
1881,11,44,3973,235,4,2025-02-18,106.98,30.7,Debit Card,296.57,257.84,38.73,13.06
1882,2,73,767,98,1,2025-05-22,239.95,10.6,Online,214.45,127.83,86.62,40.39
1883,8,57,4692,1279,2,2025-04-10,194.61,10.5,Online,348.33,232.52,115.81,33.25
1884,11,64,3136,480,2,2025-04-07,248.29,25.0,Online,372.55,297.42,75.13,20.17
1885,11,12,3205,1466,3,2025-11-23,164.78,32.0,Credit Card,336.08,345.06,-8.98,-2.67
1886,8,109,3761,85,4,2025-05-05,270.37,9.9,Debit Card,973.88,1280.28,-306.4,-31.46
1887,3,53,1222,196,2,2025-08-07,176.35,6.0,Credit Card,331.69,127.5,204.19,61.56
1888,6,96,2524,167,5,2025-11-23,282.07,6.1,Online,1324.72,773.9,550.82,41.58
1889,11,44,3643,167,5,2025-07-25,88.58,25.8,Online,328.78,246.3,82.48,25.09
1890,1,4,90,17,4,2025-02-16,81.37,22.5,Debit Card,252.27,163.04,89.23,35.37
1891,4,70,3957,270,1,2025-08-28,247.7,7.0,Cash,230.32,89.17,141.15,61.28
1892,9,61,621,327,5,2025-10-08,258.74,8.1,Credit Card,1189.48,779.5,409.98,34.47
1893,7,62,3605,24,1,2025-11-26,70.46,5.0,Online,66.92,34.43,32.49,48.55
1894,4,34,341,1140,5,2024-11-01,287.43,9.0,Debit Card,1307.36,753.1,554.26,42.4
1895,11,64,1545,101,4,2024-12-17,40.47,22.6,Cash,125.35,86.04,39.31,31.36
1896,3,14,431,74,5,2025-03-02,214.07,11.0,Online,952.77,435.6,517.17,54.28
1897,10,67,1449,91,2,2025-05-13,255.16,32.3,Cash,345.5,238.9,106.6,30.85
1898,8,30,1592,211,2,2025-10-03,61.42,7.3,Cash,113.87,83.5,30.37,26.67
1899,12,108,318,42,2,2025-10-15,248.03,10.5,Credit Card,444.05,286.22,157.83,35.54
1900,11,97,1881,972,1,2025-05-23,163.82,32.7,Online,110.19,105.57,4.62,4.19
1901,8,116,3157,540,2,2025-05-19,195.54,7.4,Cash,362.28,471.18,-108.9,-30.06
1902,6,107,4834,237,1,2025-08-11,204.83,4.0,Cash,196.74,95.6,101.14,51.41
1903,7,95,3743,251,1,2025-09-21,231.15,4.0,Debit Card,221.8,162.57,59.23,26.7
1904,2,103,706,204,2,2025-04-16,42.42,8.7,Credit Card,77.43,41.18,36.25,46.82
1905,3,14,618,647,1,2025-07-24,188.5,10.3,Online,169.14,109.03,60.11,35.54
1906,4,1,2920,1360,5,2025-02-09,17.82,3.5,Cash,85.94,49.45,36.49,42.46
1907,6,66,656,277,1,2025-02-12,81.35,4.9,Cash,77.35,40.92,36.43,47.1
1908,2,35,675,282,1,2025-07-02,76.81,6.9,Credit Card,71.53,50.95,20.58,28.77
1909,3,46,689,262,1,2025-07-14,133.87,11.6,Cash,118.31,49.32,68.99,58.31
1910,8,109,4684,1231,3,2025-11-08,81.94,3.9,Cash,236.32,111.87,124.45,52.66
1911,3,14,4918,408,1,2025-02-26,67.56,9.9,Online,60.89,38.19,22.7,37.28
1912,10,75,535,1124,2,2025-06-10,55.45,31.0,Online,76.57,59.1,17.47,22.82
1913,8,116,4076,293,2,2025-07-08,20.31,6.8,Credit Card,37.86,16.9,20.96,55.36
1914,7,84,1126,595,4,2025-02-17,81.85,5.6,Cash,308.94,158.76,150.18,48.61
1915,9,2,1553,467,3,2025-09-19,219.26,6.4,Online,615.86,313.86,302.0,49.04
1916,6,96,1900,221,1,2025-11-05,59.34,6.8,Credit Card,55.3,40.18,15.12,27.34
1917,5,76,1200,69,4,2025-01-15,68.43,10.9,Debit Card,243.94,123.64,120.3,49.32
1918,2,35,3888,211,1,2024-10-01,81.36,11.9,Debit Card,71.7,31.42,40.28,56.18
1919,11,97,304,1117,2,2025-04-11,249.64,33.7,Online,331.24,277.22,54.02,16.31
1920,1,59,1695,468,1,2024-10-25,57.18,33.0,Online,38.33,63.53,-25.2,-65.74
1921,4,42,3717,1331,3,2025-04-17,144.56,3.3,Online,419.54,167.79,251.75,60.01
1922,7,7,3907,140,2,2025-03-11,232.08,4.9,Debit Card,441.35,199.04,242.31,54.9
1923,3,53,678,236,4,2025-07-27,176.5,5.7,Credit Card,665.53,257.2,408.33,61.35
1924,5,92,245,730,3,2025-05-18,185.13,7.1,Online,515.76,232.26,283.5,54.97
1925,8,57,4639,67,1,2025-09-21,18.51,7.6,Credit Card,17.1,7.27,9.83,57.49
1926,2,69,2746,50,1,2025-06-14,177.96,6.3,Debit Card,166.68,96.13,70.55,42.33
1927,9,65,1041,759,2,2025-04-25,257.36,11.3,Online,456.48,205.32,251.16,55.02
1928,5,40,3776,496,2,2025-08-29,180.98,9.5,Online,327.49,228.02,99.47,30.37
1929,5,20,4365,241,1,2025-07-04,191.97,9.2,Debit Card,174.21,99.48,74.73,42.9
1930,3,88,1265,34,4,2024-12-16,240.93,8.2,Cash,884.75,424.52,460.23,52.02
1931,2,13,3029,383,3,2025-03-17,256.65,8.0,Debit Card,708.18,547.47,160.71,22.69
1932,9,120,2223,506,3,2025-11-05,6.72,6.9,Debit Card,18.77,11.58,7.19,38.31
1933,11,97,570,151,2,2025-02-22,247.18,30.6,Debit Card,343.06,174.82,168.24,49.04
1934,4,1,2600,45,1,2025-08-28,115.9,11.5,Credit Card,102.63,72.22,30.41,29.63
1935,5,92,4622,253,1,2025-03-11,39.36,8.3,Credit Card,36.1,21.25,14.85,41.14
1936,3,46,4759,244,2,2025-07-22,132.53,6.7,Cash,247.21,185.38,61.83,25.01
1937,6,96,3911,148,4,2025-01-12,24.87,7.4,Credit Card,92.11,57.88,34.23,37.16
1938,5,76,3800,282,4,2024-12-14,55.11,11.4,Debit Card,195.39,111.76,83.63,42.8
1939,3,14,655,326,5,2024-10-14,60.05,6.1,Cash,281.91,112.85,169.06,59.97
1940,10,90,4055,1268,5,2024-12-18,261.18,22.1,Debit Card,1016.65,672.45,344.2,33.86
1941,1,48,4393,822,4,2024-12-26,264.52,24.3,Credit Card,801.42,539.64,261.78,32.66
1942,10,90,640,928,2,2025-02-09,281.8,24.6,Credit Card,424.82,383.84,40.98,9.65
1943,11,97,1401,93,1,2025-11-21,230.08,25.4,Credit Card,171.73,138.03,33.7,19.62
1944,3,53,343,230,3,2025-03-02,172.92,6.7,Credit Card,484.1,301.08,183.02,37.81
1945,3,21,563,104,1,2025-09-30,275.33,4.3,Debit Card,263.44,142.13,121.31,46.05
1946,5,40,1899,94,1,2024-11-10,299.17,5.6,Online,282.34,184.61,97.73,34.61
1947,9,65,4206,253,1,2025-05-02,190.35,6.6,Debit Card,177.7,127.03,50.67,28.51
1948,12,108,1596,141,2,2025-11-20,189.94,8.0,Online,349.35,145.28,204.07,58.41
1949,12,93,2429,108,3,2025-06-13,265.43,4.3,Credit Card,762.41,429.27,333.14,43.7
1950,4,70,1247,677,4,2025-06-14,16.41,7.0,Credit Card,61.05,23.8,37.25,61.02
1951,12,102,4982,17,4,2025-08-15,274.71,11.4,Credit Card,973.77,790.0,183.77,18.87
1952,2,114,4614,757,2,2025-05-04,265.59,7.6,Debit Card,490.98,349.66,141.32,28.78
1953,1,17,624,1196,1,2024-11-22,32.54,25.3,Credit Card,24.32,22.61,1.71,7.03
1954,12,18,2844,615,3,2025-10-26,296.52,4.8,Debit Card,847.15,407.28,439.87,51.92
1955,7,19,3216,97,1,2025-07-26,118.25,10.2,Credit Card,106.17,55.0,51.17,48.2
1956,9,24,4625,708,5,2025-10-12,272.27,5.8,Credit Card,1283.06,634.55,648.51,50.54
1957,6,78,1198,252,1,2025-03-14,270.37,10.6,Online,241.6,112.7,128.9,53.35
1958,9,120,2058,414,3,2025-04-16,156.02,5.7,Cash,441.34,175.65,265.69,60.2
1959,4,56,2619,197,1,2024-10-15,163.85,8.0,Credit Card,150.69,91.47,59.22,39.3
1960,6,96,1959,96,2,2025-01-25,20.68,8.3,Cash,37.94,27.84,10.1,26.62
1961,2,103,1258,12,2,2025-03-11,94.79,8.9,Credit Card,172.74,119.6,53.14,30.76
1962,11,81,1713,724,5,2025-05-31,248.24,24.3,Debit Card,939.71,523.25,416.46,44.32
1963,11,63,873,214,1,2025-04-18,114.2,27.8,Debit Card,82.42,71.91,10.51,12.75
1964,10,71,661,122,1,2025-07-18,94.52,33.5,Credit Card,62.83,109.45,-46.62,-74.2
1965,5,47,3984,369,1,2025-04-22,232.69,10.0,Credit Card,209.47,129.07,80.4,38.38
1966,7,41,3225,878,5,2024-11-15,16.69,10.2,Credit Card,74.95,41.05,33.9,45.23
1967,12,60,423,265,1,2025-07-07,136.23,4.9,Debit Card,129.52,84.65,44.87,34.64
1968,6,77,2596,785,2,2025-10-20,34.51,5.5,Cash,65.24,44.0,21.24,32.56
1969,1,17,1186,170,5,2025-08-29,244.66,22.6,Credit Card,947.41,564.75,382.66,40.39
1970,3,88,2376,460,4,2025-05-17,250.38,4.9,Debit Card,952.53,603.2,349.33,36.67
1971,5,92,4110,349,2,2025-04-25,177.23,8.4,Credit Card,324.6,191.66,132.94,40.96
1972,9,120,4025,87,2,2025-11-22,29.02,4.6,Debit Card,55.35,23.74,31.61,57.11
1973,1,59,2097,716,1,2025-07-20,96.84,24.0,Cash,73.56,68.08,5.48,7.45
1974,10,16,3415,781,1,2025-06-26,40.74,26.4,Debit Card,29.99,17.35,12.64,42.15
1975,9,24,3660,471,2,2025-02-03,19.6,11.8,Credit Card,34.59,27.16,7.43,21.48
1976,1,68,572,190,1,2025-02-21,254.34,29.3,Credit Card,179.78,133.92,45.86,25.51
1977,12,108,2392,274,4,2025-07-19,19.49,6.2,Credit Card,73.09,32.76,40.33,55.18
1978,2,45,2722,220,1,2025-04-16,159.13,10.2,Credit Card,142.89,110.5,32.39,22.67
1979,4,1,762,2,1,2025-01-25,254.2,5.4,Debit Card,240.5,114.36,126.14,52.45
1980,6,78,2848,6,3,2025-05-30,52.71,7.1,Credit Card,146.97,109.86,37.11,25.25
1981,1,79,3306,99,1,2025-05-14,204.43,23.6,Credit Card,156.15,126.93,29.22,18.71
1982,7,19,1463,1240,1,2024-12-15,216.97,10.0,Credit Card,195.2,108.62,86.58,44.35
1983,9,24,1309,395,1,2025-08-06,282.11,6.8,Credit Card,263.03,100.12,162.91,61.94
1984,9,2,3995,195,1,2025-01-23,47.13,8.4,Cash,43.15,29.13,14.02,32.49
1985,9,120,4734,322,2,2025-07-27,158.48,4.5,Credit Card,302.85,216.72,86.13,28.44
1986,2,89,4849,32,1,2025-03-15,278.48,11.4,Credit Card,246.63,130.24,116.39,47.19
1987,2,26,3926,53,2,2025-12-05,168.24,11.9,Credit Card,296.43,231.96,64.47,21.75
1988,1,68,3399,41,2,2025-12-07,82.08,28.7,Credit Card,117.02,105.3,11.72,10.02
1989,10,87,872,952,1,2025-03-13,254.64,23.6,Credit Card,194.54,144.99,49.55,25.47
1990,2,28,3062,1500,2,2025-08-16,245.6,4.3,Debit Card,470.05,550.46,-80.41,-17.11
1991,3,21,4604,112,1,2025-09-28,69.12,9.8,Cash,62.34,49.18,13.16,21.11
1992,2,13,7,242,1,2024-10-24,50.63,10.4,Debit Card,45.38,29.04,16.34,36.01
1993,5,76,2897,67,1,2024-12-07,226.79,7.9,Online,208.78,106.72,102.06,48.88
1994,4,1,1185,1146,1,2025-09-10,272.33,8.1,Cash,250.14,174.28,75.86,30.33
1995,7,104,4118,78,2,2025-05-21,155.32,10.1,Cash,279.42,168.62,110.8,39.65
1996,7,19,2998,263,4,2025-06-24,24.57,5.2,Online,93.13,119.72,-26.59,-28.55
1997,7,19,3201,291,3,2025-07-29,119.11,4.6,Online,340.88,135.48,205.4,60.26
1998,5,113,2089,241,2,2024-10-03,165.99,9.7,Debit Card,299.88,119.76,180.12,60.06
1999,12,100,3613,31,5,2025-10-26,191.36,7.4,Cash,885.81,573.4,312.41,35.27
2000,10,75,4945,557,2,2025-08-06,216.55,24.4,Cash,327.22,281.64,45.58,13.93
2001,4,70,3931,1158,3,2025-01-28,265.48,11.9,Online,701.38,470.85,230.53,32.87
2002,8,91,1069,46,2,2024-10-11,219.88,10.7,Online,392.78,225.8,166.98,42.51
2003,4,1,885,685,1,2024-12-04,276.44,4.7,Online,263.47,110.25,153.22,58.15
2004,5,76,4531,964,4,2025-07-24,100.41,7.0,Online,373.53,437.72,-64.19,-17.18
2005,8,85,3038,82,4,2025-01-13,87.78,8.9,Online,320.02,242.8,77.22,24.13
2006,3,88,2839,1483,3,2025-04-05,148.86,5.7,Credit Card,421.33,267.09,154.24,36.61
2007,7,19,3535,150,1,2025-05-29,24.54,10.5,Credit Card,21.95,17.13,4.82,21.96
2008,1,59,2108,155,4,2025-07-09,121.39,22.2,Online,377.72,223.8,153.92,40.75
2009,2,114,2345,284,2,2024-11-23,229.47,4.0,Credit Card,440.66,294.82,145.84,33.1
2010,12,36,3086,958,1,2025-02-19,85.65,5.2,Credit Card,81.24,31.63,49.61,61.07
2011,2,13,2843,230,1,2025-03-24,25.56,8.4,Cash,23.42,14.3,9.12,38.94
2012,11,64,1219,273,2,2025-01-14,127.72,33.5,Credit Card,169.8,151.56,18.24,10.74
2013,5,20,635,351,4,2025-11-04,261.12,9.3,Online,947.51,542.88,404.63,42.7
2014,12,36,3594,878,1,2025-02-17,45.15,4.5,Online,43.13,25.48,17.65,40.92
2015,2,23,383,441,5,2025-06-01,258.89,9.9,Online,1166.55,612.55,554.0,47.49
2016,4,70,1467,85,3,2025-05-09,29.87,3.9,Debit Card,86.14,35.19,50.95,59.15
2017,1,50,1932,301,1,2024-11-28,132.67,25.1,Credit Card,99.33,64.6,34.73,34.96
2018,6,72,1809,107,4,2025-03-09,154.49,9.9,Credit Card,556.6,350.4,206.2,37.05
2019,10,38,41,218,4,2025-06-23,175.14,29.3,Credit Card,495.02,377.92,117.1,23.66
2020,1,118,1288,1098,1,2025-10-18,202.49,25.0,Debit Card,151.92,79.59,72.33,47.61
2021,2,35,2419,62,4,2025-09-23,88.51,4.3,Credit Card,338.91,132.16,206.75,61.0
2022,4,1,463,181,2,2024-12-22,219.34,4.3,Debit Card,419.74,301.3,118.44,28.22
2023,4,1,3462,281,4,2025-08-07,22.22,5.1,Credit Card,84.37,47.68,36.69,43.49
2024,9,52,1842,1113,3,2025-08-25,171.78,10.5,Debit Card,461.14,331.05,130.09,28.21
2025,5,47,3835,837,3,2024-12-28,132.49,8.9,Credit Card,361.93,159.03,202.9,56.06
2026,10,38,352,212,1,2024-10-19,16.99,33.1,Cash,11.36,8.02,3.34,29.4
2027,12,100,4080,250,1,2024-11-08,7.89,3.8,Credit Card,7.59,3.69,3.9,51.38
2028,4,34,3627,1039,2,2025-02-14,241.86,9.4,Credit Card,438.48,289.94,148.54,33.88
2029,5,22,2171,1132,5,2025-11-05,20.35,10.7,Cash,90.89,52.1,38.79,42.68
2030,7,95,340,265,1,2025-09-12,32.11,7.3,Credit Card,29.76,20.33,9.43,31.69
2031,9,6,554,100,2,2025-05-30,190.1,3.5,Debit Card,366.78,209.58,157.2,42.86
2032,9,51,1837,250,1,2025-10-27,159.69,8.8,Credit Card,145.58,111.15,34.43,23.65
2033,1,82,551,1281,1,2025-09-08,84.03,22.5,Debit Card,65.09,45.61,19.48,29.93
2034,4,56,4162,332,5,2025-08-29,138.85,11.5,Cash,614.49,298.55,315.94,51.41
2035,4,1,1088,820,1,2025-11-29,216.54,10.4,Cash,193.97,81.55,112.42,57.96
2036,7,104,4050,10,2,2025-02-13,34.42,7.9,Online,63.4,35.54,27.86,43.94
2037,12,18,3238,404,4,2025-02-18,128.52,4.0,Debit Card,493.42,239.96,253.46,51.37
2038,6,74,3394,300,1,2025-04-23,234.95,3.5,Debit Card,226.73,271.6,-44.87,-19.79
2039,8,116,4355,237,1,2025-08-07,193.78,11.1,Debit Card,172.22,215.35,-43.13,-25.04
2040,12,60,2697,538,4,2025-04-27,268.25,7.3,Credit Card,995.0,537.04,457.96,46.03
2041,4,70,555,1091,1,2025-11-08,189.31,8.8,Debit Card,172.69,93.71,78.98,45.74
2042,12,102,447,1288,2,2025-08-21,67.75,9.4,Credit Card,122.7,68.72,53.98,43.99
2043,8,109,2669,129,5,2025-11-13,96.31,8.0,Credit Card,443.03,247.0,196.03,44.25
2044,11,97,2954,253,2,2025-06-29,41.41,27.9,Cash,59.69,46.38,13.31,22.3
2045,6,74,357,151,4,2025-06-13,24.08,3.5,Cash,92.91,38.16,54.75,58.93
2046,2,43,3416,210,1,2024-11-12,13.77,9.9,Cash,12.41,8.31,4.1,33.04
2047,1,58,4987,250,2,2025-09-03,288.72,25.9,Credit Card,427.76,234.94,192.82,45.08
2048,10,38,1092,856,4,2024-11-28,7.48,26.4,Cash,22.02,14.0,8.02,36.42
2049,9,65,1127,1248,1,2024-12-12,188.2,4.1,Credit Card,180.51,120.61,59.9,33.18
2050,8,80,2013,294,2,2025-03-12,115.47,8.7,Debit Card,210.74,137.88,72.86,34.57
2051,1,59,3245,1477,5,2025-10-29,34.71,23.2,Cash,133.27,121.6,11.67,8.76
2052,12,108,828,284,3,2025-09-20,286.36,3.1,Credit Card,832.12,428.37,403.75,48.52
2053,4,56,2461,919,3,2025-01-25,193.45,7.0,Cash,539.99,348.66,191.33,35.43
2054,2,28,1088,70,5,2025-02-24,216.54,8.7,Credit Card,988.0,407.75,580.25,58.73
2055,2,89,3831,4,1,2025-06-26,38.97,11.3,Online,34.58,14.01,20.57,59.49
2056,7,84,4970,14,5,2025-05-05,18.9,6.9,Debit Card,87.98,50.95,37.03,42.09
2057,10,101,1922,1177,1,2024-12-08,276.95,26.7,Debit Card,202.99,135.8,67.19,33.1
2058,5,20,4188,38,1,2024-12-20,22.17,6.9,Credit Card,20.65,8.96,11.69,56.61
2059,11,63,3242,339,5,2025-03-11,63.88,30.8,Online,221.02,217.75,3.27,1.48
2060,2,114,446,289,1,2025-10-16,284.64,3.9,Cash,273.62,117.34,156.28,57.12
2061,1,29,3066,842,1,2025-12-01,278.98,30.2,Cash,194.71,123.81,70.9,36.41
2062,1,68,30,157,1,2025-05-03,185.07,33.0,Credit Card,123.95,85.29,38.66,31.19
2063,4,31,4383,177,2,2025-08-19,121.14,7.1,Cash,225.06,95.28,129.78,57.66
2064,4,56,681,177,3,2025-06-23,264.89,11.3,Credit Card,705.25,516.63,188.62,26.75
2065,2,114,2582,85,1,2025-03-09,139.09,9.9,Debit Card,125.34,74.17,51.17,40.82
2066,2,32,4105,104,1,2025-10-13,252.85,8.6,Credit Card,231.07,132.22,98.85,42.78
2067,4,34,2192,99,4,2025-06-11,69.28,10.3,Credit Card,248.67,311.28,-62.61,-25.18
2068,8,94,750,73,1,2025-05-13,55.17,10.9,Cash,49.13,34.41,14.72,29.96
2069,6,77,4214,813,3,2025-08-23,145.65,7.2,Credit Card,405.66,264.45,141.21,34.81
2070,1,68,1716,330,2,2025-02-18,101.19,22.7,Online,156.41,90.64,65.77,42.05
2071,8,9,3039,285,5,2025-11-26,210.52,11.3,Cash,933.41,588.45,344.96,36.96
2072,5,113,2780,530,1,2025-06-24,244.13,7.8,Debit Card,225.12,139.7,85.42,37.94
2073,10,38,497,173,1,2025-10-16,10.55,32.8,Debit Card,7.09,4.68,2.41,33.99
2074,11,64,2227,691,1,2024-10-15,201.0,27.4,Debit Card,145.89,73.26,72.63,49.78
2075,6,74,2777,137,5,2025-09-04,288.77,7.3,Debit Card,1339.14,783.75,555.39,41.47
2076,7,5,1456,954,1,2025-06-21,199.21,9.0,Credit Card,181.18,132.27,48.91,27.0
2077,10,87,2113,347,1,2025-06-09,240.65,27.0,Debit Card,175.56,104.39,71.17,40.54
2078,6,66,3122,965,2,2024-11-18,207.43,9.4,Credit Card,375.69,254.22,121.47,32.33
2079,3,115,4526,28,4,2024-12-05,143.67,6.5,Credit Card,537.37,613.68,-76.31,-14.2
2080,10,90,291,1030,1,2025-01-10,48.48,27.2,Credit Card,35.31,18.36,16.95,48.0
2081,2,110,2879,51,2,2025-11-18,162.3,11.0,Online,288.92,163.04,125.88,43.57
2082,2,32,2914,506,2,2025-12-02,97.53,9.4,Credit Card,176.72,69.12,107.6,60.89
2083,3,115,466,114,3,2025-09-18,134.11,12.0,Online,354.23,283.5,70.73,19.97
2084,6,77,31,24,4,2025-09-04,81.62,9.5,Debit Card,295.33,189.56,105.77,35.81
2085,1,29,2108,130,1,2025-11-19,121.39,30.3,Online,84.56,55.95,28.61,33.83
2086,3,21,784,202,3,2025-07-07,168.58,11.6,Debit Card,447.02,656.01,-208.99,-46.75
2087,12,100,3950,72,1,2025-09-07,264.7,3.5,Credit Card,255.35,188.11,67.24,26.33
2088,2,114,3895,50,3,2025-11-27,169.93,10.7,Credit Card,455.18,308.88,146.3,32.14
2089,11,12,4389,1482,1,2025-01-01,119.29,27.4,Debit Card,86.63,81.42,5.21,6.01
2090,4,31,3097,40,1,2024-11-03,122.34,10.9,Credit Card,109.0,44.27,64.73,59.39
2091,1,54,28,96,5,2024-11-30,34.91,33.7,Online,115.67,125.25,-9.58,-8.28
2092,11,97,1944,127,1,2025-01-25,247.09,30.2,Credit Card,172.56,94.52,78.04,45.22
2093,3,21,3682,159,3,2025-06-17,42.37,10.3,Debit Card,114.0,66.72,47.28,41.47
2094,11,97,2325,66,2,2025-12-08,246.05,29.3,Credit Card,348.06,298.38,49.68,14.27
2095,4,34,2633,1020,3,2025-10-01,126.07,9.6,Online,342.07,228.09,113.98,33.32
2096,5,76,144,1274,1,2025-10-06,205.52,4.8,Credit Card,195.69,99.78,95.91,49.01
2097,4,34,3315,275,4,2025-03-05,7.49,3.6,Credit Card,28.87,17.72,11.15,38.62
2098,5,119,4110,284,2,2025-11-26,177.23,9.0,Debit Card,322.59,191.66,130.93,40.59
2099,1,118,1963,1482,4,2025-06-13,81.2,23.9,Cash,247.2,161.92,85.28,34.5
2100,8,109,3919,1152,1,2025-02-09,188.6,5.0,Debit Card,179.2,80.7,98.5,54.97
2101,2,28,982,204,2,2025-02-21,48.12,4.5,Cash,91.95,63.44,28.51,31.01
2102,6,78,1834,777,2,2025-11-30,10.38,10.9,Online,18.5,7.5,11.0,59.46
2103,2,83,3414,133,5,2025-03-20,126.68,6.1,Credit Card,594.55,255.15,339.4,57.09
2104,11,64,510,26,4,2025-05-24,209.58,24.9,Credit Card,629.96,321.2,308.76,49.01
2105,2,114,2009,12,1,2025-08-16,281.07,4.6,Credit Card,268.26,168.65,99.61,37.13
2106,8,91,3926,270,2,2025-05-16,168.24,7.1,Debit Card,312.44,231.96,80.48,25.76
2107,3,115,1219,250,1,2025-10-03,127.72,6.9,Cash,118.86,75.78,43.08,36.24
2108,12,36,2919,76,1,2024-10-31,235.72,5.1,Online,223.76,151.5,72.26,32.29
2109,8,30,3117,1060,1,2024-12-18,37.05,4.8,Credit Card,35.28,24.59,10.69,30.3
2110,2,89,1139,292,5,2024-10-09,178.94,7.5,Debit Card,828.0,557.95,270.05,32.61
2111,1,29,2017,191,1,2025-07-17,299.88,30.2,Cash,209.41,132.98,76.43,36.5
2112,1,86,4813,253,2,2025-10-30,8.66,26.5,Credit Card,12.72,9.16,3.56,27.99
2113,7,84,4669,49,4,2025-03-12,46.28,7.3,Cash,171.67,111.56,60.11,35.01
2114,8,91,1800,1200,1,2025-03-05,168.36,6.0,Cash,158.29,85.97,72.32,45.69
2115,1,54,2848,146,3,2025-09-13,52.71,31.2,Debit Card,108.79,109.86,-1.07,-0.98
2116,12,93,4166,88,1,2025-02-16,39.59,11.3,Credit Card,35.13,14.44,20.69,58.9
2117,3,46,1100,213,3,2025-07-21,111.58,4.3,Debit Card,320.21,235.2,85.01,26.55
2118,12,108,349,141,2,2025-09-19,263.46,11.2,Debit Card,467.65,589.06,-121.41,-25.96
2119,4,56,660,154,1,2025-11-03,129.42,9.3,Debit Card,117.41,48.82,68.59,58.42
2120,12,100,3181,974,5,2025-10-27,263.21,9.0,Credit Card,1197.75,860.65,337.1,28.14
2121,8,80,397,274,1,2025-05-21,133.21,6.9,Credit Card,124.02,89.26,34.76,28.03
2122,7,7,3245,1296,2,2025-09-22,34.71,6.2,Online,65.08,48.64,16.44,25.26
2123,5,105,4469,1352,1,2025-04-11,135.98,9.7,Credit Card,122.76,66.69,56.07,45.67
2124,12,100,4232,1475,1,2025-11-12,265.77,8.5,Cash,243.2,102.42,140.78,57.89
2125,7,19,402,66,2,2025-03-27,21.35,8.9,Debit Card,38.91,18.0,20.91,53.74
2126,2,10,4506,1191,5,2025-02-15,272.83,8.6,Cash,1247.17,951.05,296.12,23.74
2127,7,41,1492,148,1,2024-10-17,76.08,3.5,Debit Card,73.39,36.63,36.76,50.09
2128,11,63,289,388,3,2025-08-30,219.33,27.1,Credit Card,479.39,298.29,181.1,37.78
2129,1,48,3592,1134,2,2025-06-14,276.39,32.5,Credit Card,373.34,345.54,27.8,7.45
2130,6,49,2192,47,1,2024-10-11,69.28,10.2,Credit Card,62.2,77.82,-15.62,-25.11
2131,8,80,1535,76,1,2025-03-18,50.97,8.3,Debit Card,46.74,20.14,26.6,56.91
2132,7,41,619,700,2,2025-05-22,79.28,6.9,Credit Card,147.59,79.26,68.33,46.3
2133,5,76,741,174,1,2025-06-16,254.9,11.9,Online,224.48,116.08,108.4,48.29
2134,11,81,3211,466,2,2025-06-30,157.98,29.2,Cash,223.85,111.28,112.57,50.29
2135,3,46,465,58,2,2025-08-16,108.23,10.9,Credit Card,192.78,115.7,77.08,39.98
2136,12,18,1644,1418,1,2025-09-09,220.3,11.3,Cash,195.42,90.84,104.58,53.52
2137,7,41,1782,251,1,2025-01-08,259.8,9.7,Online,234.64,134.15,100.49,42.83
2138,9,106,3934,1112,5,2025-03-10,229.61,6.8,Credit Card,1070.26,809.15,261.11,24.4
2139,11,81,2696,525,5,2024-11-01,129.76,32.1,Debit Card,440.33,373.5,66.83,15.18
2140,10,87,4055,1356,2,2025-11-13,261.18,32.6,Debit Card,352.22,268.98,83.24,23.63
2141,7,84,4938,286,4,2025-10-05,269.15,8.5,Debit Card,984.58,392.12,592.46,60.17
2142,1,118,1094,154,3,2025-09-12,233.8,25.9,Online,519.39,410.04,109.35,21.05
2143,10,117,2172,341,2,2025-03-24,250.21,26.7,Credit Card,366.72,327.54,39.18,10.68
2144,11,81,3195,1491,1,2025-12-01,33.32,30.7,Credit Card,23.09,19.68,3.41,14.77
2145,7,7,1483,947,5,2025-09-02,183.0,10.8,Credit Card,815.98,647.0,168.98,20.71
2146,10,16,1897,228,1,2025-02-04,98.97,23.5,Credit Card,75.74,49.83,25.91,34.21
2147,2,45,2263,950,1,2024-12-20,14.36,6.4,Cash,13.44,9.73,3.71,27.6
2148,7,5,3011,609,5,2025-01-22,21.52,8.0,Cash,98.95,62.8,36.15,36.53
2149,12,18,205,1317,4,2025-05-26,233.41,7.8,Cash,861.16,384.24,476.92,55.38
2150,12,108,532,183,2,2024-11-26,87.76,7.8,Debit Card,161.82,82.26,79.56,49.17
2151,5,22,1012,21,1,2025-11-28,58.19,5.0,Debit Card,55.26,21.1,34.16,61.82
2152,6,49,2609,44,1,2025-09-03,150.79,6.0,Cash,141.77,84.31,57.46,40.53
2153,6,49,4751,803,1,2024-12-14,211.42,3.1,Credit Card,204.96,105.16,99.8,48.69
2154,10,101,261,574,5,2024-11-10,197.45,23.7,Cash,752.98,1276.85,-523.87,-69.57
2155,3,14,425,701,1,2025-11-28,259.35,8.5,Cash,237.43,132.32,105.11,44.27
2156,9,111,3669,504,2,2025-03-14,204.7,10.4,Online,366.96,151.2,215.76,58.8
2157,3,88,2097,229,1,2024-12-13,96.84,9.5,Debit Card,87.64,68.08,19.56,22.32
2158,2,8,4334,35,3,2024-10-15,243.26,8.1,Credit Card,670.88,450.03,220.85,32.92
2159,2,13,357,1007,1,2025-04-04,24.08,7.6,Online,22.24,9.54,12.7,57.1
2160,7,19,4299,91,2,2025-04-04,298.37,7.0,Online,554.86,333.34,221.52,39.92
2161,11,63,1868,1470,3,2025-10-30,104.75,31.9,Credit Card,214.13,191.37,22.76,10.63
2162,12,100,324,103,1,2025-05-14,242.77,4.8,Credit Card,231.07,174.64,56.43,24.42
2163,7,7,279,42,1,2025-09-20,96.69,6.6,Online,90.35,120.04,-29.69,-32.86
2164,2,28,4912,188,2,2025-02-13,161.36,8.0,Online,297.04,181.24,115.8,38.98
2165,4,34,4861,163,2,2024-10-31,103.4,9.6,Credit Card,186.94,140.0,46.94,25.11
2166,5,76,1602,1430,2,2025-09-29,266.44,10.1,Credit Card,479.2,229.38,249.82,52.13
2167,2,103,1867,198,1,2025-06-10,297.52,10.8,Debit Card,265.5,117.32,148.18,55.81
2168,8,57,4823,24,2,2025-06-28,295.16,6.1,Online,554.02,318.6,235.42,42.49
2169,6,77,947,1462,2,2025-09-14,188.59,8.3,Cash,345.84,224.26,121.58,35.15
2170,5,20,3607,860,4,2024-12-18,281.13,7.8,Debit Card,1036.42,441.12,595.3,57.44
2171,8,57,4787,1494,1,2025-03-08,40.72,6.6,Credit Card,38.02,17.65,20.37,53.58
2172,6,66,3958,159,1,2025-10-26,57.58,6.0,Credit Card,54.11,70.22,-16.11,-29.77
2173,9,2,885,59,2,2025-06-13,276.44,3.1,Debit Card,535.82,220.5,315.32,58.85
2174,11,81,3678,199,2,2025-05-05,245.62,22.2,Online,382.41,253.46,128.95,33.72
2175,7,5,1383,70,5,2025-04-23,245.92,4.2,Debit Card,1177.51,488.0,689.51,58.56
2176,8,30,1620,74,1,2025-08-26,45.88,5.7,Credit Card,43.26,18.52,24.74,57.19
2177,10,15,625,1209,2,2024-10-19,215.73,22.5,Debit Card,334.59,265.52,69.07,20.64
2178,7,7,4363,1482,5,2025-03-26,278.22,5.5,Cash,1314.35,536.0,778.35,59.22
2179,7,104,2990,1484,1,2025-06-28,169.15,10.1,Debit Card,152.01,110.02,41.99,27.62
2180,8,109,322,220,2,2024-10-03,71.89,4.8,Cash,136.9,58.14,78.76,57.53
2181,6,49,313,120,2,2025-02-23,205.46,5.4,Credit Card,388.86,152.88,235.98,60.69
2182,10,67,2127,87,5,2025-02-27,225.26,28.9,Debit Card,800.72,436.25,364.47,45.52
2183,4,34,941,192,2,2025-01-09,26.3,5.6,Credit Card,49.68,19.04,30.64,61.67
2184,9,24,2294,300,1,2025-05-11,286.6,11.1,Debit Card,254.89,135.09,119.8,47.0
2185,8,30,749,731,4,2024-12-13,145.37,8.5,Online,532.01,413.68,118.33,22.24
2186,4,31,1125,259,1,2025-07-28,264.72,6.0,Cash,248.75,157.36,91.39,36.74
2187,3,21,4630,1029,1,2025-01-28,139.11,7.1,Online,129.27,68.01,61.26,47.39
2188,9,37,1818,1260,2,2025-11-09,89.41,6.8,Debit Card,166.65,114.66,51.99,31.2
2189,12,100,3249,1157,4,2025-11-22,171.19,11.0,Debit Card,609.34,288.96,320.38,52.58
2190,5,92,3072,185,4,2025-01-01,55.45,8.3,Debit Card,203.48,145.2,58.28,28.64
2191,11,44,3622,1352,1,2024-12-13,249.07,33.6,Cash,165.49,137.24,28.25,17.07
2192,11,63,4119,1270,2,2025-03-05,94.99,33.2,Cash,126.92,86.58,40.34,31.78
2193,8,94,1369,206,3,2025-10-29,166.43,6.3,Credit Card,468.02,245.07,222.95,47.64
2194,9,106,2068,211,2,2025-07-15,233.99,9.9,Credit Card,421.56,265.3,156.26,37.07
2195,6,74,752,40,1,2025-08-30,211.84,3.2,Debit Card,205.13,94.56,110.57,53.9
2196,9,6,3270,1311,2,2024-11-01,281.2,7.5,Debit Card,520.33,289.92,230.41,44.28
2197,10,67,640,45,3,2024-11-21,281.8,27.3,Credit Card,614.67,575.76,38.91,6.33
2198,3,53,940,246,3,2025-06-05,191.42,5.1,Debit Card,545.02,240.75,304.27,55.83
2199,6,49,537,665,4,2025-07-13,144.1,4.7,Credit Card,549.51,283.2,266.31,48.46
2200,10,75,3835,1139,4,2024-12-11,132.49,31.6,Debit Card,362.55,212.04,150.51,41.51
2201,9,106,4337,286,1,2025-09-22,8.28,4.0,Online,7.95,5.03,2.92,36.73
2202,2,8,4818,548,5,2025-06-03,99.66,7.7,Credit Card,460.05,257.5,202.55,44.03
2203,3,14,4495,631,2,2025-11-07,68.61,8.4,Cash,125.65,49.34,76.31,60.73
2204,7,95,762,8,3,2024-10-22,254.2,11.1,Credit Card,678.05,343.08,334.97,49.4
2205,5,105,1947,1328,1,2025-01-23,58.58,9.9,Credit Card,52.79,21.49,31.3,59.29
2206,9,61,489,180,1,2024-12-27,103.22,8.8,Credit Card,94.09,38.64,55.45,58.93
2207,11,81,1752,89,2,2025-07-11,159.23,30.4,Debit Card,221.78,164.2,57.58,25.96
2208,12,100,1359,237,1,2025-11-29,168.85,6.2,Cash,158.44,63.17,95.27,60.13
2209,12,102,1818,701,2,2025-03-20,89.41,7.8,Debit Card,164.89,114.66,50.23,30.46
2210,1,4,2013,983,1,2025-04-15,115.47,31.6,Cash,78.93,68.94,9.99,12.66
2211,8,109,1624,659,2,2024-12-12,260.61,7.7,Online,481.07,316.34,164.73,34.24
2212,11,63,507,201,1,2024-12-11,294.99,24.9,Debit Card,221.5,205.98,15.52,7.01
2213,6,77,1568,545,4,2024-11-28,117.53,11.2,Debit Card,417.39,251.8,165.59,39.67
2214,2,26,346,216,4,2025-09-28,80.72,5.7,Debit Card,304.43,131.72,172.71,56.73
2215,6,72,2608,1461,2,2024-12-21,54.02,9.2,Debit Card,98.12,63.52,34.6,35.26
2216,1,50,1307,1490,4,2025-11-28,85.63,25.9,Cash,253.74,217.72,36.02,14.2
2217,7,62,3148,125,1,2025-01-25,16.32,9.4,Online,14.78,7.52,7.26,49.12
2218,9,106,4128,242,2,2025-01-15,136.58,9.1,Debit Card,248.22,323.28,-75.06,-30.24
2219,3,21,2663,289,1,2025-04-16,161.74,10.9,Online,144.04,99.77,44.27,30.73
2220,4,31,2743,409,1,2025-10-12,254.83,8.4,Debit Card,233.52,152.46,81.06,34.71
2221,6,99,2886,217,5,2025-06-29,187.99,10.7,Cash,839.39,444.95,394.44,46.99
2222,5,92,2156,263,5,2025-07-01,27.48,9.1,Cash,124.95,62.15,62.8,50.26
2223,2,8,1933,278,4,2025-11-30,25.3,10.9,Cash,90.14,41.92,48.22,53.49
2224,8,30,4242,194,4,2025-02-03,30.94,9.6,Credit Card,111.93,57.04,54.89,49.04
2225,10,117,4765,161,1,2024-12-20,141.89,31.3,Credit Card,97.45,88.3,9.15,9.39
2226,10,33,3367,404,2,2024-10-02,298.44,25.3,Debit Card,445.98,283.04,162.94,36.54
2227,10,33,1667,222,3,2024-12-03,292.31,31.1,Credit Card,604.25,333.0,271.25,44.89
2228,11,81,3053,1417,4,2025-01-28,128.99,31.0,Debit Card,355.84,328.2,27.64,7.77
2229,11,44,1362,188,3,2025-06-24,218.5,31.2,Credit Card,451.15,295.56,155.59,34.49
2230,8,57,4400,98,1,2024-11-24,34.3,8.9,Credit Card,31.26,19.74,11.52,36.85
2231,2,45,3805,214,4,2025-06-15,63.43,8.5,Debit Card,232.17,105.96,126.21,54.36
2232,2,23,2730,471,2,2025-02-07,116.14,7.8,Cash,214.1,146.86,67.24,31.41
2233,10,75,4736,221,3,2025-08-09,142.61,27.2,Debit Card,311.3,283.05,28.25,9.07
2234,7,62,431,143,1,2025-07-01,214.07,8.5,Cash,195.94,87.12,108.82,55.54
2235,3,115,3327,248,5,2025-09-26,146.15,7.3,Debit Card,677.49,322.75,354.74,52.36
2236,9,120,1691,224,5,2024-12-25,255.15,6.6,Debit Card,1191.63,758.6,433.03,36.34
2237,11,12,1142,1333,4,2025-11-04,103.2,24.3,Debit Card,312.44,239.4,73.04,23.38
2238,6,72,105,10,5,2024-10-27,33.1,3.7,Credit Card,159.32,114.0,45.32,28.45
2239,3,14,2824,198,1,2025-06-30,224.35,8.4,Debit Card,205.4,135.64,69.76,33.96
2240,6,74,1525,171,2,2025-05-22,169.8,12.0,Credit Card,298.92,187.56,111.36,37.25
2241,8,94,2322,112,5,2024-11-23,187.39,3.4,Credit Card,905.24,566.6,338.64,37.41
2242,7,104,3563,274,1,2025-02-22,272.79,7.3,Online,252.96,304.71,-51.75,-20.46
2243,7,5,1397,343,5,2025-06-08,34.85,7.1,Credit Card,161.91,80.15,81.76,50.5
2244,5,40,4146,6,3,2025-06-19,143.57,3.7,Credit Card,414.92,256.86,158.06,38.09
2245,10,38,4972,529,3,2025-09-18,55.42,23.1,Online,127.78,109.98,17.8,13.93
2246,4,42,3034,192,2,2025-11-01,286.79,4.4,Online,548.62,377.84,170.78,31.13
2247,11,12,4111,1270,4,2025-02-11,174.78,24.3,Credit Card,529.04,279.2,249.84,47.23
2248,12,108,2647,731,5,2025-09-11,255.29,11.1,Credit Card,1134.73,636.3,498.43,43.92
2249,8,94,213,257,1,2025-05-18,185.2,10.4,Credit Card,165.91,97.23,68.68,41.4
2250,9,25,878,1355,1,2025-02-24,294.51,11.4,Credit Card,261.07,122.17,138.9,53.2
2251,2,83,3149,563,1,2025-05-24,44.23,8.8,Debit Card,40.33,27.89,12.44,30.85
2252,11,63,817,925,3,2024-12-29,271.81,27.9,Credit Card,588.01,577.83,10.18,1.73
2253,5,40,596,1370,5,2025-05-02,7.44,7.5,Cash,34.41,17.25,17.16,49.87
2254,7,62,2672,1172,1,2025-10-30,5.85,10.1,Online,5.26,2.86,2.4,45.63
2255,5,113,1477,36,1,2025-05-02,59.16,11.5,Cash,52.35,36.53,15.82,30.22
2256,8,85,3193,106,2,2024-10-07,226.74,6.4,Debit Card,424.34,249.64,174.7,41.17
2257,8,91,4457,389,1,2025-06-19,194.12,10.5,Debit Card,173.72,123.01,50.71,29.19
2258,12,36,76,81,2,2025-06-11,154.35,7.3,Debit Card,286.27,120.36,165.91,57.96
2259,5,20,218,233,5,2025-02-20,130.21,8.5,Credit Card,595.61,320.1,275.51,46.26
2260,8,94,1489,241,2,2025-07-21,116.5,10.9,Credit Card,207.5,109.48,98.02,47.24
2261,12,100,4900,232,4,2025-11-29,263.13,10.9,Debit Card,937.5,727.84,209.66,22.36
2262,2,11,4286,968,1,2025-04-02,115.74,9.7,Cash,104.54,73.66,30.88,29.54
2263,12,102,1930,245,5,2025-07-01,252.0,5.8,Online,1186.76,562.8,623.96,52.58
2264,11,64,336,1107,1,2025-03-12,171.31,25.1,Credit Card,128.26,209.36,-81.1,-63.23
2265,5,20,224,821,1,2025-07-28,82.56,11.9,Cash,72.75,39.5,33.25,45.7
2266,5,47,398,428,2,2025-10-19,122.06,8.1,Cash,224.31,136.28,88.03,39.24
2267,11,64,3443,289,4,2025-03-06,41.98,32.3,Online,113.67,102.56,11.11,9.77
2268,9,6,2329,117,5,2025-08-21,122.04,11.6,Debit Card,539.21,404.55,134.66,24.97
2269,10,15,4801,805,4,2025-09-09,174.92,30.8,Debit Card,484.18,502.76,-18.58,-3.84
2270,12,93,1959,914,5,2025-06-11,20.68,11.7,Debit Card,91.34,69.6,21.74,23.8
2271,2,114,353,245,2,2024-11-01,74.09,6.3,Credit Card,138.86,76.42,62.44,44.97
2272,3,88,2774,111,1,2025-01-02,205.82,11.2,Credit Card,182.8,124.97,57.83,31.64
2273,10,75,1714,781,2,2025-06-18,167.6,30.9,Cash,231.66,219.28,12.38,5.34
2274,9,52,3328,901,1,2025-03-21,166.28,7.2,Cash,154.24,81.84,72.4,46.94
2275,6,66,1935,284,2,2025-01-06,224.27,5.8,Debit Card,422.47,211.3,211.17,49.98
2276,6,96,3187,592,1,2024-11-19,192.28,9.7,Online,173.7,92.65,81.05,46.66
2277,10,90,2604,822,3,2025-05-22,113.66,25.6,Online,253.85,223.62,30.23,11.91
2278,4,70,3756,146,2,2025-09-03,128.73,3.4,Online,248.75,157.56,91.19,36.66
2279,3,53,63,142,3,2025-06-07,115.5,5.0,Online,329.09,188.34,140.75,42.77
2280,8,57,3439,624,5,2024-10-21,185.93,6.9,Credit Card,865.79,412.65,453.14,52.34
2281,1,50,3845,257,3,2025-11-10,12.74,27.6,Cash,27.66,20.58,7.08,25.6
2282,9,111,4567,257,5,2025-03-16,129.83,5.4,Debit Card,613.82,270.35,343.47,55.96
2283,1,59,2246,1377,4,2025-10-11,204.23,29.6,Credit Card,575.03,376.44,198.59,34.54
2284,2,103,1200,899,2,2024-12-24,68.43,6.4,Credit Card,128.04,61.82,66.22,51.72
2285,4,34,1569,129,3,2025-09-20,43.39,11.4,Cash,115.32,46.68,68.64,59.52
2286,5,22,4086,204,1,2025-06-18,169.49,10.6,Debit Card,151.56,86.6,64.96,42.86
2287,4,70,3817,991,1,2025-03-10,44.85,4.9,Online,42.66,15.82,26.84,62.92
2288,12,36,2324,37,2,2025-04-17,18.95,11.5,Debit Card,33.53,19.0,14.53,43.33
2289,12,100,642,161,1,2025-05-24,263.88,5.0,Online,250.81,150.94,99.87,39.82
2290,12,102,4564,170,5,2025-07-07,98.34,8.4,Cash,450.55,202.7,247.85,55.01
2291,10,38,2391,196,4,2025-01-26,225.26,27.3,Cash,654.76,495.56,159.2,24.31
2292,10,55,1907,130,4,2025-01-26,7.63,31.5,Cash,20.9,38.24,-17.34,-82.97
2293,8,80,3226,426,3,2024-11-08,52.47,7.9,Credit Card,145.03,97.86,47.17,32.52
2294,12,93,130,198,2,2024-12-11,271.25,11.5,Credit Card,479.99,364.06,115.93,24.15
2295,12,100,962,272,1,2025-06-28,183.59,6.8,Debit Card,171.16,64.44,106.72,62.35
2296,9,51,74,137,1,2025-08-22,142.51,5.5,Online,134.63,82.47,52.16,38.74
2297,5,92,594,1084,2,2024-10-05,295.43,5.3,Cash,559.82,417.3,142.52,25.46
2298,2,10,487,103,5,2025-05-03,163.27,5.8,Credit Card,769.15,524.25,244.9,31.84
2299,1,59,1499,1132,4,2025-02-05,26.44,29.1,Cash,74.99,73.44,1.55,2.07
2300,11,44,1125,90,1,2025-12-06,264.72,29.2,Cash,187.5,157.36,30.14,16.07
2301,9,27,2868,186,3,2025-07-03,179.79,5.8,Debit Card,507.91,288.87,219.04,43.13
2302,5,119,3495,838,4,2024-12-15,228.84,5.5,Debit Card,865.46,553.16,312.3,36.08
2303,3,88,2508,247,1,2025-05-24,20.36,8.2,Credit Card,18.7,9.7,9.0,48.13
2304,4,34,4127,119,3,2025-07-04,287.08,8.3,Credit Card,789.58,584.01,205.57,26.04
2305,1,54,2121,491,2,2025-02-17,238.06,22.7,Credit Card,368.09,590.86,-222.77,-60.52
2306,8,109,558,64,1,2025-07-13,213.98,4.7,Credit Card,203.89,102.08,101.81,49.93
2307,1,82,3368,108,3,2025-06-20,275.56,31.5,Cash,566.01,934.98,-368.97,-65.19
2308,5,76,3866,129,4,2025-01-09,175.63,7.7,Credit Card,648.55,318.92,329.63,50.83
2309,1,59,2651,293,5,2024-11-27,244.72,23.5,Debit Card,936.26,670.65,265.61,28.37
2310,8,57,528,277,2,2024-10-18,263.64,4.4,Online,504.2,345.56,158.64,31.46
2311,5,113,4817,260,2,2025-07-01,296.98,3.2,Credit Card,574.73,412.6,162.13,28.21
2312,12,60,2784,49,2,2025-03-25,252.18,4.2,Credit Card,483.13,227.94,255.19,52.82
2313,5,22,1599,841,1,2024-11-03,87.33,10.5,Credit Card,78.18,57.42,20.76,26.55
2314,7,7,1152,66,4,2024-10-06,200.82,4.4,Credit Card,767.92,855.84,-87.92,-11.45
2315,6,49,2457,1317,2,2025-10-10,111.78,3.0,Debit Card,216.8,115.8,101.0,46.59
2316,10,67,2534,33,3,2025-10-09,181.77,24.4,Online,412.22,252.69,159.53,38.7
2317,9,65,1379,1140,2,2024-11-14,148.36,11.4,Cash,263.03,138.06,124.97,47.51
2318,11,64,2563,149,1,2025-08-12,237.23,23.4,Debit Card,181.68,115.45,66.23,36.45
2319,11,81,1179,600,2,2025-04-17,246.97,32.0,Debit Card,335.76,237.14,98.62,29.37
2320,8,94,4641,167,2,2025-11-12,124.63,9.4,Debit Card,225.87,305.28,-79.41,-35.16
2321,8,57,853,661,4,2025-05-09,140.55,6.6,Online,525.06,237.6,287.46,54.75
2322,3,46,3210,241,1,2025-05-08,179.13,9.9,Online,161.36,120.41,40.95,25.38
2323,3,88,4789,264,2,2025-02-22,176.57,8.4,Online,323.58,456.56,-132.98,-41.1
2324,5,20,2042,650,1,2025-06-08,143.84,4.3,Debit Card,137.72,77.47,60.25,43.75
2325,8,57,465,67,1,2025-08-14,108.23,7.2,Cash,100.39,57.85,42.54,42.37
2326,3,14,4039,134,5,2025-07-16,250.14,8.0,Online,1150.68,590.6,560.08,48.67
2327,3,53,1192,1023,1,2025-10-17,57.72,7.5,Debit Card,53.39,20.37,33.02,61.85
2328,8,116,4578,870,4,2025-04-08,119.35,10.1,Credit Card,429.24,271.8,157.44,36.68
2329,4,56,2840,1471,5,2024-10-06,161.34,10.6,Debit Card,720.81,320.15,400.66,55.58
2330,12,36,4401,12,3,2025-09-23,288.3,9.0,Debit Card,787.06,444.57,342.49,43.52
2331,12,108,3946,72,4,2025-06-16,97.86,3.3,Credit Card,378.38,189.56,188.82,49.9
2332,1,118,3745,169,2,2025-06-24,158.73,32.6,Online,213.93,122.36,91.57,42.8
2333,5,119,2991,581,1,2024-12-26,213.49,6.3,Credit Card,200.0,90.04,109.96,54.98
2334,5,20,781,158,5,2025-12-04,160.86,5.0,Cash,764.07,481.4,282.67,37.0
2335,4,42,605,173,2,2025-02-09,126.16,6.8,Cash,235.04,173.38,61.66,26.23
2336,6,74,4379,114,1,2025-02-12,203.29,4.7,Cash,193.76,114.08,79.68,41.12
2337,4,1,75,1229,3,2025-07-09,82.16,9.8,Online,222.32,92.01,130.31,58.61
2338,7,41,1866,274,2,2025-01-14,142.91,10.5,Credit Card,255.78,114.68,141.1,55.16
2339,8,109,2284,80,3,2025-01-05,292.26,11.4,Debit Card,776.74,467.82,308.92,39.77
2340,11,81,2510,292,2,2025-05-21,159.01,33.7,Online,210.76,216.76,-6.0,-2.85
2341,11,63,3285,80,1,2025-05-22,191.77,24.0,Credit Card,145.77,126.59,19.18,13.16
2342,11,81,2344,136,1,2024-11-04,158.13,32.2,Credit Card,107.21,83.62,23.59,22.0
2343,1,54,857,589,4,2025-03-05,165.06,29.0,Cash,468.89,346.44,122.45,26.11
2344,12,18,207,775,1,2025-06-03,296.1,3.6,Debit Card,285.33,135.58,149.75,52.48
2345,12,102,3784,217,3,2025-07-24,168.07,9.9,Debit Card,454.36,225.45,228.91,50.38
2346,8,112,3429,84,2,2025-03-27,85.57,5.7,Debit Card,161.46,73.02,88.44,54.78
2347,4,70,1878,106,1,2025-05-15,217.15,8.1,Cash,199.56,104.13,95.43,47.82
2348,11,81,4019,270,3,2024-11-08,280.45,32.8,Debit Card,565.15,318.6,246.55,43.63
2349,9,51,4608,295,2,2025-09-01,11.99,6.9,Cash,22.32,13.6,8.72,39.07
2350,2,35,2887,1106,1,2024-10-10,99.77,11.9,Credit Card,87.86,47.42,40.44,46.03
2351,2,69,2745,135,3,2024-12-10,208.67,10.2,Debit Card,561.86,373.68,188.18,33.49
2352,3,14,1478,336,1,2025-06-20,172.91,6.8,Credit Card,161.13,104.63,56.5,35.06
2353,11,81,2191,2,4,2025-07-08,103.23,25.5,Debit Card,307.59,293.56,14.03,4.56
2354,6,72,3811,236,1,2025-05-06,281.85,9.0,Cash,256.41,120.74,135.67,52.91
2355,4,56,4733,200,3,2025-11-18,55.86,3.4,Debit Card,161.9,115.74,46.16,28.51
2356,5,22,1282,61,1,2024-10-11,125.8,6.3,Cash,117.83,55.85,61.98,52.6
2357,8,116,2956,1174,5,2025-04-17,80.93,7.7,Online,373.37,273.9,99.47,26.64
2358,7,95,1973,55,5,2025-07-22,140.72,6.7,Debit Card,656.21,498.2,158.01,24.08
2359,8,85,1139,133,1,2025-11-14,178.94,4.6,Cash,170.64,111.59,59.05,34.61
2360,3,88,3839,702,3,2025-04-01,288.37,9.0,Credit Card,787.65,367.05,420.6,53.4
2361,11,44,1266,91,1,2025-11-10,247.73,25.3,Online,184.99,312.73,-127.74,-69.05
2362,2,10,1602,39,5,2025-06-25,266.44,6.1,Cash,1251.38,573.45,677.93,54.17
2363,6,78,2475,1409,1,2024-12-03,211.91,11.6,Credit Card,187.24,140.03,47.21,25.21
2364,3,21,2460,147,5,2025-09-07,87.31,9.8,Cash,393.73,291.55,102.18,25.95
2365,12,100,2821,31,1,2025-08-18,125.34,6.0,Debit Card,117.88,148.16,-30.28,-25.69
2366,1,50,3088,71,2,2025-04-08,30.08,31.7,Cash,41.11,30.6,10.51,25.57
2367,8,80,294,112,1,2025-08-04,30.32,8.6,Debit Card,27.7,11.13,16.57,59.82
2368,11,12,4330,1376,1,2025-05-20,64.84,25.0,Online,48.65,42.07,6.58,13.53
2369,3,115,611,9,1,2024-12-01,152.11,9.7,Credit Card,137.32,54.58,82.74,60.25
2370,6,78,430,879,2,2025-04-22,141.68,8.8,Credit Card,258.51,135.2,123.31,47.7
2371,9,61,4780,843,3,2025-11-03,150.91,4.0,Debit Card,434.57,225.87,208.7,48.02
2372,7,95,940,250,4,2025-07-23,191.42,10.7,Cash,683.85,321.0,362.85,53.06
2373,4,42,4728,1299,3,2024-10-07,76.14,5.4,Cash,216.07,108.45,107.62,49.81
2374,6,49,3758,7,3,2025-08-07,7.33,4.6,Cash,20.98,12.03,8.95,42.66
2375,10,55,2024,248,1,2025-05-18,203.71,22.9,Online,157.12,264.66,-107.54,-68.44
2376,9,111,2253,127,1,2025-07-20,209.72,3.4,Debit Card,202.67,78.72,123.95,61.16
2377,12,93,2295,786,5,2025-01-05,200.47,9.6,Online,905.9,507.65,398.25,43.96
2378,1,59,1857,87,2,2025-11-21,253.11,27.3,Cash,368.09,311.36,56.73,15.41
2379,2,35,1821,1126,1,2025-07-12,38.82,3.4,Credit Card,37.51,25.64,11.87,31.64
2380,1,54,1026,203,1,2025-09-28,132.39,29.3,Cash,93.66,49.72,43.94,46.91
2381,5,20,831,68,4,2025-02-24,188.91,3.0,Online,732.65,418.24,314.41,42.91
2382,5,40,2641,18,1,2025-08-21,28.53,9.1,Credit Card,25.93,19.93,6.0,23.14
2383,1,3,4850,569,1,2025-02-19,247.64,30.5,Debit Card,172.16,100.52,71.64,41.61
2384,11,81,1394,1286,1,2025-05-27,235.11,23.7,Cash,179.4,124.8,54.6,30.43
2385,1,118,1911,1410,4,2025-02-14,137.17,28.2,Cash,394.09,212.84,181.25,45.99
2386,8,94,4498,1123,2,2025-02-10,22.2,9.5,Online,40.19,29.38,10.81,26.9
2387,8,85,2312,195,1,2025-03-12,216.57,5.8,Online,204.0,81.27,122.73,60.16
2388,12,60,540,1218,4,2025-10-16,231.03,7.5,Online,855.05,366.96,488.09,57.08
2389,1,48,1106,432,1,2024-12-24,90.48,26.0,Cash,66.96,63.47,3.49,5.21
2390,10,75,960,32,2,2025-01-18,74.11,27.4,Online,107.63,60.58,47.05,43.71
2391,10,33,4973,86,1,2025-05-23,73.07,23.2,Debit Card,56.15,30.17,25.98,46.27
2392,12,102,4732,193,5,2025-11-16,126.36,6.0,Online,594.0,421.05,172.95,29.12
2393,12,36,3056,154,5,2024-11-14,122.11,5.2,Cash,578.74,328.15,250.59,43.3
2394,12,102,2851,168,1,2025-06-15,119.81,10.6,Credit Card,107.06,48.13,58.93,55.04
2395,7,7,692,705,2,2025-01-20,105.5,9.3,Online,191.47,102.64,88.83,46.39
2396,4,42,914,30,2,2025-06-19,174.07,5.7,Online,328.42,240.76,87.66,26.69
2397,1,54,3580,318,1,2024-10-31,109.26,30.9,Credit Card,75.52,40.6,34.92,46.24
2398,4,1,3436,169,3,2025-11-20,42.4,11.1,Online,113.04,82.17,30.87,27.31
2399,12,93,276,1148,1,2024-12-14,225.62,10.8,Cash,201.18,134.71,66.47,33.04
2400,8,116,4719,29,1,2025-04-05,197.14,10.3,Debit Card,176.92,139.33,37.59,21.25
2401,11,81,2747,1416,1,2024-10-14,237.46,29.7,Debit Card,166.95,115.03,51.92,31.1
2402,2,11,3396,41,3,2024-12-13,180.95,4.5,Online,518.31,261.21,257.1,49.6
2403,9,51,3738,218,1,2025-05-19,68.85,9.7,Credit Card,62.14,38.8,23.34,37.56
2404,7,7,269,1072,3,2025-10-20,174.14,5.6,Debit Card,492.9,591.54,-98.64,-20.01
2405,5,47,917,161,2,2025-08-07,153.98,11.4,Online,272.89,331.1,-58.21,-21.33
2406,8,85,3432,1051,1,2025-07-14,203.01,3.7,Online,195.45,128.04,67.41,34.49
2407,11,63,4952,1390,1,2024-11-28,279.42,28.4,Online,200.15,114.17,85.98,42.96
2408,11,97,2527,62,1,2025-06-21,288.14,24.2,Debit Card,218.51,195.65,22.86,10.46
2409,7,62,4279,239,3,2025-01-07,33.29,11.9,Debit Card,87.97,43.68,44.29,50.35
2410,11,44,4394,116,1,2025-06-25,96.82,24.1,Debit Card,73.51,38.26,35.25,47.95
2411,9,52,3411,802,2,2025-11-19,47.45,7.8,Credit Card,87.5,58.3,29.2,33.37
2412,10,117,3939,54,1,2025-09-20,242.29,24.4,Debit Card,183.13,92.58,90.55,49.45
2413,12,100,3863,825,4,2024-12-20,161.74,9.8,Cash,583.37,274.56,308.81,52.94
2414,11,64,2988,527,1,2025-02-03,178.09,31.5,Online,122.08,102.92,19.16,15.69
2415,6,72,4684,395,1,2025-02-13,81.94,11.6,Debit Card,72.4,37.29,35.11,48.49
2416,9,6,3186,218,2,2025-02-24,46.25,5.1,Debit Card,87.78,57.8,29.98,34.15
2417,11,12,1843,251,5,2025-08-05,244.19,26.3,Credit Card,899.54,611.35,288.19,32.04
2418,1,48,4170,51,4,2025-09-21,116.17,26.5,Cash,341.54,225.4,116.14,34.0
2419,3,115,2394,135,2,2025-02-16,254.88,4.1,Credit Card,488.75,287.16,201.59,41.25
2420,1,58,677,1241,5,2025-01-16,14.08,26.3,Online,51.91,50.5,1.41,2.72
2421,4,31,3561,221,3,2025-04-15,20.63,9.8,Credit Card,55.81,36.63,19.18,34.37
2422,7,62,3112,202,1,2025-04-05,101.23,10.8,Online,90.27,48.98,41.29,45.74
2423,1,86,3355,24,1,2025-03-05,116.0,23.5,Credit Card,88.7,40.71,47.99,54.1
2424,3,115,3137,1153,5,2025-06-15,148.61,4.1,Online,712.82,514.25,198.57,27.86
2425,4,42,3696,761,5,2025-02-03,163.57,11.3,Online,725.67,435.8,289.87,39.95
2426,3,21,2868,46,4,2025-02-16,179.79,4.9,Credit Card,683.94,385.16,298.78,43.69
2427,9,106,869,76,5,2025-08-16,198.56,8.5,Credit Card,908.55,551.65,356.9,39.28
2428,11,12,2720,62,1,2025-02-23,163.14,32.2,Cash,110.59,98.44,12.15,10.99
2429,6,66,736,460,3,2025-07-30,216.25,4.4,Cash,620.41,350.79,269.62,43.46
2430,10,16,968,80,2,2025-01-21,230.71,28.8,Credit Card,328.4,291.04,37.36,11.38
2431,6,107,931,1486,1,2024-11-22,129.82,5.7,Debit Card,122.42,89.23,33.19,27.11
2432,9,51,4145,287,1,2025-10-24,115.47,9.4,Cash,104.63,68.95,35.68,34.1
2433,8,85,3214,1111,4,2025-07-02,228.52,8.6,Debit Card,835.24,512.84,322.4,38.6
2434,6,107,3167,691,5,2025-10-24,78.47,6.8,Credit Card,365.66,164.45,201.21,55.03
2435,8,109,2080,13,1,2024-11-09,182.55,4.5,Credit Card,174.36,85.82,88.54,50.78
2436,9,65,2776,211,1,2025-08-28,223.15,9.7,Cash,201.61,135.16,66.45,32.96
2437,11,81,918,181,1,2025-09-21,230.83,33.9,Debit Card,152.49,83.53,68.96,45.22
2438,12,36,1569,1357,1,2025-01-18,43.39,8.2,Cash,39.83,15.56,24.27,60.93
2439,4,56,2867,170,1,2025-12-06,169.23,11.2,Debit Card,150.26,77.77,72.49,48.24
2440,5,76,3760,563,3,2025-05-18,99.57,10.3,Cash,267.95,316.41,-48.46,-18.09
2441,6,77,3215,295,1,2025-07-06,231.0,11.6,Cash,204.32,102.26,102.06,49.95
2442,7,104,1758,710,2,2024-11-24,34.47,6.1,Online,64.77,44.5,20.27,31.3
2443,10,16,1721,31,5,2025-03-11,183.31,28.2,Debit Card,658.01,627.4,30.61,4.65
2444,5,119,1336,1293,3,2025-05-13,80.03,5.1,Cash,227.95,137.04,90.91,39.88
2445,12,36,2025,1480,1,2024-11-27,195.16,9.6,Credit Card,176.34,122.64,53.7,30.45
2446,5,92,62,278,1,2025-04-23,120.83,11.9,Debit Card,106.5,48.06,58.44,54.87
2447,10,101,1352,83,4,2025-09-19,284.13,30.3,Credit Card,792.49,791.84,0.65,0.08
2448,5,22,83,1109,3,2025-05-09,282.84,3.6,Debit Card,818.06,427.68,390.38,47.72
2449,11,97,4955,442,2,2025-03-07,18.85,31.7,Online,25.74,22.56,3.18,12.35
2450,7,5,4589,372,5,2024-11-30,160.8,3.3,Debit Card,777.62,537.4,240.22,30.89
2451,10,38,4570,1155,1,2025-09-03,120.43,31.8,Debit Card,82.13,70.68,11.45,13.94
2452,10,38,2702,695,1,2025-08-08,222.73,27.3,Credit Card,162.01,153.44,8.57,5.29
2453,3,88,3260,1260,4,2025-09-20,200.73,10.0,Online,722.33,321.92,400.41,55.43
2454,10,38,3135,1373,1,2025-10-24,219.84,26.6,Cash,161.44,107.22,54.22,33.59
2455,8,9,1089,173,1,2025-02-09,174.13,3.5,Credit Card,168.06,63.91,104.15,61.97
2456,10,16,4315,99,1,2025-04-15,179.55,23.8,Credit Card,136.87,84.38,52.49,38.35
2457,4,42,530,193,2,2024-11-08,191.41,3.9,Cash,367.99,158.18,209.81,57.02
2458,4,70,3090,1403,1,2025-04-25,61.26,5.2,Cash,58.08,38.81,19.27,33.18
2459,6,107,937,96,1,2024-12-12,52.67,5.4,Credit Card,49.82,25.26,24.56,49.3
2460,8,109,3705,296,5,2025-05-26,292.19,10.5,Cash,1306.96,1001.0,305.96,23.41
2461,9,51,4683,43,1,2024-11-19,98.68,8.2,Credit Card,90.57,44.37,46.2,51.01
2462,1,54,4678,998,1,2024-12-11,293.67,31.2,Online,201.95,119.93,82.02,40.61
2463,2,110,4275,505,4,2025-05-24,5.88,3.2,Credit Card,22.76,16.76,6.0,26.36
2464,10,39,1245,262,2,2025-07-05,269.81,29.5,Debit Card,380.37,354.42,25.95,6.82
2465,6,74,3620,390,2,2024-12-27,161.01,9.4,Cash,291.71,224.24,67.47,23.13
2466,11,81,2671,59,1,2024-10-24,247.76,24.0,Online,188.18,109.86,78.32,41.62
2467,7,41,122,1085,5,2024-12-12,86.98,7.3,Debit Card,402.96,230.5,172.46,42.8
2468,11,97,2529,171,1,2025-02-27,134.52,28.0,Online,96.91,77.78,19.13,19.74
2469,10,55,4709,85,1,2024-11-03,218.13,28.8,Credit Card,155.23,104.23,51.0,32.85
2470,5,76,395,8,2,2025-12-06,75.45,10.3,Debit Card,135.29,55.16,80.13,59.23
2471,12,100,2932,31,3,2025-02-09,231.32,7.9,Debit Card,639.39,271.26,368.13,57.58
2472,5,40,506,515,4,2025-01-21,257.92,6.4,Online,965.8,446.56,519.24,53.76
2473,6,72,3263,656,1,2024-11-26,155.33,4.0,Debit Card,149.04,107.95,41.09,27.57
2474,6,99,3773,75,2,2025-08-15,217.48,11.0,Cash,387.0,284.1,102.9,26.59
2475,4,70,3230,318,5,2025-11-18,21.51,10.2,Online,96.57,51.1,45.47,47.09
2476,10,71,497,242,3,2025-09-21,10.55,32.4,Online,21.4,14.04,7.36,34.39
2477,7,62,753,1312,4,2025-04-11,299.86,10.9,Credit Card,1068.99,706.4,362.59,33.92
2478,12,93,1962,496,2,2025-09-18,182.41,8.0,Credit Card,335.58,185.88,149.7,44.61
2479,9,52,1472,261,1,2025-09-12,259.65,9.9,Debit Card,233.85,176.3,57.55,24.61
2480,2,73,1139,142,3,2025-08-30,178.94,8.9,Cash,489.25,334.77,154.48,31.57
2481,8,94,1109,231,5,2025-06-17,180.4,3.6,Debit Card,869.24,438.6,430.64,49.54
2482,10,90,2454,124,5,2024-11-04,168.6,23.0,Cash,648.84,403.8,245.04,37.77
2483,10,39,1393,536,1,2025-07-16,242.53,23.9,Debit Card,184.46,141.38,43.08,23.35
2484,6,78,3808,298,1,2025-12-09,85.33,4.0,Online,81.91,42.11,39.8,48.59
2485,3,115,1912,149,2,2025-01-28,72.02,6.4,Debit Card,134.89,89.7,45.19,33.5
2486,2,45,3413,7,3,2025-01-22,28.74,3.3,Credit Card,83.35,96.33,-12.98,-15.57
2487,10,117,3813,1449,1,2024-10-12,15.25,28.4,Debit Card,10.92,8.37,2.55,23.35
2488,10,75,937,27,1,2025-09-19,52.67,22.5,Debit Card,40.79,25.26,15.53,38.07
2489,6,77,553,274,4,2024-12-17,147.48,7.9,Credit Card,543.11,321.04,222.07,40.89
2490,6,96,2985,1057,4,2024-10-02,203.7,9.2,Debit Card,739.79,583.6,156.19,21.11
2491,5,119,2716,364,3,2025-09-12,97.71,5.6,Online,276.61,138.09,138.52,50.08
2492,4,1,2551,294,5,2025-10-11,13.75,3.0,Cash,66.67,44.0,22.67,34.0
2493,9,2,1707,646,5,2025-05-11,51.77,8.0,Online,238.18,106.35,131.83,55.35
2494,2,11,2176,155,1,2025-11-21,162.99,7.2,Credit Card,151.28,60.6,90.68,59.94
2495,4,1,448,195,1,2025-07-28,272.84,4.7,Cash,260.07,142.03,118.04,45.39
2496,1,98,3206,43,2,2025-04-02,55.09,26.6,Cash,80.87,69.6,11.27,13.94
2497,12,108,3906,3,2,2025-11-16,263.06,10.2,Debit Card,472.56,365.98,106.58,22.55
2498,10,71,895,133,2,2025-09-19,141.31,22.2,Online,219.91,196.1,23.81,10.83
2499,12,100,627,943,3,2025-07-13,132.76,6.8,Online,371.1,164.13,206.97,55.77
2500,4,1,1951,335,1,2025-03-11,293.36,10.1,Debit Card,263.76,200.16,63.6,24.11
2501,12,60,859,70,2,2025-10-20,108.38,11.2,Cash,192.4,156.02,36.38,18.91
2502,8,57,1801,214,3,2025-02-01,59.05,6.6,Credit Card,165.48,98.61,66.87,40.41
2503,10,15,3329,10,3,2025-08-04,83.1,25.1,Cash,186.75,92.37,94.38,50.54
2504,3,88,2063,907,2,2025-02-18,6.73,9.4,Debit Card,12.2,8.32,3.88,31.8
2505,3,53,3473,231,4,2025-04-28,299.63,4.4,Online,1146.05,514.96,631.09,55.07
2506,12,18,3176,139,2,2025-11-28,145.57,10.6,Cash,260.4,208.16,52.24,20.06
2507,6,96,512,805,5,2025-06-22,54.78,5.4,Cash,258.98,179.65,79.33,30.63
2508,2,11,1219,1412,1,2024-12-09,127.72,6.7,Debit Card,119.1,75.78,43.32,36.37
2509,4,42,1122,202,1,2025-10-06,264.68,11.4,Credit Card,234.39,130.08,104.31,44.5
2510,11,81,3667,797,2,2024-12-11,286.76,23.9,Credit Card,436.24,302.98,133.26,30.55
2511,5,119,2871,161,4,2025-08-24,161.15,6.9,Online,600.11,455.24,144.87,24.14
2512,8,57,4860,775,5,2025-09-09,152.96,5.4,Credit Card,723.35,300.05,423.3,58.52
2513,4,42,4839,1396,3,2025-08-01,186.92,4.2,Cash,537.02,342.15,194.87,36.29
2514,11,44,4016,452,1,2025-07-08,287.03,25.4,Debit Card,214.03,164.78,49.25,23.01
2515,5,113,3282,120,3,2025-10-16,101.03,7.6,Online,280.08,179.25,100.83,36.0
2516,4,31,1495,571,4,2025-01-23,241.71,9.2,Online,878.16,513.12,365.04,41.57
2517,12,102,4996,1034,5,2024-10-26,251.19,6.3,Online,1177.26,884.75,292.51,24.85
2518,3,115,1002,202,2,2025-11-14,255.75,5.2,Cash,485.15,341.9,143.25,29.53
2519,6,66,3299,367,3,2025-01-11,101.13,3.0,Online,294.2,190.08,104.12,35.39
2520,9,27,1225,127,3,2025-11-28,174.43,5.6,Online,493.91,288.45,205.46,41.6
2521,6,49,2113,228,1,2025-01-23,240.65,8.7,Credit Card,219.79,104.39,115.4,52.5
2522,7,62,3060,83,4,2025-07-17,134.02,9.7,Cash,484.25,374.96,109.29,22.57
2523,8,94,3722,1007,1,2025-06-02,200.08,10.3,Online,179.41,224.17,-44.76,-24.95
2524,1,4,4862,49,4,2025-02-13,31.69,31.2,Credit Card,87.2,53.72,33.48,38.39
2525,7,41,3551,28,4,2025-10-01,284.46,11.3,Debit Card,1009.25,601.96,407.29,40.36
2526,8,112,1038,268,4,2024-10-02,19.17,10.1,Credit Card,68.93,48.12,20.81,30.19
2527,12,108,1372,292,1,2025-01-25,12.36,10.1,Credit Card,11.11,15.24,-4.13,-37.17
2528,7,62,827,1255,3,2025-09-03,251.94,3.2,Debit Card,731.96,275.28,456.68,62.39
2529,1,82,3956,102,3,2025-06-29,85.16,26.2,Cash,188.63,154.2,34.43,18.25
2530,2,110,3552,835,5,2025-04-18,206.13,9.9,Credit Card,928.74,671.15,257.59,27.74
2531,4,42,1169,433,1,2025-07-01,163.32,5.7,Credit Card,153.96,95.46,58.5,38.0
2532,5,92,1400,726,1,2025-03-16,234.46,5.5,Online,221.47,153.44,68.03,30.72
2533,9,24,2658,79,2,2025-03-19,188.73,5.7,Cash,356.09,216.32,139.77,39.25
2534,9,37,3450,224,2,2025-07-15,152.84,9.8,Online,275.82,189.98,85.84,31.12
2535,11,64,4517,179,1,2025-10-18,95.49,32.7,Debit Card,64.25,58.81,5.44,8.47
2536,12,102,1498,599,1,2025-07-15,29.42,3.4,Debit Card,28.41,10.34,18.07,63.6
2537,2,10,1695,297,1,2025-01-14,57.18,10.1,Debit Card,51.39,63.53,-12.14,-23.62
2538,7,7,4861,1403,5,2025-05-28,103.4,6.9,Online,481.12,350.0,131.12,27.25
2539,3,46,2460,70,1,2025-09-06,87.31,9.7,Cash,78.87,58.31,20.56,26.07
2540,8,85,181,237,2,2025-04-30,253.74,11.5,Online,449.02,659.4,-210.38,-46.85
2541,9,65,2852,582,2,2024-10-22,14.34,8.7,Credit Card,26.18,19.1,7.08,27.04
2542,11,64,1920,185,5,2025-05-29,181.2,25.3,Credit Card,676.58,987.3,-310.72,-45.93
2543,4,31,154,1270,5,2024-10-27,79.36,6.1,Credit Card,372.77,198.3,174.47,46.8
2544,2,45,2076,1058,1,2025-01-15,159.48,8.6,Credit Card,145.77,70.72,75.05,51.49
2545,10,55,1981,1119,4,2025-10-11,134.44,23.5,Cash,411.17,268.96,142.21,34.59
2546,9,52,3456,328,2,2024-10-01,288.3,5.3,Debit Card,545.77,265.9,279.87,51.28
2547,11,97,3606,236,4,2025-11-01,240.42,22.7,Online,743.18,426.4,316.78,42.62
2548,2,23,2994,184,4,2025-05-13,250.45,3.8,Online,963.65,654.4,309.25,32.09
2549,2,11,1397,60,2,2025-05-19,34.85,9.9,Credit Card,62.8,32.06,30.74,48.95
2550,9,52,2117,1345,4,2025-10-25,119.24,8.7,Credit Card,435.7,307.36,128.34,29.46
2551,6,66,3325,132,1,2025-02-18,134.9,6.5,Debit Card,126.19,93.2,32.99,26.14
2552,11,44,3037,907,1,2025-06-13,193.37,33.9,Debit Card,127.81,78.45,49.36,38.62
2553,5,119,3595,6,5,2025-08-30,194.44,9.1,Debit Card,883.77,429.05,454.72,51.45
2554,11,97,2264,191,1,2025-04-18,70.75,23.2,Cash,54.37,46.11,8.26,15.19
2555,6,107,3515,286,2,2025-04-13,51.17,9.1,Cash,93.03,117.48,-24.45,-26.28
2556,9,37,3245,158,3,2025-11-25,34.71,8.7,Cash,95.12,72.96,22.16,23.3
2557,12,93,2841,97,1,2025-05-28,213.18,8.8,Debit Card,194.36,101.94,92.42,47.55
2558,1,82,2684,36,1,2025-04-22,248.46,26.3,Credit Card,183.02,99.81,83.21,45.46
2559,7,62,3988,1468,1,2025-02-13,41.25,4.4,Cash,39.45,22.11,17.34,43.95
2560,8,94,2742,1160,1,2025-05-09,182.3,6.5,Online,170.41,117.31,53.1,31.16
2561,4,31,3981,157,5,2024-10-20,18.18,3.8,Cash,87.4,34.25,53.15,60.81
2562,8,9,1019,8,2,2025-08-14,40.16,4.5,Cash,76.73,28.58,48.15,62.75
2563,10,71,3235,271,4,2025-11-11,261.87,32.2,Credit Card,710.56,413.56,297.0,41.8
2564,1,48,4612,161,3,2025-04-14,82.36,24.7,Credit Card,186.0,116.22,69.78,37.52
2565,11,12,1572,58,1,2024-10-25,60.72,22.8,Credit Card,46.89,32.71,14.18,30.24
2566,8,94,3934,871,2,2024-11-01,229.61,7.8,Debit Card,423.27,323.66,99.61,23.53
2567,3,53,1373,170,1,2025-10-04,120.71,4.4,Debit Card,115.37,56.24,59.13,51.25
2568,4,56,2314,1419,2,2025-02-04,194.63,7.8,Cash,358.77,219.54,139.23,38.81
2569,8,57,3592,619,1,2025-10-10,276.39,9.8,Credit Card,249.33,172.77,76.56,30.71
2570,8,85,3835,1020,2,2025-11-13,132.49,10.3,Online,237.65,106.02,131.63,55.39
2571,11,44,632,366,1,2025-08-21,99.08,28.5,Cash,70.84,45.34,25.5,36.0
2572,12,93,1339,281,2,2025-10-29,93.13,4.8,Debit Card,177.28,131.64,45.64,25.74
2573,2,11,4337,215,2,2025-08-16,8.28,7.0,Online,15.39,10.06,5.33,34.63
2574,9,52,3756,42,5,2025-11-19,128.73,10.4,Cash,577.01,393.9,183.11,31.73
2575,4,42,4908,713,4,2025-10-23,63.53,9.6,Credit Card,229.68,144.32,85.36,37.16
2576,6,74,802,170,2,2025-04-17,106.33,10.2,Cash,190.91,149.1,41.81,21.9
2577,8,109,4867,99,1,2025-07-17,35.87,3.9,Online,34.49,20.47,14.02,40.65
2578,4,56,2287,58,3,2025-01-13,65.37,9.5,Credit Card,177.38,83.58,93.8,52.88
2579,8,85,3330,40,5,2025-02-26,5.38,7.0,Cash,25.02,17.5,7.52,30.06
2580,7,84,3260,238,2,2025-09-04,200.73,6.2,Cash,376.52,160.96,215.56,57.25
2581,8,85,2990,1011,3,2025-02-12,169.15,4.5,Debit Card,484.84,330.06,154.78,31.92
2582,12,60,4111,65,4,2025-01-29,174.78,5.1,Online,663.17,279.2,383.97,57.9
2583,4,70,3171,258,2,2024-11-27,171.62,8.4,Debit Card,314.4,238.16,76.24,24.25
2584,2,23,3440,190,4,2025-03-10,268.54,9.3,Cash,974.06,572.24,401.82,41.25
2585,4,1,2171,270,4,2025-03-19,20.35,7.9,Credit Card,74.97,41.68,33.29,44.4
2586,5,20,2432,30,4,2024-11-22,9.54,11.7,Cash,33.7,15.56,18.14,53.83
2587,4,56,263,268,3,2025-10-12,169.82,4.7,Credit Card,485.6,288.45,197.15,40.6
2588,11,97,4003,275,1,2024-12-24,251.91,22.4,Debit Card,195.43,141.64,53.79,27.52
2589,8,30,2339,1111,1,2025-04-01,290.77,9.7,Credit Card,262.61,126.06,136.55,52.0
2590,10,33,1605,100,1,2025-12-08,211.29,30.6,Credit Card,146.56,105.1,41.46,28.29
2591,5,92,3249,945,2,2025-03-15,171.19,3.4,Credit Card,330.77,144.48,186.29,56.32
2592,9,6,2003,755,4,2024-12-20,138.63,5.1,Credit Card,525.98,236.2,289.78,55.09
2593,7,84,3074,1244,3,2025-07-29,92.45,3.1,Credit Card,268.86,107.22,161.64,60.12
2594,7,95,4258,1239,2,2024-12-20,197.16,7.1,Cash,366.23,194.32,171.91,46.94
2595,12,93,2540,799,2,2025-06-28,299.19,3.4,Debit Card,578.07,234.82,343.25,59.38
2596,5,92,1646,1276,4,2025-02-13,164.12,9.8,Debit Card,592.39,427.44,164.95,27.84
2597,3,21,1805,130,2,2024-11-18,132.9,11.1,Credit Card,236.28,169.08,67.2,28.44
2598,8,116,2595,78,2,2024-11-22,259.72,5.9,Cash,488.86,361.66,127.2,26.02
2599,4,31,2658,141,2,2025-01-23,188.73,8.3,Debit Card,346.17,216.32,129.85,37.51
2600,3,88,741,1020,5,2024-11-06,254.9,10.4,Cash,1141.53,580.4,561.13,49.16
2601,4,42,3994,157,1,2025-09-04,151.29,5.4,Debit Card,143.18,106.22,36.96,25.81
2602,12,93,234,956,2,2025-05-09,124.59,9.4,Credit Card,225.85,156.36,69.49,30.77
2603,1,86,1319,186,4,2025-07-21,140.37,29.2,Credit Card,397.51,339.64,57.87,14.56
2604,8,112,1365,899,3,2025-09-18,117.61,9.2,Credit Card,320.44,215.91,104.53,32.62
2605,9,2,1743,1042,2,2025-11-16,32.87,9.1,Credit Card,59.74,44.12,15.62,26.15
2606,3,53,980,534,4,2025-09-25,103.64,4.0,Cash,398.13,509.24,-111.11,-27.91
2607,10,55,2291,1439,1,2025-08-13,217.85,24.8,Online,163.87,114.01,49.86,30.43
2608,6,72,3170,691,5,2025-01-05,53.5,8.3,Credit Card,245.36,179.55,65.81,26.82
2609,4,56,4954,123,1,2025-10-19,155.85,4.7,Online,148.5,104.29,44.21,29.77
2610,9,65,1890,1454,1,2024-10-07,252.26,7.2,Credit Card,234.09,97.25,136.84,58.46
2611,2,45,4627,552,2,2025-05-15,74.77,10.8,Online,133.34,93.94,39.4,29.55
2612,3,14,723,218,4,2025-06-20,134.15,11.6,Credit Card,474.58,283.52,191.06,40.26
2613,1,82,759,246,5,2024-11-28,154.59,27.9,Cash,557.33,491.15,66.18,11.87
2614,12,18,43,799,2,2025-11-09,65.37,4.4,Credit Card,125.04,62.26,62.78,50.21
2615,7,104,4862,760,3,2025-03-02,31.69,11.2,Online,84.4,40.29,44.11,52.26
2616,9,111,770,1024,3,2025-04-13,271.96,7.2,Cash,757.07,381.42,375.65,49.62
2617,12,100,1814,121,2,2024-11-01,49.72,5.6,Credit Card,93.86,43.72,50.14,53.42
2618,1,98,4433,1345,1,2025-12-06,68.77,22.1,Online,53.59,49.14,4.45,8.3
2619,11,64,2892,131,4,2025-04-01,57.33,28.5,Online,163.95,104.32,59.63,36.37
2620,3,46,1814,241,1,2024-12-14,49.72,6.9,Credit Card,46.3,21.86,24.44,52.79
2621,7,104,3816,106,1,2025-05-01,202.57,3.5,Cash,195.57,137.72,57.85,29.58
2622,3,46,2772,218,1,2025-01-04,274.94,8.3,Credit Card,252.23,135.86,116.37,46.14
2623,3,46,835,450,5,2025-08-18,262.7,9.4,Debit Card,1189.39,787.8,401.59,33.76
2624,3,46,3343,246,3,2025-11-11,86.21,3.0,Credit Card,250.75,155.22,95.53,38.1
2625,4,31,43,125,4,2025-03-22,65.37,6.0,Cash,245.84,124.52,121.32,49.35
2626,4,1,3854,194,5,2025-10-29,206.36,3.8,Credit Card,992.08,366.6,625.48,63.05
2627,8,85,1098,298,5,2024-12-17,229.95,10.9,Credit Card,1024.3,601.0,423.3,41.33
2628,5,119,1598,1194,1,2024-11-24,108.06,3.4,Credit Card,104.41,72.03,32.38,31.01
2629,3,53,4595,212,1,2025-04-06,234.05,11.6,Online,207.01,165.42,41.59,20.09
2630,10,117,4032,288,2,2025-06-22,37.41,31.3,Cash,51.4,28.96,22.44,43.66
2631,12,108,3402,1233,4,2024-12-22,274.18,3.3,Cash,1060.47,412.84,647.63,61.07
2632,12,100,437,1024,1,2024-10-03,121.12,6.9,Cash,112.76,42.44,70.32,62.36
2633,5,22,4072,93,1,2025-07-15,193.89,6.2,Credit Card,181.91,85.81,96.1,52.83
2634,12,102,4413,181,2,2024-11-23,91.62,3.4,Online,176.94,64.74,112.2,63.41
2635,9,27,2613,867,5,2025-05-03,50.41,10.1,Cash,226.53,91.95,134.58,59.41
2636,6,99,3708,694,1,2025-04-29,184.74,3.6,Online,178.11,74.42,103.69,58.22
2637,4,56,2580,802,2,2024-12-15,108.92,3.5,Online,210.12,83.48,126.64,60.27
2638,1,82,537,80,4,2025-07-06,144.1,22.7,Credit Card,445.56,283.2,162.36,36.44
2639,8,9,4624,231,2,2025-06-27,94.8,6.1,Online,177.95,126.96,50.99,28.65
2640,5,119,2995,586,1,2025-03-13,244.11,4.3,Credit Card,233.68,141.22,92.46,39.57
2641,9,27,1192,203,4,2025-12-06,57.72,4.1,Cash,221.41,81.48,139.93,63.2
2642,7,7,2837,283,4,2025-05-22,168.28,11.7,Debit Card,594.17,358.12,236.05,39.73
2643,2,13,583,779,4,2024-12-06,178.69,8.8,Credit Card,651.92,338.68,313.24,48.05
2644,12,18,4940,252,1,2025-02-15,217.23,4.9,Credit Card,206.63,130.16,76.47,37.01
2645,2,73,2410,331,1,2024-12-07,37.66,5.9,Debit Card,35.44,22.46,12.98,36.63
2646,8,85,850,172,4,2024-12-18,123.8,9.0,Cash,450.84,296.6,154.24,34.21
2647,11,44,395,183,5,2025-08-04,75.45,24.7,Cash,284.05,137.9,146.15,51.45
2648,5,92,2560,94,1,2025-06-06,298.12,6.2,Cash,279.59,138.64,140.95,50.41
2649,5,47,3681,1476,4,2025-01-07,210.73,3.3,Credit Card,815.51,473.16,342.35,41.98
2650,12,100,737,322,1,2024-11-18,67.56,8.4,Credit Card,61.85,30.18,31.67,51.2
2651,6,77,4370,98,5,2024-11-13,241.1,10.7,Online,1076.63,514.1,562.53,52.25
2652,7,41,3286,83,5,2025-10-19,280.37,11.1,Debit Card,1245.97,653.1,592.87,47.58
2653,12,102,4742,115,3,2025-10-24,27.94,8.8,Debit Card,76.44,34.29,42.15,55.14
2654,4,1,4566,654,1,2025-09-13,143.37,10.3,Credit Card,128.63,57.11,71.52,55.6
2655,9,27,3334,250,2,2025-05-07,253.53,9.9,Debit Card,457.11,232.86,224.25,49.06
2656,8,80,614,268,4,2025-11-03,50.49,3.2,Cash,195.53,124.08,71.45,36.54
2657,6,78,350,589,1,2025-05-10,207.33,4.5,Credit Card,197.92,132.2,65.72,33.21
2658,1,54,2296,687,5,2025-10-27,211.78,29.5,Debit Card,746.69,632.9,113.79,15.24
2659,6,74,957,740,2,2025-04-01,67.29,5.5,Debit Card,127.15,54.1,73.05,57.45
2660,1,79,3446,40,1,2025-01-21,73.94,22.6,Debit Card,57.25,33.87,23.38,40.84
2661,5,40,3577,998,3,2025-10-12,13.15,7.6,Cash,36.46,27.06,9.4,25.78
2662,6,49,3358,88,1,2025-07-03,295.84,4.7,Credit Card,281.86,162.35,119.51,42.4
2663,2,114,4085,405,3,2025-02-11,196.68,4.5,Credit Card,563.28,418.26,145.02,25.75
2664,3,14,3566,113,2,2024-10-01,245.52,11.9,Credit Card,432.81,244.62,188.19,43.48
2665,12,18,992,979,2,2025-12-04,238.45,11.2,Credit Card,423.33,263.04,160.29,37.86
2666,7,104,1425,796,3,2025-10-14,261.7,4.8,Credit Card,747.46,371.31,376.15,50.32
2667,5,47,221,88,2,2025-11-30,229.43,4.9,Credit Card,436.56,237.3,199.26,45.64
2668,10,67,2418,276,5,2025-05-30,16.77,31.8,Credit Card,57.2,35.2,22.0,38.46
2669,11,97,1515,666,4,2025-04-28,240.76,25.9,Cash,713.68,542.48,171.2,23.99
2670,9,2,1620,85,1,2025-03-26,45.88,5.7,Credit Card,43.25,18.52,24.73,57.18
2671,12,102,212,74,4,2025-01-08,253.42,10.8,Credit Card,904.27,591.44,312.83,34.59
2672,8,30,1288,188,2,2025-05-29,202.49,4.1,Credit Card,388.39,159.18,229.21,59.02
2673,10,38,145,1256,2,2025-05-06,47.87,24.5,Credit Card,72.25,48.88,23.37,32.35
2674,9,37,608,34,4,2024-11-03,105.15,11.2,Cash,373.65,148.24,225.41,60.33
2675,11,81,4635,180,3,2025-05-16,143.89,32.2,Cash,292.58,253.41,39.17,13.39
2676,6,72,1125,920,2,2024-10-17,264.72,8.0,Cash,487.01,314.72,172.29,35.38
2677,2,69,947,173,4,2025-09-10,188.59,3.5,Debit Card,727.86,448.52,279.34,38.38
2678,11,63,2735,28,4,2025-04-09,256.6,29.9,Credit Card,720.0,481.36,238.64,33.14
2679,6,96,1081,398,5,2025-06-05,240.18,9.6,Cash,1086.2,514.25,571.95,52.66
2680,5,92,2394,1374,1,2025-08-13,254.88,7.2,Online,236.47,143.58,92.89,39.28
2681,10,39,3357,290,1,2025-08-11,110.53,32.8,Credit Card,74.29,62.75,11.54,15.53
2682,4,31,1759,944,2,2025-09-13,227.66,4.6,Credit Card,434.3,321.86,112.44,25.89
2683,9,120,3566,8,1,2024-12-18,245.52,9.5,Credit Card,222.17,122.31,99.86,44.95
2684,2,43,462,482,2,2025-10-23,206.7,9.2,Credit Card,375.2,215.32,159.88,42.61
2685,11,44,2455,76,1,2025-05-07,195.16,26.7,Credit Card,143.08,91.9,51.18,35.77
2686,3,21,4877,596,2,2025-03-10,204.58,4.3,Credit Card,391.66,185.74,205.92,52.58
2687,4,56,4225,286,1,2025-11-08,23.11,3.5,Cash,22.31,15.25,7.06,31.65
2688,7,5,2298,111,2,2025-11-09,199.16,3.3,Online,385.18,260.28,124.9,32.43
2689,1,17,2239,293,3,2025-05-20,35.77,33.8,Cash,71.08,45.99,25.09,35.3
2690,9,25,849,529,4,2025-07-24,90.13,4.1,Debit Card,345.7,141.64,204.06,59.03
2691,5,20,27,1207,2,2024-12-13,33.51,7.4,Cash,62.08,36.34,25.74,41.46
2692,1,3,2394,1167,1,2025-07-27,254.88,33.5,Online,169.6,143.58,26.02,15.34
2693,8,80,1456,1310,2,2024-11-01,199.21,7.1,Credit Card,369.94,264.54,105.4,28.49
2694,3,53,4932,1024,1,2025-04-10,215.47,3.1,Credit Card,208.79,145.87,62.92,30.14
2695,11,63,3982,271,5,2025-09-24,155.88,28.8,Credit Card,554.63,375.1,179.53,32.37
2696,1,50,4868,1048,2,2025-11-25,51.57,30.7,Debit Card,71.44,49.24,22.2,31.08
2697,11,12,1595,667,4,2025-06-10,129.67,26.5,Credit Card,381.4,661.28,-279.88,-73.38
2698,11,63,2978,714,4,2025-04-07,91.01,22.7,Cash,281.42,200.6,80.82,28.72
2699,7,5,389,78,5,2025-07-09,191.24,8.1,Credit Card,878.44,550.0,328.44,37.39
2700,12,102,3676,90,5,2025-11-10,204.26,4.8,Credit Card,972.37,541.3,431.07,44.33
2701,4,70,1602,91,2,2025-07-23,266.44,4.1,Cash,510.89,229.38,281.51,55.1
2702,5,105,2339,105,4,2025-08-11,290.77,11.9,Credit Card,1024.96,504.24,520.72,50.8
2703,10,16,776,210,1,2024-11-19,240.41,26.0,Debit Card,178.0,160.89,17.11,9.61
2704,2,114,4665,158,2,2025-04-23,167.64,3.1,Credit Card,324.8,214.08,110.72,34.09
2705,4,70,676,25,2,2024-12-12,168.7,6.4,Online,315.97,156.62,159.35,50.43
2706,5,20,4761,673,1,2025-03-16,226.73,9.6,Debit Card,204.95,276.69,-71.74,-35.0
2707,4,31,1937,202,3,2025-06-29,162.51,6.7,Credit Card,454.68,198.84,255.84,56.27
2708,3,115,2751,39,1,2025-01-06,66.23,4.4,Online,63.3,33.8,29.5,46.6
2709,5,22,2624,868,2,2025-08-26,34.44,4.7,Online,65.61,45.58,20.03,30.53
2710,2,103,2266,10,4,2025-09-09,135.32,9.5,Credit Card,490.07,378.68,111.39,22.73
2711,10,39,3950,280,2,2025-10-29,264.7,25.1,Debit Card,396.59,376.22,20.37,5.14
2712,10,15,3749,772,1,2025-03-22,11.76,23.6,Debit Card,8.98,8.2,0.78,8.69
2713,1,68,1109,187,2,2025-09-11,180.4,27.8,Credit Card,260.41,175.44,84.97,32.63
2714,11,97,4997,288,3,2025-11-22,111.39,33.2,Debit Card,223.2,212.13,11.07,4.96
2715,7,84,3273,26,4,2025-08-15,268.08,3.8,Debit Card,1031.18,660.84,370.34,35.91
2716,11,44,3120,119,2,2024-12-07,91.56,32.6,Credit Card,123.41,65.94,57.47,46.57
2717,11,81,4853,491,2,2025-06-11,130.89,25.4,Cash,195.34,181.08,14.26,7.3
2718,3,88,2751,872,4,2025-09-14,66.23,7.8,Debit Card,244.21,135.2,109.01,44.64
2719,6,99,3641,58,3,2025-05-05,58.19,5.1,Credit Card,165.72,99.3,66.42,40.08
2720,11,81,328,1399,3,2024-10-11,261.9,34.0,Cash,518.58,489.99,28.59,5.51
2721,8,109,4029,198,2,2025-06-04,143.7,9.6,Debit Card,259.74,159.28,100.46,38.68
2722,3,53,3204,1274,1,2024-12-23,204.7,5.6,Credit Card,193.16,86.72,106.44,55.1
2723,9,24,2225,270,1,2025-09-09,227.26,7.9,Online,209.27,124.07,85.2,40.71
2724,5,113,912,433,4,2025-05-27,214.99,9.9,Cash,774.99,432.84,342.15,44.15
2725,8,85,3095,88,5,2025-01-03,108.63,3.9,Credit Card,521.7,351.3,170.4,32.66
2726,10,15,751,1155,3,2025-03-02,38.52,32.9,Cash,77.51,148.86,-71.35,-92.05
2727,2,13,3098,44,5,2025-08-21,251.09,10.5,Credit Card,1123.49,460.6,662.89,59.0
2728,2,45,4211,1463,2,2025-11-19,141.7,6.2,Credit Card,265.73,166.84,98.89,37.21
2729,6,77,4890,196,3,2025-05-24,196.33,7.8,Credit Card,543.16,247.56,295.6,54.42
2730,11,44,4983,83,3,2025-04-03,152.36,23.1,Debit Card,351.37,496.77,-145.4,-41.38
2731,2,10,4010,318,1,2024-12-26,286.68,9.7,Credit Card,258.87,163.14,95.73,36.98
2732,6,78,4811,1098,2,2025-06-05,252.17,6.5,Debit Card,471.46,330.24,141.22,29.95
2733,9,25,3236,199,2,2025-03-30,173.53,4.3,Cash,332.13,156.48,175.65,52.89
2734,3,46,3423,5,2,2025-04-12,215.72,5.5,Credit Card,407.92,212.94,194.98,47.8
2735,8,112,2419,1117,2,2025-08-08,88.51,8.0,Cash,162.9,66.08,96.82,59.44
2736,3,88,278,291,4,2024-12-05,272.39,4.5,Credit Card,1040.55,646.44,394.11,37.88
2737,9,6,2660,47,2,2025-05-07,58.61,6.2,Credit Card,109.94,57.5,52.44,47.7
2738,5,40,389,1219,3,2024-10-22,191.24,8.9,Debit Card,522.78,330.0,192.78,36.88
2739,8,112,915,820,1,2025-04-03,42.96,11.4,Cash,38.07,27.83,10.24,26.9
2740,1,58,471,267,5,2025-07-16,126.0,24.9,Credit Card,473.06,239.7,233.36,49.33
2741,1,82,317,224,3,2025-06-07,295.36,25.9,Debit Card,656.15,405.24,250.91,38.24
2742,9,37,2390,618,2,2025-10-16,159.09,9.2,Credit Card,289.01,147.14,141.87,49.09
2743,7,104,3935,182,1,2024-10-05,252.22,4.1,Online,241.92,120.42,121.5,50.22
2744,5,20,4419,465,5,2025-06-26,125.82,4.5,Cash,600.88,326.1,274.78,45.73
2745,10,16,3772,76,4,2025-11-05,157.74,24.7,Debit Card,475.23,320.68,154.55,32.52
2746,1,50,331,72,1,2025-07-26,288.25,23.7,Cash,219.96,189.36,30.6,13.91
2747,3,88,2602,156,2,2025-09-05,238.79,7.2,Credit Card,443.18,341.44,101.74,22.96
2748,10,15,640,1158,1,2025-10-13,281.8,26.8,Cash,206.22,191.92,14.3,6.93
2749,10,38,2247,1051,2,2025-02-17,218.47,29.1,Credit Card,309.83,313.02,-3.19,-1.03
2750,12,18,4289,247,4,2025-04-17,162.3,7.1,Debit Card,602.8,256.56,346.24,57.44
2751,9,111,1742,293,4,2025-10-12,204.08,5.8,Credit Card,769.09,568.4,200.69,26.09
2752,10,15,4375,383,5,2025-08-08,162.5,31.2,Online,559.25,370.95,188.3,33.67
2753,3,21,3883,187,1,2025-04-15,28.16,11.3,Credit Card,24.99,10.36,14.63,58.54
2754,5,40,4421,604,5,2025-07-12,256.84,11.7,Debit Card,1134.09,748.1,385.99,34.04
2755,2,28,2600,325,3,2024-10-25,115.9,11.9,Credit Card,306.22,216.66,89.56,29.25
2756,5,76,4408,178,2,2025-06-24,70.88,3.2,Credit Card,137.17,56.62,80.55,58.72
2757,7,41,3141,142,1,2025-03-18,233.43,9.4,Credit Card,211.41,88.86,122.55,57.97
2758,12,36,4674,1443,4,2025-10-30,191.28,11.4,Credit Card,677.78,281.56,396.22,58.46
2759,5,40,2558,143,1,2025-01-04,192.19,11.1,Online,170.79,106.21,64.58,37.81
2760,5,113,4166,88,2,2025-07-21,39.59,3.2,Credit Card,76.63,28.88,47.75,62.31
2761,11,64,4229,1004,3,2025-01-25,279.06,32.8,Debit Card,562.88,586.53,-23.65,-4.2
2762,4,34,3918,933,2,2024-12-21,281.93,7.1,Credit Card,523.66,333.02,190.64,36.41
2763,4,34,740,120,2,2025-04-08,293.29,10.7,Debit Card,524.1,362.56,161.54,30.82
2764,5,119,1340,1047,5,2025-01-29,122.17,9.4,Credit Card,553.18,664.1,-110.92,-20.05
2765,2,83,750,1235,3,2024-12-18,55.17,7.0,Online,153.99,103.23,50.76,32.96
2766,6,78,4956,166,1,2025-11-12,215.49,5.7,Online,203.3,142.59,60.71,29.86
2767,11,44,512,165,1,2024-11-13,54.78,26.5,Debit Card,40.27,35.93,4.34,10.78
2768,2,10,2124,66,1,2024-10-19,250.46,7.9,Cash,230.77,90.96,139.81,60.58
2769,9,65,3425,333,2,2025-07-20,69.47,6.6,Cash,129.78,63.8,65.98,50.84
2770,11,64,4136,582,4,2025-02-10,71.23,29.6,Debit Card,200.62,148.8,51.82,25.83
2771,6,78,2328,37,4,2025-05-19,45.64,7.2,Cash,169.39,87.52,81.87,48.33
2772,5,119,3602,105,2,2024-10-04,61.91,7.3,Cash,114.8,67.78,47.02,40.96
2773,11,12,634,136,2,2024-10-01,70.33,27.7,Debit Card,101.68,73.7,27.98,27.52
2774,3,46,4171,224,4,2025-02-03,59.57,8.9,Online,217.01,123.76,93.25,42.97
2775,10,75,2798,972,1,2025-06-30,253.38,30.4,Credit Card,176.44,146.01,30.43,17.25
2776,9,65,2500,113,2,2025-03-20,14.47,5.0,Debit Card,27.49,13.3,14.19,51.62
2777,8,80,4030,923,2,2025-01-08,84.15,7.1,Credit Card,156.33,110.8,45.53,29.12
2778,3,14,2514,1170,1,2025-08-02,50.2,5.4,Credit Card,47.49,35.78,11.71,24.66
2779,1,118,2319,101,1,2025-11-18,55.88,30.8,Cash,38.68,22.22,16.46,42.55
2780,1,58,1648,1479,2,2025-10-05,265.74,22.2,Online,413.41,291.92,121.49,29.39
2781,10,90,1385,259,2,2024-11-05,67.82,30.3,Online,94.51,60.98,33.53,35.48
2782,8,109,3236,276,2,2024-10-01,173.53,8.0,Credit Card,319.13,156.48,162.65,50.97
2783,10,75,3131,349,1,2025-01-28,279.22,22.6,Online,216.13,169.7,46.43,21.48
2784,7,41,2845,909,2,2025-04-28,63.57,9.4,Cash,115.24,50.02,65.22,56.59
2785,7,7,1433,460,2,2025-07-12,101.94,9.2,Online,185.15,124.56,60.59,32.72
2786,3,14,3505,705,5,2025-04-27,286.02,3.7,Online,1376.7,1011.8,364.9,26.51
2787,6,66,4616,220,1,2025-08-18,49.04,9.8,Cash,44.25,29.02,15.23,34.42
2788,10,55,4521,295,1,2024-11-05,205.87,24.7,Cash,154.98,130.93,24.05,15.52
2789,5,76,3096,124,1,2024-12-01,215.26,8.8,Credit Card,196.36,150.76,45.6,23.22
2790,5,40,932,182,4,2025-02-25,21.25,10.7,Debit Card,75.93,59.6,16.33,21.51
2791,6,72,1625,395,1,2024-12-22,68.95,5.7,Debit Card,64.99,76.81,-11.82,-18.19
2792,8,112,2567,21,1,2025-08-06,66.16,3.7,Cash,63.71,27.08,36.63,57.49
2793,9,2,1775,290,5,2024-12-21,37.24,5.7,Online,175.49,110.6,64.89,36.98
2794,5,47,1832,276,3,2025-09-28,296.79,9.5,Online,805.94,430.68,375.26,46.56
2795,10,67,4026,94,4,2025-11-01,11.28,25.5,Debit Card,33.62,16.04,17.58,52.29
2796,7,62,3428,1301,4,2024-11-16,103.76,8.6,Debit Card,379.47,257.28,122.19,32.2
2797,1,59,2955,42,4,2024-12-14,78.53,29.2,Cash,222.28,222.8,-0.52,-0.23
2798,5,113,1949,26,5,2025-05-13,220.41,9.6,Online,996.17,441.65,554.52,55.67
2799,10,15,2559,1084,2,2025-10-04,207.06,25.2,Cash,309.81,499.26,-189.45,-61.15
2800,3,21,4113,1021,2,2025-11-16,20.95,3.5,Cash,40.42,18.66,21.76,53.83
2801,10,87,2057,199,2,2025-02-05,75.43,27.7,Cash,109.02,107.08,1.94,1.78
2802,12,60,4062,1427,2,2024-11-24,254.38,5.2,Debit Card,482.17,640.54,-158.37,-32.85
2803,2,23,2730,1427,4,2025-03-20,116.14,7.0,Cash,432.02,293.72,138.3,32.01
2804,3,115,1079,63,1,2025-07-27,255.15,7.9,Debit Card,235.08,158.64,76.44,32.52
2805,10,15,2083,240,2,2024-10-21,24.97,29.2,Cash,35.37,23.86,11.51,32.54
2806,9,106,1448,27,1,2025-05-10,125.82,9.5,Debit Card,113.81,69.95,43.86,38.54
2807,9,106,1113,179,1,2025-08-05,155.61,4.2,Online,149.13,91.4,57.73,38.71
2808,2,89,2828,36,2,2025-03-24,45.61,8.4,Debit Card,83.53,40.02,43.51,52.09
2809,9,25,712,81,5,2025-02-01,199.64,7.2,Credit Card,925.84,663.75,262.09,28.31
2810,3,46,4509,1179,2,2025-01-29,258.93,9.1,Debit Card,470.71,240.5,230.21,48.91
2811,12,93,3205,1034,1,2025-09-08,164.78,11.8,Online,145.38,115.02,30.36,20.88
2812,12,100,3004,1074,3,2025-03-02,23.47,6.3,Debit Card,65.94,49.65,16.29,24.7
2813,3,46,1766,17,1,2025-01-04,80.27,5.2,Cash,76.08,39.5,36.58,48.08
2814,5,119,4003,285,1,2025-03-18,251.91,10.7,Debit Card,224.89,141.64,83.25,37.02
2815,4,42,3886,823,1,2025-03-08,192.14,5.6,Credit Card,181.33,94.7,86.63,47.77
2816,1,86,685,575,2,2024-10-13,132.55,33.6,Cash,176.1,165.82,10.28,5.84
2817,1,50,551,251,1,2024-10-06,84.03,29.8,Cash,59.02,45.61,13.41,22.72
2818,5,40,2473,61,1,2025-06-14,269.16,3.6,Debit Card,259.56,151.01,108.55,41.82
2819,4,34,1391,822,1,2025-02-13,159.06,8.6,Cash,145.31,58.81,86.5,59.53
2820,8,112,3439,1170,2,2024-11-25,185.93,5.5,Online,351.23,165.06,186.17,53.01
2821,2,35,857,135,1,2025-04-08,165.06,6.5,Online,154.28,86.61,67.67,43.86
2822,8,116,2235,270,2,2024-12-26,142.02,3.2,Online,275.06,164.22,110.84,40.3
2823,6,78,87,246,3,2025-10-02,18.48,7.7,Cash,51.18,30.33,20.85,40.74
2824,10,90,2046,700,1,2025-11-10,262.43,30.6,Credit Card,182.18,93.53,88.65,48.66
2825,9,120,1512,1279,1,2025-04-15,119.69,10.7,Credit Card,106.88,58.18,48.7,45.57
2826,11,12,3230,227,1,2024-10-17,21.51,26.1,Debit Card,15.89,10.22,5.67,35.68
2827,6,49,833,232,2,2025-11-06,235.35,6.9,Credit Card,438.0,187.8,250.2,57.12
2828,7,84,3034,114,1,2025-07-28,286.79,8.8,Cash,261.65,188.92,72.73,27.8
2829,8,116,1847,90,1,2025-08-06,257.45,7.2,Debit Card,238.81,149.78,89.03,37.28
2830,1,86,1467,20,1,2024-11-08,29.87,27.2,Credit Card,21.75,11.73,10.02,46.07
2831,11,64,2900,953,4,2025-08-17,159.31,23.6,Credit Card,486.7,737.96,-251.26,-51.63
2832,11,12,3063,202,2,2025-01-03,140.87,26.1,Cash,208.22,200.68,7.54,3.62
2833,7,62,3922,37,2,2025-03-31,131.26,8.7,Debit Card,239.65,176.68,62.97,26.28
2834,7,95,3047,276,5,2025-02-21,71.68,10.4,Cash,321.21,180.85,140.36,43.7
2835,3,53,4372,168,3,2025-04-15,230.22,5.3,Credit Card,654.35,394.26,260.09,39.75
2836,7,5,151,1415,3,2025-05-28,289.85,6.7,Credit Card,811.03,471.27,339.76,41.89
2837,11,12,3813,224,3,2025-03-09,15.25,22.9,Debit Card,35.26,25.11,10.15,28.79
2838,4,70,374,52,2,2025-07-09,212.02,9.8,Credit Card,382.58,170.8,211.78,55.36
2839,6,78,3716,415,2,2025-03-12,105.11,8.7,Credit Card,191.84,122.68,69.16,36.05
2840,2,26,156,881,3,2024-11-22,69.44,8.1,Online,191.34,140.25,51.09,26.7
2841,4,70,3718,291,2,2025-10-08,246.76,3.1,Debit Card,478.38,341.7,136.68,28.57
2842,10,75,3059,825,1,2025-03-20,102.51,26.5,Online,75.39,69.35,6.04,8.01
2843,10,101,538,150,3,2025-03-18,188.69,30.8,Debit Card,391.58,311.97,79.61,20.33
2844,4,1,2422,266,1,2024-10-24,166.87,9.3,Credit Card,151.32,78.06,73.26,48.41
2845,5,113,1427,982,5,2024-11-13,246.79,11.0,Debit Card,1098.75,477.0,621.75,56.59
2846,6,78,605,38,1,2025-04-25,126.16,10.5,Debit Card,112.85,86.69,26.16,23.18
2847,4,70,2043,130,5,2025-07-06,269.9,10.4,Debit Card,1209.51,673.85,535.66,44.29
2848,11,63,2709,381,4,2025-02-03,210.03,30.4,Debit Card,584.86,347.64,237.22,40.56
2849,6,77,3589,254,5,2024-12-14,37.22,3.6,Debit Card,179.45,72.9,106.55,59.38
2850,9,37,401,809,5,2025-05-10,198.22,4.2,Debit Card,949.87,455.15,494.72,52.08
2851,12,100,934,90,2,2025-12-03,20.39,10.6,Debit Card,36.46,19.58,16.88,46.3
2852,4,1,680,1042,4,2025-08-07,172.28,6.6,Debit Card,643.75,298.48,345.27,53.63
2853,11,64,3702,356,2,2025-08-22,97.98,28.8,Credit Card,139.47,85.12,54.35,38.97
2854,7,95,866,102,4,2025-10-01,10.61,4.8,Credit Card,40.41,29.96,10.45,25.86
2855,11,97,4634,29,1,2025-08-21,286.81,27.8,Credit Card,207.21,152.65,54.56,26.33
2856,7,62,2502,1446,1,2025-01-23,66.12,5.2,Debit Card,62.7,47.33,15.37,24.51
2857,8,57,1567,222,5,2025-05-28,36.36,6.9,Online,169.22,96.95,72.27,42.71
2858,2,83,1036,134,1,2025-05-25,86.03,5.6,Online,81.23,35.47,45.76,56.33
2859,1,4,2959,91,4,2024-12-03,200.07,31.9,Credit Card,545.05,537.16,7.89,1.45
2860,9,24,4993,123,1,2025-02-19,109.89,11.8,Credit Card,96.88,60.7,36.18,37.35
2861,9,51,2494,245,3,2024-10-30,68.24,9.0,Online,186.29,227.94,-41.65,-22.36
2862,4,70,2266,1059,2,2025-02-09,135.32,10.8,Debit Card,241.51,189.34,52.17,21.6
2863,4,34,1061,105,2,2024-10-06,174.31,7.3,Debit Card,323.06,179.26,143.8,44.51
2864,10,38,1798,185,2,2024-11-08,118.45,33.8,Debit Card,156.75,109.22,47.53,30.32
2865,11,12,1560,892,3,2025-02-23,18.78,33.9,Cash,37.23,27.36,9.87,26.51
2866,3,88,3008,494,3,2025-08-03,136.74,11.7,Credit Card,362.19,266.79,95.4,26.34
2867,3,14,2596,15,2,2025-01-11,34.51,5.6,Credit Card,65.17,44.0,21.17,32.48
2868,5,47,1516,126,4,2025-01-14,156.02,8.9,Online,568.36,441.0,127.36,22.41
2869,5,47,83,64,1,2024-11-26,282.84,6.9,Online,263.28,142.56,120.72,45.85
2870,4,56,2898,21,1,2025-04-05,298.08,7.9,Online,274.63,167.66,106.97,38.95
2871,5,105,4326,1342,1,2025-08-13,171.58,3.6,Debit Card,165.37,91.3,74.07,44.79
2872,3,46,3083,363,1,2025-02-22,237.27,9.8,Credit Card,214.06,303.32,-89.26,-41.7
2873,6,78,4688,271,2,2025-05-13,29.07,10.7,Online,51.91,32.68,19.23,37.04
2874,8,116,3465,1081,2,2024-11-07,42.05,3.6,Debit Card,81.04,47.24,33.8,41.71
2875,6,74,3031,296,2,2025-04-22,40.39,7.9,Credit Card,74.37,34.48,39.89,53.64
2876,7,95,1098,289,1,2025-04-27,229.95,9.9,Online,207.27,120.2,87.07,42.01
2877,8,85,2778,101,2,2024-12-28,252.18,11.8,Debit Card,444.61,358.84,85.77,19.29
2878,7,84,621,362,5,2025-10-04,258.74,5.9,Cash,1216.92,779.5,437.42,35.94
2879,10,16,2542,505,1,2024-11-06,156.7,22.2,Credit Card,121.89,174.53,-52.64,-43.19
2880,5,105,167,1145,4,2025-02-22,53.52,10.9,Credit Card,190.77,110.28,80.49,42.19
2881,6,107,3924,213,5,2024-12-30,79.29,9.3,Online,359.5,229.65,129.85,36.12
2882,6,107,2129,102,5,2024-10-31,88.15,11.6,Credit Card,389.62,514.75,-125.13,-32.12
2883,9,51,2158,285,2,2025-06-27,117.03,7.3,Debit Card,216.88,293.62,-76.74,-35.38
2884,5,105,431,1418,1,2025-03-30,214.07,8.6,Online,195.69,87.12,108.57,55.48
2885,4,56,2076,38,2,2025-07-19,159.48,3.7,Debit Card,307.17,141.44,165.73,53.95
2886,2,8,4993,2,2,2025-09-07,109.89,11.7,Credit Card,194.02,121.4,72.62,37.43
2887,4,42,4057,18,4,2025-06-05,65.21,6.3,Credit Card,244.45,142.24,102.21,41.81
2888,2,43,3425,995,2,2025-10-12,69.47,8.1,Debit Card,127.71,63.8,63.91,50.04
2889,7,7,2610,1,2,2024-10-05,54.29,8.2,Online,99.64,67.04,32.6,32.72
2890,10,117,4830,111,2,2025-07-23,275.48,23.3,Debit Card,422.55,243.06,179.49,42.48
2891,6,72,2381,1445,2,2025-04-16,217.81,10.1,Cash,391.55,173.16,218.39,55.78
2892,6,72,4007,738,5,2024-12-27,100.68,8.2,Cash,461.96,304.85,157.11,34.01
2893,1,86,3200,110,5,2025-11-10,83.88,26.3,Cash,309.0,244.8,64.2,20.78
2894,3,46,690,111,5,2025-06-27,85.77,6.1,Cash,402.68,191.95,210.73,52.33
2895,2,89,693,230,2,2025-03-02,286.28,11.6,Online,506.21,376.82,129.39,25.56
2896,4,34,902,38,2,2025-04-30,47.39,10.6,Credit Card,84.78,54.92,29.86,35.22
2897,9,27,1674,460,4,2025-04-11,7.65,11.7,Cash,27.02,19.28,7.74,28.65
2898,11,81,4880,249,4,2025-12-07,230.99,29.6,Debit Card,650.37,488.08,162.29,24.95
2899,12,100,4118,210,1,2024-11-04,155.32,7.0,Cash,144.48,84.31,60.17,41.65
2900,8,94,1114,246,2,2025-03-29,210.55,3.6,Cash,405.73,247.66,158.07,38.96
2901,1,59,2309,136,5,2025-05-08,82.6,29.5,Credit Card,290.96,279.8,11.16,3.84
2902,12,93,1445,107,1,2025-03-06,262.56,5.1,Cash,249.13,137.54,111.59,44.79
2903,7,104,4694,35,1,2025-04-04,203.6,6.7,Credit Card,189.87,90.48,99.39,52.35
2904,10,87,435,377,4,2025-06-07,50.73,32.4,Debit Card,137.19,141.96,-4.77,-3.48
2905,1,50,349,248,3,2025-09-25,263.46,28.4,Cash,565.67,883.59,-317.92,-56.2
2906,9,120,1796,634,1,2025-08-24,247.45,5.4,Debit Card,234.07,150.91,83.16,35.53
2907,9,24,1307,1184,4,2024-10-31,85.63,7.7,Credit Card,316.06,217.72,98.34,31.11
2908,3,21,1847,1480,1,2025-07-04,257.45,3.8,Online,247.73,149.78,97.95,39.54
2909,2,23,4871,114,1,2025-10-25,195.12,8.6,Credit Card,178.29,136.26,42.03,23.57
2910,8,109,3261,84,2,2024-10-09,241.27,9.2,Credit Card,438.04,243.62,194.42,44.38
2911,6,49,4155,1237,1,2025-07-13,216.69,6.5,Credit Card,202.7,103.83,98.87,48.78
2912,3,46,77,201,4,2025-09-29,111.27,11.2,Credit Card,395.31,262.88,132.43,33.5
2913,5,113,1319,911,4,2024-10-18,140.37,3.8,Credit Card,540.35,339.64,200.71,37.14
2914,10,67,2082,68,3,2024-10-30,200.67,25.0,Credit Card,451.76,402.78,48.98,10.84
2915,9,2,635,148,1,2024-12-23,261.12,9.6,Debit Card,236.0,135.72,100.28,42.49
2916,12,102,85,6,1,2025-08-12,101.72,10.1,Cash,91.48,46.99,44.49,48.63
2917,8,80,2980,1470,4,2025-04-01,164.82,7.1,Debit Card,612.72,257.96,354.76,57.9
2918,10,39,2025,3,1,2025-01-31,195.16,23.8,Cash,148.76,122.64,26.12,17.56
2919,2,23,2242,86,1,2024-10-10,58.89,11.7,Cash,52.02,35.73,16.29,31.31
2920,4,42,3009,279,1,2025-06-05,41.06,11.3,Online,36.4,25.71,10.69,29.37
2921,10,101,4449,1052,4,2025-11-01,21.26,27.9,Cash,61.28,31.72,29.56,48.24
2922,11,12,1933,883,2,2024-11-10,25.3,33.8,Online,33.52,20.96,12.56,37.47
2923,9,2,294,127,5,2025-06-15,30.32,10.0,Online,136.39,55.65,80.74,59.2
2924,8,94,4011,1141,3,2025-01-27,282.24,11.4,Debit Card,750.44,465.57,284.87,37.96
2925,3,115,3527,35,1,2025-06-18,194.69,7.0,Credit Card,181.08,71.36,109.72,60.59
2926,2,89,770,166,1,2025-11-21,271.96,4.5,Credit Card,259.82,127.14,132.68,51.07
2927,4,1,2945,132,1,2025-06-05,281.88,8.0,Credit Card,259.23,158.08,101.15,39.02
2928,2,11,19,468,1,2025-07-20,188.93,7.3,Credit Card,175.15,134.32,40.83,23.31
2929,10,90,3805,20,2,2025-08-13,63.43,29.2,Credit Card,89.87,52.98,36.89,41.05
2930,7,95,2827,1064,5,2025-08-10,138.68,9.7,Credit Card,626.47,376.85,249.62,39.85
2931,10,87,2372,1385,1,2025-06-25,297.14,23.1,Cash,228.65,153.66,74.99,32.8
2932,6,77,947,119,3,2024-11-10,188.59,3.9,Credit Card,543.58,336.39,207.19,38.12
2933,1,118,2786,1206,5,2024-10-28,109.04,22.6,Cash,422.2,597.9,-175.7,-41.62
2934,2,32,689,1219,5,2025-07-19,133.87,9.1,Credit Card,608.49,246.6,361.89,59.47
2935,10,90,3479,380,5,2025-01-02,35.53,30.4,Cash,123.68,105.65,18.03,14.58
2936,8,94,3714,254,5,2024-11-11,123.41,9.0,Cash,561.48,266.0,295.48,52.63
2937,10,67,3297,825,1,2025-03-31,223.68,30.4,Credit Card,155.61,89.96,65.65,42.19
2938,12,100,1206,260,2,2024-11-07,205.44,7.0,Debit Card,382.14,285.46,96.68,25.3
2939,8,116,2125,733,3,2025-09-06,227.4,7.5,Credit Card,630.88,441.84,189.04,29.96
2940,6,96,3526,47,1,2025-01-11,237.39,8.7,Credit Card,216.71,106.16,110.55,51.01
2941,10,101,1294,143,5,2025-10-14,144.13,29.2,Cash,510.34,504.2,6.14,1.2
2942,10,87,639,198,1,2025-08-23,90.79,30.5,Credit Card,63.11,42.48,20.63,32.69
2943,7,19,1100,103,1,2024-12-08,111.58,5.3,Online,105.69,78.4,27.29,25.82
2944,2,13,3036,116,5,2025-04-04,120.94,9.1,Cash,549.47,359.05,190.42,34.66
2945,1,98,4009,786,3,2024-12-18,204.52,25.1,Online,459.35,254.88,204.47,44.51
2946,12,108,2182,87,2,2025-10-28,126.45,7.1,Debit Card,234.88,168.24,66.64,28.37
2947,11,44,3814,57,1,2024-11-17,264.67,27.6,Debit Card,191.73,106.6,85.13,44.4
2948,6,77,2809,141,1,2025-06-04,250.05,7.2,Credit Card,232.02,107.27,124.75,53.77
2949,10,117,2284,81,2,2025-02-23,292.26,28.6,Debit Card,417.32,311.88,105.44,25.27
2950,11,12,3972,102,5,2025-01-23,103.03,23.1,Debit Card,396.04,312.0,84.04,21.22
2951,3,21,1864,849,5,2024-10-12,103.34,5.7,Debit Card,487.3,350.3,137.0,28.11
2952,1,79,1119,221,2,2025-06-13,277.9,33.2,Debit Card,371.47,347.2,24.27,6.53
2953,1,118,3296,218,1,2025-07-10,246.29,30.3,Credit Card,171.7,88.03,83.67,48.73
2954,3,14,2588,263,1,2025-04-24,72.76,3.7,Cash,70.1,38.06,32.04,45.71
2955,10,87,1159,45,5,2025-01-29,123.62,32.4,Credit Card,417.57,264.5,153.07,36.66
2956,7,104,2697,1462,3,2025-08-29,268.25,11.0,Cash,716.39,402.78,313.61,43.78
2957,2,23,821,1042,3,2025-10-17,248.14,11.6,Credit Card,658.35,411.75,246.6,37.46
2958,4,42,4115,147,4,2025-03-13,127.6,10.3,Credit Card,457.77,219.48,238.29,52.05
2959,4,70,1680,29,1,2025-01-25,211.24,11.0,Credit Card,187.94,141.52,46.42,24.7
2960,12,60,774,352,1,2025-12-07,158.15,6.2,Online,148.33,68.94,79.39,53.52
2961,6,96,2150,297,1,2025-10-07,144.49,10.5,Debit Card,129.35,63.75,65.6,50.72
2962,7,95,882,155,1,2024-10-09,44.71,8.5,Cash,40.91,24.44,16.47,40.26
2963,2,35,1334,171,1,2025-11-22,214.5,6.8,Debit Card,199.85,109.83,90.02,45.04
2964,1,29,3170,263,2,2024-12-15,53.5,23.5,Debit Card,81.85,71.82,10.03,12.25
2965,6,72,1058,1138,2,2025-12-08,57.62,5.0,Debit Card,109.49,55.58,53.91,49.24
2966,3,115,265,55,4,2025-09-10,82.15,11.5,Credit Card,290.71,188.4,102.31,35.19
2967,11,97,1912,255,1,2024-11-19,72.02,27.5,Online,52.19,44.85,7.34,14.06
2968,6,77,2465,219,2,2024-10-22,111.69,10.6,Debit Card,199.61,82.94,116.67,58.45
2969,2,73,3475,234,4,2025-06-18,223.04,5.2,Cash,845.67,391.84,453.83,53.67
2970,10,117,1319,1230,1,2024-10-15,140.37,32.0,Debit Card,95.44,84.91,10.53,11.03
2971,7,7,2048,273,1,2025-09-28,157.2,7.9,Credit Card,144.77,67.37,77.4,53.46
2972,12,60,1303,585,3,2025-11-06,141.84,5.5,Credit Card,402.3,264.06,138.24,34.36
2973,10,16,649,1239,2,2025-10-10,43.69,30.6,Cash,60.66,54.2,6.46,10.65
2974,8,85,2010,152,4,2024-12-16,269.8,3.7,Debit Card,1039.64,699.8,339.84,32.69
2975,5,40,1785,180,5,2025-06-28,182.24,6.2,Credit Card,854.35,545.85,308.5,36.11
2976,9,24,2830,114,5,2025-05-05,266.57,7.8,Debit Card,1229.34,945.45,283.89,23.09
2977,6,99,785,456,1,2025-05-14,199.49,7.7,Online,184.05,71.19,112.86,61.32
2978,12,18,2500,127,5,2025-11-09,14.47,8.5,Credit Card,66.18,33.25,32.93,49.76
2979,3,88,4207,118,2,2025-09-08,259.71,3.4,Cash,501.82,287.68,214.14,42.67
2980,2,83,2382,1461,1,2025-04-27,133.7,9.9,Credit Card,120.47,65.68,54.79,45.48
2981,7,5,3096,593,1,2025-06-17,215.26,3.8,Online,207.0,150.76,56.24,27.17
2982,1,79,2573,944,1,2025-09-26,188.44,28.9,Credit Card,133.91,110.2,23.71,17.71
2983,1,3,2705,1407,1,2025-07-31,210.31,22.2,Credit Card,163.73,114.47,49.26,30.09
2984,8,57,2513,1414,1,2025-10-20,218.9,11.8,Cash,193.02,143.72,49.3,25.54
2985,6,78,942,167,2,2024-10-07,90.64,4.6,Credit Card,172.88,126.88,46.0,26.61
2986,3,14,3216,260,2,2025-03-30,118.25,10.0,Online,212.89,110.0,102.89,48.33
2987,9,65,2631,1271,4,2025-01-03,83.18,8.2,Credit Card,305.28,122.84,182.44,59.76
2988,12,108,76,13,1,2025-07-18,154.35,10.5,Cash,138.11,60.18,77.93,56.43
2989,1,79,23,1249,2,2024-10-21,6.0,28.6,Debit Card,8.57,5.12,3.45,40.26
2990,5,119,1512,1075,3,2025-04-06,119.69,6.3,Online,336.49,174.54,161.95,48.13
2991,1,4,4843,234,1,2024-12-15,240.94,26.0,Debit Card,178.25,141.9,36.35,20.39
2992,7,62,1274,259,1,2025-06-18,102.58,5.6,Credit Card,96.85,59.25,37.6,38.82
2993,1,118,2982,24,1,2025-10-22,164.75,22.5,Credit Card,127.69,114.65,13.04,10.21
2994,4,1,4126,278,1,2025-04-05,90.92,10.0,Debit Card,81.87,36.96,44.91,54.86
2995,2,8,4630,62,3,2024-12-15,139.11,6.3,Debit Card,390.85,204.03,186.82,47.8
2996,10,101,513,132,1,2025-01-29,132.35,25.3,Debit Card,98.81,88.67,10.14,10.26
2997,9,37,1148,913,1,2024-10-10,41.76,9.0,Online,37.99,53.49,-15.5,-40.8
2998,3,88,3688,253,1,2024-11-15,167.58,9.5,Debit Card,151.7,63.18,88.52,58.35
2999,6,107,2600,756,3,2025-03-27,115.9,5.5,Debit Card,328.71,216.66,112.05,34.09
3000,7,62,3557,1296,1,2025-04-08,48.26,3.8,Credit Card,46.43,23.96,22.47,48.4
3001,2,28,3172,86,3,2025-04-05,191.61,4.2,Online,550.7,272.67,278.03,50.49
3002,1,54,689,130,1,2025-05-10,133.87,31.4,Credit Card,91.87,49.32,42.55,46.32
3003,2,45,4720,294,1,2025-11-05,189.24,6.4,Credit Card,177.12,106.37,70.75,39.94
3004,8,85,4478,1349,2,2024-11-13,9.82,10.2,Online,17.64,9.46,8.18,46.37
3005,9,106,2784,838,4,2025-09-28,252.18,6.6,Credit Card,942.21,455.88,486.33,51.62
3006,8,80,2325,418,5,2025-02-24,246.05,9.9,Online,1108.65,745.95,362.7,32.72
3007,1,3,4054,538,1,2025-02-23,294.86,33.8,Debit Card,195.27,123.04,72.23,36.99
3008,2,32,1692,217,2,2025-07-09,82.27,6.0,Online,154.74,77.84,76.9,49.7
3009,4,70,858,202,3,2025-06-10,204.14,12.0,Cash,539.17,379.08,160.09,29.69
3010,8,9,524,1461,1,2024-10-28,266.62,4.6,Cash,254.4,93.63,160.77,63.2
3011,9,27,3565,1070,2,2025-08-01,62.8,8.1,Online,115.47,90.2,25.27,21.88
3012,7,7,4945,783,3,2024-11-01,216.55,9.0,Debit Card,591.25,422.46,168.79,28.55
3013,8,30,2059,660,3,2025-06-04,226.67,4.4,Debit Card,650.19,717.33,-67.14,-10.33
3014,9,37,1119,284,3,2025-01-11,277.9,3.3,Online,806.17,520.8,285.37,35.4
3015,4,1,1833,165,1,2024-10-20,101.58,4.1,Debit Card,97.44,59.08,38.36,39.37
3016,12,93,112,217,2,2024-12-24,218.42,4.3,Credit Card,418.02,292.1,125.92,30.12
3017,4,34,3680,30,4,2025-07-29,192.78,8.7,Debit Card,703.74,553.72,150.02,21.32
3018,11,97,3338,45,4,2024-11-27,259.54,26.9,Credit Card,758.5,535.08,223.42,29.46
3019,3,88,935,193,1,2025-06-29,158.63,7.5,Online,146.8,108.69,38.11,25.96
3020,7,104,2044,58,1,2024-12-15,62.02,10.1,Credit Card,55.73,30.99,24.74,44.39
3021,12,102,2662,200,1,2025-02-06,293.19,3.9,Cash,281.62,174.19,107.43,38.15
3022,11,63,1203,107,4,2025-03-23,184.19,23.2,Credit Card,566.16,273.36,292.8,51.72
3023,4,34,4653,176,2,2025-11-20,105.45,4.4,Debit Card,201.59,87.1,114.49,56.79
3024,1,4,3959,190,3,2025-06-27,282.52,33.0,Credit Card,567.92,402.69,165.23,29.09
3025,8,112,2630,883,2,2025-02-19,296.21,11.6,Online,523.52,242.06,281.46,53.76
3026,1,29,3811,557,1,2024-12-22,281.85,22.8,Online,217.54,120.74,96.8,44.5
3027,12,36,459,945,1,2025-07-08,18.18,5.8,Debit Card,17.13,12.02,5.11,29.83
3028,12,108,3858,183,4,2024-11-11,23.91,6.9,Cash,89.01,53.6,35.41,39.78
3029,3,46,2785,978,2,2025-10-04,255.81,3.9,Credit Card,491.44,624.3,-132.86,-27.03
3030,9,52,41,1349,2,2025-05-25,175.14,9.8,Debit Card,315.79,188.96,126.83,40.16
3031,11,63,3277,139,1,2025-10-10,77.61,25.8,Online,57.55,39.93,17.62,30.62
3032,10,75,197,657,2,2024-10-13,29.22,24.0,Cash,44.43,31.38,13.05,29.37
3033,12,93,2741,29,1,2025-08-05,53.61,6.2,Cash,50.27,33.18,17.09,34.0
3034,1,54,1472,261,2,2025-04-06,259.65,25.0,Debit Card,389.34,352.6,36.74,9.44
3035,1,98,3630,79,1,2025-04-30,224.52,29.8,Credit Card,157.53,266.43,-108.9,-69.13
3036,3,14,4932,999,5,2024-12-07,215.47,9.2,Online,978.37,729.35,249.02,25.45
3037,12,108,559,208,2,2024-11-10,217.05,4.7,Online,413.49,225.8,187.69,45.39
3038,7,62,4888,313,1,2025-06-19,279.41,9.6,Debit Card,252.71,104.94,147.77,58.47
3039,12,100,2133,292,2,2025-02-01,25.57,8.9,Credit Card,46.6,20.86,25.74,55.24
3040,12,36,1594,53,4,2025-10-03,128.6,11.6,Cash,454.82,358.52,96.3,21.17
3041,6,49,3817,51,4,2025-07-09,44.85,8.0,Online,165.04,63.28,101.76,61.66
3042,12,60,4891,286,2,2025-06-11,270.82,7.1,Credit Card,503.15,320.2,182.95,36.36
3043,5,22,3376,158,2,2025-05-07,32.03,7.7,Credit Card,59.16,37.96,21.2,35.84
3044,11,81,4393,56,2,2024-10-22,264.52,22.5,Debit Card,409.88,269.82,140.06,34.17
3045,4,56,330,156,2,2025-03-06,65.63,11.7,Credit Card,115.93,68.06,47.87,41.29
3046,5,76,1195,96,3,2025-01-21,237.71,3.5,Debit Card,687.95,281.22,406.73,59.12
3047,5,119,2609,20,1,2025-05-19,150.79,8.3,Cash,138.32,84.31,54.01,39.05
3048,11,63,1201,190,5,2025-07-23,34.33,26.6,Debit Card,126.03,113.1,12.93,10.26
3049,12,18,390,543,3,2025-08-18,259.74,11.7,Credit Card,687.93,387.87,300.06,43.62
3050,7,7,3888,57,5,2025-07-19,81.36,10.1,Debit Card,365.87,157.1,208.77,57.06
3051,10,55,2009,293,5,2025-01-25,281.07,22.1,Debit Card,1095.38,843.25,252.13,23.02
3052,6,72,583,76,5,2025-05-03,178.69,3.7,Debit Card,860.54,423.35,437.19,50.8
3053,9,2,2226,35,5,2025-07-02,72.47,10.7,Debit Card,323.57,229.0,94.57,29.23
3054,3,21,3678,47,5,2025-11-04,245.62,9.8,Debit Card,1107.78,633.65,474.13,42.8
3055,7,5,342,105,2,2024-12-27,180.06,7.5,Debit Card,333.09,168.32,164.77,49.47
3056,6,72,2199,233,3,2025-07-17,297.15,5.9,Cash,839.14,516.96,322.18,38.39
3057,3,21,3276,223,5,2025-04-09,198.23,6.2,Debit Card,929.88,621.05,308.83,33.21
3058,11,12,2626,239,1,2025-07-08,103.93,27.0,Credit Card,75.89,63.86,12.03,15.85
3059,7,41,1353,188,2,2025-04-21,279.53,3.9,Credit Card,537.4,213.76,323.64,60.22
3060,12,108,2282,1141,1,2024-12-08,8.35,5.2,Debit Card,7.92,5.96,1.96,24.75
3061,7,95,3418,1154,2,2025-02-19,205.41,9.0,Online,374.02,174.78,199.24,53.27
3062,10,33,3579,474,1,2024-10-21,150.11,27.6,Debit Card,108.74,106.56,2.18,2.0
3063,1,68,2774,163,2,2025-07-27,205.82,32.0,Credit Card,279.97,249.94,30.03,10.73
3064,6,78,3259,93,1,2025-03-29,85.2,9.6,Credit Card,77.0,60.38,16.62,21.58
3065,11,63,861,594,1,2025-01-10,258.81,28.1,Credit Card,186.13,161.86,24.27,13.04
3066,7,5,1170,1490,1,2025-04-26,43.69,10.1,Debit Card,39.28,24.49,14.79,37.65
3067,2,83,2119,958,1,2025-02-02,55.58,4.4,Debit Card,53.11,25.99,27.12,51.06
3068,10,101,2416,164,2,2025-08-27,79.57,23.9,Online,121.11,106.26,14.85,12.26
3069,3,115,3888,96,2,2024-11-17,81.36,4.8,Cash,154.87,62.84,92.03,59.42
3070,9,25,853,953,1,2025-10-07,140.55,9.2,Online,127.63,59.4,68.23,53.46
3071,8,80,2268,202,4,2025-06-11,32.55,9.3,Credit Card,118.15,138.36,-20.21,-17.11
3072,11,64,2935,293,5,2025-08-30,17.77,29.2,Debit Card,62.89,50.0,12.89,20.5
3073,1,48,2470,22,3,2025-04-08,6.34,25.0,Debit Card,14.26,6.78,7.48,52.45
3074,3,14,4853,920,5,2024-12-19,130.89,10.9,Cash,582.88,452.7,130.18,22.33
3075,3,53,643,102,2,2025-10-21,224.52,9.0,Debit Card,408.59,187.2,221.39,54.18
3076,11,97,4605,791,2,2025-10-19,8.96,28.1,Cash,12.88,6.72,6.16,47.83
3077,12,18,1142,481,2,2025-07-25,103.2,10.1,Credit Card,185.62,119.7,65.92,35.51
3078,3,115,156,207,5,2025-04-12,69.44,4.9,Online,330.08,233.75,96.33,29.18
3079,2,73,1441,267,2,2025-03-05,50.53,6.1,Online,94.9,51.48,43.42,45.75
3080,5,22,3954,269,2,2025-02-10,87.13,10.0,Debit Card,156.81,103.12,53.69,34.24
3081,3,88,505,113,1,2025-10-27,44.53,11.7,Cash,39.31,29.78,9.53,24.24
3082,12,108,3835,65,2,2024-12-12,132.49,11.2,Cash,235.31,106.02,129.29,54.94
3083,3,115,1893,931,2,2025-04-27,230.97,5.8,Debit Card,435.33,331.84,103.49,23.77
3084,11,63,1669,571,3,2025-01-20,137.11,25.2,Credit Card,307.57,174.15,133.42,43.38
3085,1,50,2276,365,1,2024-11-11,113.05,25.0,Credit Card,84.83,55.45,29.38,34.63
3086,6,107,3304,140,1,2025-03-03,106.71,7.0,Cash,99.28,42.33,56.95,57.36
3087,10,87,300,202,2,2025-10-11,147.94,31.5,Credit Card,202.69,124.66,78.03,38.5
3088,9,111,3499,74,1,2025-01-06,297.78,9.3,Cash,270.03,125.63,144.4,53.48
3089,6,99,2385,764,3,2025-08-26,221.46,7.2,Debit Card,616.26,233.46,382.8,62.12
3090,6,78,2180,8,1,2025-01-12,78.78,3.6,Cash,75.97,97.64,-21.67,-28.52
3091,4,70,4770,2,4,2024-11-27,71.43,3.4,Cash,275.99,140.68,135.31,49.03
3092,1,68,3262,261,3,2025-02-16,275.31,28.1,Debit Card,593.93,548.88,45.05,7.59
3093,2,103,4441,173,1,2025-01-05,231.81,7.0,Cash,215.62,154.93,60.69,28.15
3094,2,89,645,72,1,2025-02-27,128.11,10.2,Debit Card,114.99,57.86,57.13,49.68
3095,10,38,3700,670,1,2024-11-23,110.95,31.3,Cash,76.2,51.6,24.6,32.28
3096,1,86,337,1297,2,2025-01-01,132.77,27.2,Cash,193.34,145.14,48.2,24.93
3097,2,32,3130,141,4,2025-11-29,178.12,8.6,Credit Card,651.13,501.04,150.09,23.05
3098,5,92,2960,308,1,2025-05-01,232.36,4.6,Credit Card,221.66,92.42,129.24,58.31
3099,4,34,1104,735,3,2025-11-28,213.31,4.6,Credit Card,610.36,319.47,290.89,47.66
3100,8,109,3303,348,2,2025-02-17,231.3,9.6,Online,418.37,236.1,182.27,43.57
3101,3,53,1783,192,1,2025-06-29,33.94,5.1,Debit Card,32.23,21.41,10.82,33.57
3102,4,1,594,278,1,2024-11-12,295.43,5.2,Cash,280.04,208.65,71.39,25.49
3103,8,80,2051,674,4,2024-10-26,103.01,5.2,Cash,390.42,173.12,217.3,55.66
3104,1,68,786,1330,2,2025-10-10,163.5,25.6,Debit Card,243.21,199.04,44.17,18.16
3105,12,36,1646,818,1,2025-01-05,164.12,9.0,Credit Card,149.42,106.86,42.56,28.48
3106,7,95,647,158,3,2024-10-06,273.74,11.6,Debit Card,725.89,540.39,185.5,25.55
3107,6,99,203,516,2,2025-10-01,253.47,7.2,Credit Card,470.32,308.76,161.56,34.35
3108,5,47,3375,1249,1,2025-05-14,226.09,4.9,Cash,214.93,137.75,77.18,35.91
3109,1,4,655,260,1,2024-10-19,60.05,28.4,Online,43.0,22.57,20.43,47.51
3110,2,73,1102,48,2,2025-07-06,245.99,7.7,Credit Card,454.08,203.58,250.5,55.17
3111,5,119,4631,424,4,2025-10-17,8.1,4.8,Cash,30.86,21.92,8.94,28.97
3112,9,24,4772,315,5,2024-10-25,251.16,9.9,Debit Card,1131.3,618.65,512.65,45.32
3113,7,104,280,68,1,2025-09-14,243.21,3.9,Credit Card,233.8,137.05,96.75,41.38
3114,7,62,1179,120,2,2025-10-08,246.97,3.2,Cash,477.97,237.14,240.83,50.39
3115,1,17,1687,516,3,2024-10-16,172.37,31.9,Debit Card,351.89,286.53,65.36,18.57
3116,8,112,4221,1421,4,2025-06-15,175.03,3.3,Debit Card,676.96,335.68,341.28,50.41
3117,4,42,2738,87,3,2025-01-01,41.92,4.0,Credit Card,120.68,81.78,38.9,32.23
3118,12,36,378,343,4,2024-11-27,245.16,3.7,Credit Card,944.19,523.6,420.59,44.55
3119,2,13,818,237,1,2025-05-13,203.31,9.2,Online,184.56,215.22,-30.66,-16.61
3120,7,41,4090,170,5,2025-02-23,13.26,9.5,Credit Card,59.98,27.05,32.93,54.9
3121,6,49,3711,1243,5,2025-12-02,211.63,5.9,Online,995.27,436.6,558.67,56.13
3122,9,120,3471,1312,5,2025-03-31,27.97,4.8,Credit Card,133.16,78.95,54.21,40.71
3123,12,18,2104,82,1,2024-10-09,41.34,9.9,Credit Card,37.24,25.99,11.25,30.21
3124,9,111,4050,619,1,2024-10-02,34.42,4.4,Debit Card,32.9,17.77,15.13,45.99
3125,4,34,4920,823,5,2025-08-07,288.87,6.5,Credit Card,1350.29,711.8,638.49,47.29
3126,5,119,3012,1270,1,2025-02-10,223.92,8.1,Credit Card,205.71,98.43,107.28,52.15
3127,12,100,2091,37,3,2025-01-22,140.78,8.0,Debit Card,388.7,215.22,173.48,44.63
3128,5,20,3670,1296,2,2025-06-10,60.46,6.9,Credit Card,112.63,153.62,-40.99,-36.39
3129,8,30,660,124,5,2025-07-03,129.42,8.0,Credit Card,595.46,244.1,351.36,59.01
3130,1,54,1804,1075,3,2025-02-09,271.91,23.3,Credit Card,625.81,388.98,236.83,37.84
3131,6,66,3452,985,5,2025-02-10,110.17,5.2,Credit Card,522.2,263.5,258.7,49.54
3132,5,47,877,881,2,2024-10-17,213.35,6.5,Credit Card,398.88,189.9,208.98,52.39
3133,2,43,1251,147,3,2024-10-05,109.1,9.2,Debit Card,297.24,144.93,152.31,51.24
3134,4,31,730,780,1,2024-11-19,295.01,4.1,Credit Card,282.8,185.35,97.45,34.46
3135,7,84,1294,131,1,2025-04-18,144.13,6.1,Credit Card,135.34,100.84,34.5,25.49
3136,2,103,3284,155,1,2025-05-12,257.32,3.3,Credit Card,248.87,126.19,122.68,49.29
3137,6,72,1612,952,2,2025-07-08,195.18,4.9,Debit Card,371.27,219.38,151.89,40.91
3138,5,92,353,293,2,2024-10-25,74.09,6.7,Online,138.28,76.42,61.86,44.74
3139,12,108,637,151,5,2025-02-05,242.17,5.4,Credit Card,1145.37,599.6,545.77,47.65
3140,12,93,4504,599,4,2025-11-30,109.51,10.1,Online,393.92,178.28,215.64,54.74
3141,1,4,4293,1073,2,2025-11-19,180.83,33.7,Debit Card,239.93,246.06,-6.13,-2.55
3142,1,59,591,279,1,2024-12-31,36.26,28.2,Online,26.05,17.05,9.0,34.55
3143,8,30,949,110,1,2025-06-13,251.93,11.5,Credit Card,222.97,157.54,65.43,29.34
3144,9,25,2807,290,1,2025-07-30,135.26,8.7,Debit Card,123.47,68.07,55.4,44.87
3145,7,104,2874,293,5,2025-08-03,142.96,9.4,Online,647.71,271.4,376.31,58.1
3146,9,27,1871,393,1,2024-11-24,243.77,10.8,Online,217.43,96.04,121.39,55.83
3147,2,32,2630,843,1,2024-11-29,296.21,5.8,Cash,279.18,121.03,158.15,56.65
3148,10,117,3430,1443,1,2025-11-15,129.32,27.6,Debit Card,93.67,63.3,30.37,32.42
3149,10,101,3517,55,1,2024-11-08,74.38,33.6,Credit Card,49.36,96.11,-46.75,-94.71
3150,8,80,2699,96,2,2024-12-17,96.66,5.6,Online,182.53,113.46,69.07,37.84
3151,6,49,2524,945,4,2025-11-01,282.07,3.1,Debit Card,1093.39,619.12,474.27,43.38
3152,7,41,2691,265,1,2025-07-18,29.56,4.3,Debit Card,28.3,12.56,15.74,55.62
3153,7,95,878,737,3,2025-03-25,294.51,10.3,Online,792.53,366.51,426.02,53.75
3154,6,107,1693,208,1,2025-11-02,283.84,4.2,Debit Card,271.8,139.47,132.33,48.69
3155,4,56,4472,1017,1,2025-05-24,108.32,11.2,Credit Card,96.24,77.45,18.79,19.52
3156,3,46,4107,211,5,2025-07-19,60.86,5.4,Debit Card,287.73,122.4,165.33,57.46
3157,12,100,4965,1341,5,2024-11-22,30.71,7.2,Credit Card,142.54,74.25,68.29,47.91
3158,9,111,3836,196,1,2025-11-27,108.06,10.8,Debit Card,96.4,70.7,25.7,26.66
3159,5,76,3767,141,2,2025-02-05,232.98,6.1,Credit Card,437.43,322.76,114.67,26.21
3160,12,60,1643,52,4,2025-02-10,32.75,5.1,Credit Card,124.36,48.48,75.88,61.02
3161,1,118,4658,1046,1,2025-10-02,79.3,26.2,Credit Card,58.49,53.45,5.04,8.62
3162,1,4,2336,1349,2,2024-12-11,73.01,26.9,Debit Card,106.74,53.9,52.84,49.5
3163,8,112,4532,1183,1,2025-02-15,255.14,6.6,Debit Card,238.19,120.97,117.22,49.21
3164,5,40,3307,780,5,2024-10-02,273.05,11.0,Cash,1214.97,1469.5,-254.53,-20.95
3165,5,22,1854,217,4,2025-01-03,45.43,6.9,Online,169.14,116.44,52.7,31.16
3166,11,64,4702,154,4,2024-11-08,231.73,23.6,Credit Card,708.0,663.28,44.72,6.32
3167,2,13,3717,143,5,2025-10-15,144.56,3.9,Online,694.36,279.65,414.71,59.73
3168,8,116,3400,779,5,2025-03-02,203.61,7.0,Credit Card,947.11,619.9,327.21,34.55
3169,12,100,1406,173,2,2024-11-03,44.07,7.0,Cash,81.98,40.34,41.64,50.79
3170,6,49,1768,856,1,2025-04-25,182.81,11.8,Online,161.31,84.63,76.68,47.54
3171,1,86,2798,1447,1,2025-04-02,253.38,32.6,Online,170.68,146.01,24.67,14.45
3172,9,65,1511,95,2,2025-05-22,287.82,3.9,Cash,552.95,353.24,199.71,36.12
3173,12,108,1770,58,2,2025-09-02,194.34,11.2,Debit Card,345.26,237.34,107.92,31.26
3174,6,49,987,60,2,2024-10-22,276.82,11.5,Debit Card,489.71,314.24,175.47,35.83
3175,3,115,1824,30,1,2025-10-02,280.03,6.7,Credit Card,261.34,301.46,-40.12,-15.35
3176,6,96,903,573,1,2025-10-03,109.39,10.2,Credit Card,98.27,59.97,38.3,38.97
3177,4,34,1878,297,2,2024-11-02,217.15,3.6,Credit Card,418.55,208.26,210.29,50.24
3178,9,27,2892,283,2,2025-04-28,57.33,6.6,Cash,107.04,52.16,54.88,51.27
3179,8,116,1112,291,2,2025-11-18,170.64,7.6,Debit Card,315.35,231.7,83.65,26.53
3180,2,110,305,35,1,2024-12-02,286.77,10.8,Credit Card,255.68,108.89,146.79,57.41
3181,3,88,4011,146,5,2025-06-11,282.24,3.9,Debit Card,1356.04,775.95,580.09,42.78
3182,8,109,3527,133,3,2025-01-03,194.69,6.7,Credit Card,545.17,214.08,331.09,60.73
3183,2,114,1489,240,5,2025-10-06,116.5,7.6,Debit Card,538.14,273.7,264.44,49.14
3184,10,16,2324,1137,1,2024-10-12,18.95,33.8,Cash,12.55,9.5,3.05,24.3
3185,8,80,3547,1417,2,2025-10-29,16.02,3.9,Credit Card,30.78,15.92,14.86,48.28
3186,8,94,3373,337,2,2025-10-09,203.49,5.5,Debit Card,384.47,273.82,110.65,28.78
3187,5,22,458,124,1,2025-08-14,240.18,3.4,Cash,232.0,139.44,92.56,39.9
3188,5,92,966,191,3,2025-06-07,91.88,4.3,Cash,263.7,168.3,95.4,36.18
3189,8,94,4000,163,5,2025-02-05,63.68,7.5,Cash,294.66,193.2,101.46,34.43
3190,7,5,4232,103,4,2025-03-13,265.77,5.1,Online,1008.7,409.68,599.02,59.39
3191,12,93,3323,1436,2,2025-02-11,162.83,7.3,Credit Card,301.84,227.12,74.72,24.75
3192,8,94,1342,66,1,2025-03-08,13.2,10.1,Debit Card,11.87,4.71,7.16,60.32
3193,1,3,4204,284,3,2025-09-21,83.16,23.9,Debit Card,189.88,139.5,50.38,26.53
3194,11,63,2387,897,2,2025-11-21,278.01,33.4,Debit Card,370.36,625.72,-255.36,-68.95
3195,7,62,2838,1319,1,2025-08-26,221.6,9.9,Online,199.66,143.35,56.31,28.2
3196,7,104,1443,101,3,2025-04-09,252.07,7.8,Credit Card,696.9,366.6,330.3,47.4
3197,2,28,1286,97,1,2025-03-15,225.44,5.5,Credit Card,213.12,113.12,100.0,46.92
3198,9,37,4914,249,1,2024-10-26,66.81,10.2,Credit Card,60.01,29.58,30.43,50.71
3199,12,93,889,193,1,2024-10-16,88.92,6.4,Credit Card,83.22,48.83,34.39,41.32
3200,12,108,61,125,4,2025-11-12,294.97,8.3,Online,1081.85,560.08,521.77,48.23
3201,6,72,4658,48,1,2025-05-21,79.3,7.4,Online,73.4,53.45,19.95,27.18
3202,8,30,3749,183,2,2024-10-24,11.76,8.6,Credit Card,21.49,16.4,5.09,23.69
3203,6,74,1255,141,2,2024-12-12,22.42,10.7,Debit Card,40.06,26.26,13.8,34.45
3204,7,104,3645,87,4,2025-11-13,22.15,6.2,Credit Card,83.11,43.52,39.59,47.64
3205,3,14,2547,185,2,2025-07-06,51.02,11.2,Online,90.56,64.26,26.3,29.04
3206,2,43,3851,41,1,2025-08-19,183.18,4.0,Cash,175.89,81.32,94.57,53.77
3207,4,31,336,1252,4,2024-11-01,171.31,5.3,Online,648.59,837.44,-188.85,-29.12
3208,4,56,4092,300,5,2025-04-20,298.12,11.3,Credit Card,1322.52,921.55,400.97,30.32
3209,12,108,3139,240,1,2024-11-16,174.85,3.6,Credit Card,168.6,80.63,87.97,52.18
3210,12,60,2518,65,4,2025-03-12,153.34,7.2,Cash,569.43,431.32,138.11,24.25
3211,5,22,3130,833,1,2025-05-02,178.12,5.3,Credit Card,168.61,125.26,43.35,25.71
3212,7,62,4047,38,2,2025-11-02,167.46,10.1,Debit Card,301.11,221.42,79.69,26.47
3213,3,14,427,1456,2,2024-10-25,160.66,3.8,Debit Card,309.16,210.28,98.88,31.98
3214,6,49,2244,1029,5,2025-04-05,100.79,4.1,Online,483.08,282.95,200.13,41.43
3215,8,116,4445,236,4,2025-09-15,113.89,4.4,Online,435.43,266.48,168.95,38.8
3216,8,109,3101,516,2,2025-05-11,275.72,5.8,Cash,519.23,290.8,228.43,43.99
3217,9,27,142,45,2,2025-06-21,149.3,10.7,Online,266.6,164.04,102.56,38.47
3218,12,60,3457,245,5,2025-10-27,254.16,10.9,Credit Card,1132.56,692.65,439.91,38.84
3219,2,11,4882,959,2,2025-09-22,80.11,4.8,Credit Card,152.51,67.24,85.27,55.91
3220,4,31,1295,40,1,2025-06-12,230.7,7.7,Online,212.99,165.05,47.94,22.51
3221,1,54,4185,109,5,2025-05-17,43.27,22.1,Cash,168.54,94.4,74.14,43.99
3222,7,84,1293,832,2,2025-10-22,136.53,6.7,Credit Card,254.73,125.44,129.29,50.76
3223,6,74,2529,230,2,2025-09-18,134.52,11.5,Cash,237.98,155.56,82.42,34.63
3224,3,88,4632,495,1,2025-10-31,216.47,7.9,Cash,199.3,151.89,47.41,23.79
3225,5,119,2443,955,2,2025-11-20,297.98,6.9,Online,554.75,287.6,267.15,48.16
3226,3,14,3631,73,2,2025-01-04,128.43,8.6,Credit Card,234.71,126.14,108.57,46.26
3227,10,33,3660,235,1,2025-11-09,19.6,30.8,Online,13.55,13.58,-0.03,-0.22
3228,12,18,1936,282,5,2025-05-23,74.28,5.3,Cash,351.57,148.7,202.87,57.7
3229,7,41,4324,345,1,2025-02-02,163.37,11.3,Cash,144.92,178.65,-33.73,-23.27
3230,8,116,3678,1044,1,2025-06-11,245.62,5.9,Debit Card,231.22,126.73,104.49,45.19
3231,11,81,2812,239,1,2025-08-26,299.63,29.8,Online,210.39,215.62,-5.23,-2.49
3232,11,12,4323,159,1,2025-09-29,133.58,22.7,Debit Card,103.2,85.57,17.63,17.08
3233,8,94,1460,908,1,2024-11-10,22.99,11.1,Cash,20.43,15.05,5.38,26.33
3234,9,6,4383,1191,1,2025-11-30,121.14,8.6,Debit Card,110.67,47.64,63.03,56.95
3235,9,52,3619,180,1,2025-08-09,203.19,11.5,Online,179.91,72.77,107.14,59.55
3236,4,56,3506,680,2,2025-05-06,103.97,9.4,Credit Card,188.36,147.7,40.66,21.59
3237,11,44,1393,106,3,2025-04-23,242.53,22.5,Cash,563.99,424.14,139.85,24.8
3238,10,15,2014,46,4,2025-04-08,131.51,22.7,Credit Card,406.67,189.24,217.43,53.47
3239,11,44,4057,189,4,2025-08-25,65.21,32.1,Debit Card,177.17,142.24,34.93,19.72
3240,11,64,3665,204,5,2025-05-13,76.94,28.5,Debit Card,275.17,142.6,132.57,48.18
3241,5,40,65,58,1,2025-09-16,51.96,6.0,Online,48.83,29.3,19.53,40.0
3242,9,120,3958,52,1,2025-02-17,57.58,4.9,Debit Card,54.75,70.22,-15.47,-28.26
3243,5,76,3819,619,4,2024-11-25,280.92,4.5,Cash,1073.0,608.2,464.8,43.32
3244,3,53,3181,657,4,2025-04-04,263.21,7.7,Online,971.3,688.52,282.78,29.11
3245,9,6,4923,37,2,2025-02-28,167.19,11.3,Debit Card,296.54,229.94,66.6,22.46
3246,8,112,4351,254,1,2025-05-05,63.29,8.2,Credit Card,58.11,44.27,13.84,23.82
3247,12,108,2111,280,2,2025-03-10,27.97,10.9,Cash,49.85,26.5,23.35,46.84
3248,8,85,1071,250,3,2025-11-06,15.87,4.3,Credit Card,45.57,23.37,22.2,48.72
3249,6,74,123,1438,4,2024-11-10,299.65,9.5,Credit Card,1084.8,696.8,388.0,35.77
3250,2,43,379,229,4,2025-05-24,75.26,11.9,Debit Card,265.36,195.52,69.84,26.32
3251,6,77,4129,273,1,2025-02-05,147.7,7.9,Credit Card,136.02,82.35,53.67,39.46
3252,3,21,1030,156,5,2025-10-31,104.1,10.2,Debit Card,467.61,205.75,261.86,56.0
3253,2,32,533,127,2,2025-01-28,230.31,7.7,Credit Card,424.99,273.5,151.49,35.65
3254,6,66,1839,957,5,2025-08-14,138.79,10.8,Credit Card,618.97,379.45,239.52,38.7
3255,8,109,3486,1284,1,2024-11-27,5.27,8.3,Online,4.83,3.65,1.18,24.43
3256,7,62,4039,161,2,2024-10-04,250.14,4.8,Credit Card,476.4,236.24,240.16,50.41
3257,4,56,533,1044,2,2025-06-26,230.31,5.1,Online,437.16,273.5,163.66,37.44
3258,8,80,2022,211,3,2024-10-31,206.09,6.2,Credit Card,579.88,227.55,352.33,60.76
3259,8,94,2671,263,2,2025-07-05,247.76,11.7,Online,437.44,219.72,217.72,49.77
3260,7,5,3442,90,3,2025-10-01,226.0,8.6,Credit Card,619.46,253.74,365.72,59.04
3261,11,44,2657,293,3,2025-01-09,205.72,31.4,Debit Card,423.29,265.89,157.4,37.18
3262,2,26,3446,1358,5,2025-06-05,73.94,6.3,Cash,346.39,169.35,177.04,51.11
3263,4,56,2994,26,2,2025-11-27,250.45,10.9,Credit Card,446.24,327.2,119.04,26.68
3264,3,88,1100,131,1,2025-04-04,111.58,5.7,Credit Card,105.19,78.4,26.79,25.47
3265,7,104,4129,584,5,2025-07-13,147.7,7.2,Debit Card,684.97,411.75,273.22,39.89
3266,12,108,2008,135,5,2025-06-05,212.69,4.2,Online,1018.5,649.8,368.7,36.2
3267,3,14,4679,184,1,2025-07-17,76.54,6.4,Debit Card,71.63,37.89,33.74,47.1
3268,7,7,3375,146,2,2025-09-16,226.09,10.9,Cash,402.92,275.5,127.42,31.62
3269,11,97,182,1403,1,2025-02-11,193.45,31.8,Debit Card,131.97,100.7,31.27,23.69
3270,8,94,4387,244,1,2025-01-27,175.47,3.4,Credit Card,169.57,103.34,66.23,39.06
3271,4,56,3647,67,4,2025-09-11,126.33,6.9,Cash,470.46,336.32,134.14,28.51
3272,7,41,2308,62,4,2025-12-07,38.25,9.0,Debit Card,139.21,108.24,30.97,22.25
3273,9,106,4898,156,1,2025-07-28,247.7,3.3,Credit Card,239.46,173.1,66.36,27.71
3274,7,19,3879,201,1,2024-12-16,170.84,7.3,Debit Card,158.43,102.99,55.44,34.99
3275,2,35,726,145,2,2025-01-01,255.13,3.4,Credit Card,493.16,271.5,221.66,44.95
3276,9,6,3873,276,1,2024-11-19,282.74,9.0,Online,257.32,114.4,142.92,55.54
3277,5,20,2251,1116,1,2025-06-13,89.57,9.4,Cash,81.18,55.89,25.29,31.15
3278,10,55,3690,865,4,2025-03-03,38.07,30.2,Cash,106.24,77.52,28.72,27.03
3279,11,63,1907,290,2,2024-11-08,7.63,33.4,Credit Card,10.16,19.12,-8.96,-88.19
3280,6,72,4239,673,5,2025-05-02,112.01,10.1,Credit Card,503.5,285.05,218.45,43.39
3281,2,28,1116,488,1,2025-08-04,19.93,7.7,Debit Card,18.4,23.86,-5.46,-29.67
3282,10,117,1310,33,1,2024-10-04,19.16,22.4,Online,14.87,11.56,3.31,22.26
3283,7,41,4074,405,1,2025-03-12,169.29,9.2,Credit Card,153.73,95.27,58.46,38.03
3284,9,120,2417,1117,4,2024-10-05,15.38,11.8,Cash,54.26,36.36,17.9,32.99
3285,11,97,2348,991,2,2025-03-05,191.86,25.0,Credit Card,287.88,195.6,92.28,32.06
3286,2,89,1348,236,1,2025-10-15,210.11,8.3,Credit Card,192.65,101.59,91.06,47.27
3287,9,6,2520,163,1,2024-10-21,273.62,11.2,Cash,242.88,297.47,-54.59,-22.48
3288,5,105,4665,189,1,2024-12-12,167.64,6.3,Cash,157.0,107.04,49.96,31.82
3289,1,86,429,283,1,2025-02-15,165.22,27.5,Credit Card,119.86,95.94,23.92,19.96
3290,5,76,3064,205,2,2025-04-01,38.83,7.5,Online,71.87,34.96,36.91,51.36
3291,2,69,1252,175,2,2025-05-20,145.69,7.7,Online,269.08,166.0,103.08,38.31
3292,8,85,2759,60,5,2025-11-21,269.39,11.8,Online,1188.43,776.95,411.48,34.62
3293,3,88,3858,54,2,2024-11-09,23.91,5.2,Cash,45.35,26.8,18.55,40.9
3294,9,27,3691,15,2,2025-01-15,104.89,3.4,Online,202.66,118.54,84.12,41.51
3295,5,76,3245,1482,1,2025-02-10,34.71,3.1,Credit Card,33.64,24.32,9.32,27.71
3296,3,115,2735,182,5,2025-08-25,256.6,4.9,Online,1220.66,601.7,618.96,50.71
3297,10,67,634,37,4,2025-04-27,70.33,31.4,Credit Card,193.11,147.4,45.71,23.67
3298,1,79,617,284,1,2025-07-16,65.23,26.3,Credit Card,48.07,36.81,11.26,23.42
3299,4,34,3684,526,3,2024-12-20,257.66,5.2,Credit Card,732.68,501.96,230.72,31.49
3300,7,95,3518,543,4,2024-12-30,37.42,4.6,Cash,142.74,75.76,66.98,46.92
3301,3,53,4564,1409,1,2025-05-26,98.34,6.6,Credit Card,91.89,40.54,51.35,55.88
3302,9,51,3777,107,1,2025-04-24,68.11,9.4,Cash,61.74,25.15,36.59,59.26
3303,5,119,1630,1185,4,2025-10-24,115.05,5.0,Debit Card,437.36,311.84,125.52,28.7
3304,12,108,3923,1219,3,2024-12-20,188.77,8.7,Credit Card,516.83,268.8,248.03,47.99
3305,11,81,4665,229,1,2025-06-17,167.64,26.8,Debit Card,122.65,107.04,15.61,12.73
3306,12,100,2465,1359,2,2025-09-26,111.69,4.1,Debit Card,214.3,82.94,131.36,61.3
3307,11,44,2530,101,2,2025-04-17,270.38,30.3,Debit Card,377.16,314.5,62.66,16.61
3308,6,107,4514,170,1,2024-11-06,123.51,5.6,Online,116.64,69.84,46.8,40.12
3309,7,104,152,779,1,2025-08-30,149.83,8.0,Cash,137.79,54.31,83.48,60.58
3310,10,55,2016,1336,2,2025-01-24,60.02,25.9,Online,88.98,72.92,16.06,18.05
3311,5,119,4900,39,1,2025-11-01,263.13,11.5,Debit Card,232.74,181.96,50.78,21.82
3312,2,73,3923,519,2,2025-10-17,188.77,8.9,Credit Card,343.79,179.2,164.59,47.88
3313,3,88,3048,1330,1,2025-11-17,212.21,3.9,Cash,203.93,87.29,116.64,57.2
3314,11,81,4922,52,5,2025-10-04,57.57,33.5,Credit Card,191.37,170.2,21.17,11.06
3315,9,2,369,92,2,2025-06-04,237.58,9.8,Cash,428.61,282.02,146.59,34.2
3316,3,46,1311,532,2,2025-09-19,158.57,7.1,Credit Card,294.62,113.24,181.38,61.56
3317,2,114,1190,397,4,2025-05-18,236.39,8.4,Debit Card,866.2,597.32,268.88,31.04
3318,8,91,1886,150,5,2024-11-08,274.54,6.7,Online,1280.83,895.85,384.98,30.06
3319,8,85,1512,1310,1,2025-12-06,119.69,4.3,Debit Card,114.54,58.18,56.36,49.21
3320,7,104,3518,194,4,2025-11-23,37.42,5.1,Debit Card,141.99,75.76,66.23,46.64
3321,2,8,2893,171,2,2025-04-08,101.57,7.6,Online,187.66,138.7,48.96,26.09
3322,2,11,1333,1024,2,2025-02-25,140.57,9.5,Online,254.42,110.4,144.02,56.61
3323,3,14,2338,281,2,2025-09-16,158.91,7.9,Online,292.82,218.06,74.76,25.53
3324,10,117,888,222,2,2025-05-26,299.94,26.1,Credit Card,443.13,358.22,84.91,19.16
3325,1,54,457,273,4,2025-04-05,70.94,28.7,Credit Card,202.35,145.08,57.27,28.3
3326,12,60,4492,651,5,2024-11-13,81.38,4.9,Debit Card,386.85,246.25,140.6,36.34
3327,5,105,4464,42,1,2025-05-05,200.71,6.2,Cash,188.31,130.05,58.26,30.94
3328,12,18,3602,167,2,2025-01-27,61.91,4.6,Cash,118.13,67.78,50.35,42.62
3329,3,53,1711,1082,1,2025-10-13,139.49,9.1,Credit Card,126.83,49.79,77.04,60.74
3330,4,34,3929,698,1,2025-04-04,16.62,8.9,Credit Card,15.14,11.65,3.49,23.05
3331,9,6,3358,37,2,2025-05-30,295.84,9.4,Credit Card,536.01,324.7,211.31,39.42
3332,7,5,2346,231,1,2024-11-21,35.04,4.0,Credit Card,33.64,18.45,15.19,45.15
3333,7,95,4123,154,3,2025-12-08,193.44,6.3,Online,543.74,282.54,261.2,48.04
3334,3,115,2967,879,5,2025-12-04,275.48,9.5,Online,1246.71,951.55,295.16,23.68
3335,7,62,3782,72,1,2025-10-29,281.7,10.4,Credit Card,252.49,162.52,89.97,35.63
3336,9,27,2154,73,2,2025-07-02,10.49,11.9,Cash,18.48,7.36,11.12,60.17
3337,12,60,4608,725,1,2025-01-31,11.99,11.5,Credit Card,10.61,6.8,3.81,35.91
3338,11,97,2638,1462,1,2025-01-11,63.77,22.4,Credit Card,49.5,23.96,25.54,51.6
3339,12,100,155,196,5,2025-02-16,275.61,10.1,Credit Card,1239.25,709.45,529.8,42.75
3340,10,101,2065,1091,1,2025-11-28,219.74,26.2,Debit Card,162.16,112.78,49.38,30.45
3341,9,52,4843,200,2,2024-11-09,240.94,3.2,Credit Card,466.41,283.8,182.61,39.15
3342,10,16,3195,471,1,2024-11-05,33.32,22.6,Debit Card,25.77,19.68,6.09,23.63
3343,1,17,774,244,3,2025-09-08,158.15,32.5,Debit Card,320.42,206.82,113.6,35.45
3344,9,24,3534,730,2,2025-04-01,175.95,10.0,Credit Card,316.88,140.26,176.62,55.74
3345,3,88,2042,29,2,2024-11-13,143.84,8.0,Credit Card,264.78,154.94,109.84,41.48
3346,6,78,4179,275,5,2025-05-18,95.95,6.0,Credit Card,451.19,255.95,195.24,43.27
3347,2,110,1674,1496,2,2025-12-02,7.65,7.4,Credit Card,14.17,9.64,4.53,31.97
3348,4,56,4269,755,2,2025-10-04,234.46,10.5,Credit Card,419.79,168.92,250.87,59.76
3349,3,14,799,116,2,2025-03-22,220.27,4.9,Cash,419.06,212.28,206.78,49.34
3350,6,49,4827,153,3,2025-05-18,275.92,8.0,Debit Card,761.82,561.27,200.55,26.33
3351,1,50,2023,568,2,2025-04-09,24.17,31.9,Cash,32.94,22.16,10.78,32.73
3352,4,1,3496,75,3,2025-05-07,43.54,8.3,Online,119.81,61.2,58.61,48.92
3353,1,82,4099,4,1,2025-06-15,51.29,25.1,Credit Card,38.4,25.96,12.44,32.4
3354,1,118,3247,819,2,2025-02-11,173.52,33.9,Debit Card,229.22,125.88,103.34,45.08
3355,4,70,4700,300,1,2025-05-15,107.24,5.4,Debit Card,101.5,58.68,42.82,42.19
3356,5,47,3440,519,1,2025-08-25,268.54,7.1,Credit Card,249.43,143.06,106.37,42.65
3357,12,93,3045,12,5,2025-07-03,270.16,4.9,Debit Card,1285.17,595.8,689.37,53.64
3358,7,62,1675,190,1,2025-09-18,51.81,9.6,Debit Card,46.86,63.23,-16.37,-34.93
3359,8,91,203,266,1,2025-03-24,253.47,5.5,Debit Card,239.52,154.38,85.14,35.55
3360,3,21,3315,594,5,2025-09-14,7.49,4.8,Debit Card,35.66,22.15,13.51,37.89
3361,12,93,2591,1034,1,2024-10-27,225.31,6.2,Debit Card,211.34,89.41,121.93,57.69
3362,3,46,1327,144,2,2024-10-01,144.28,5.0,Online,274.04,198.88,75.16,27.43
3363,10,87,3755,1221,5,2025-11-01,166.01,28.0,Debit Card,597.82,298.75,299.07,50.03
3364,4,34,779,517,2,2024-12-04,227.35,10.2,Debit Card,408.38,222.54,185.84,45.51
3365,6,99,1900,200,5,2025-01-12,59.34,6.8,Cash,276.6,200.9,75.7,27.37
3366,2,103,1592,486,1,2025-04-04,61.42,9.0,Cash,55.91,41.75,14.16,25.33
3367,12,93,774,484,3,2025-05-06,158.15,4.8,Debit Card,451.79,206.82,244.97,54.22
3368,6,72,1026,107,1,2025-04-16,132.39,6.0,Online,124.42,49.72,74.7,60.04
3369,11,81,1700,4,1,2025-01-26,284.79,24.3,Debit Card,215.51,158.8,56.71,26.31
3370,6,74,1360,62,4,2025-12-08,284.05,4.9,Online,1080.52,580.2,500.32,46.3
3371,2,11,1898,1365,5,2025-06-22,263.04,7.3,Cash,1219.73,877.15,342.58,28.09
3372,5,40,482,1075,1,2025-01-28,140.26,8.8,Online,127.88,64.86,63.02,49.28
3373,12,60,3777,87,1,2025-04-01,68.11,4.3,Debit Card,65.19,25.15,40.04,61.42
3374,11,97,1661,479,2,2025-03-13,263.33,25.4,Debit Card,392.78,261.66,131.12,33.38
3375,11,63,3873,1249,1,2025-11-08,282.74,25.7,Credit Card,209.95,114.4,95.55,45.51
3376,7,7,3178,1249,1,2025-10-29,125.31,3.1,Cash,121.42,58.03,63.39,52.21
3377,9,52,776,283,1,2025-02-15,240.41,10.9,Cash,214.27,160.89,53.38,24.91
3378,3,115,1244,671,1,2025-03-08,117.11,8.2,Cash,107.5,56.85,50.65,47.12
3379,7,5,2699,198,5,2024-12-23,96.66,5.3,Credit Card,457.49,283.65,173.84,38.0
3380,3,88,4353,37,5,2025-12-03,51.2,8.4,Debit Card,234.56,114.05,120.51,51.38
3381,12,93,170,265,1,2025-07-14,123.12,11.4,Online,109.13,54.5,54.63,50.06
3382,2,110,2477,160,2,2025-05-27,155.14,3.2,Credit Card,300.42,145.72,154.7,51.49
3383,4,70,3031,204,1,2025-06-22,40.39,11.6,Debit Card,35.72,17.24,18.48,51.74
3384,12,100,1570,87,1,2025-01-25,233.51,8.9,Credit Card,212.72,112.44,100.28,47.14
3385,8,57,107,706,1,2025-09-26,112.46,7.8,Credit Card,103.63,39.8,63.83,61.59
3386,5,113,2365,1345,1,2025-06-17,189.98,6.6,Cash,177.49,115.23,62.26,35.08
3387,8,112,4317,603,2,2025-03-22,270.53,4.2,Credit Card,518.4,297.26,221.14,42.66
3388,6,77,2310,247,2,2025-11-12,54.89,3.2,Debit Card,106.31,38.76,67.55,63.54
3389,12,100,2920,210,2,2025-01-21,17.82,6.9,Debit Card,33.18,19.78,13.4,40.39
3390,1,3,2145,276,1,2025-09-12,113.59,23.9,Credit Card,86.49,72.65,13.84,16.0
3391,3,46,750,454,4,2025-10-16,55.17,11.9,Credit Card,194.4,137.64,56.76,29.2
3392,8,91,958,64,3,2025-05-22,76.1,7.7,Cash,210.66,112.8,97.86,46.45
3393,4,42,4387,872,1,2025-03-30,175.47,9.3,Debit Card,159.07,103.34,55.73,35.03
3394,2,73,910,3,1,2025-10-05,41.26,8.7,Credit Card,37.68,14.59,23.09,61.28
3395,8,80,877,1036,2,2024-12-17,213.35,10.9,Debit Card,380.13,189.9,190.23,50.04
3396,5,105,1017,252,2,2025-03-17,155.62,7.4,Debit Card,288.26,165.28,122.98,42.66
3397,1,98,2586,218,3,2025-08-10,126.96,28.4,Cash,272.72,246.27,26.45,9.7
3398,8,85,3824,61,1,2025-04-28,240.16,5.1,Online,227.85,269.73,-41.88,-18.38
3399,9,51,2010,293,1,2025-03-06,269.8,6.2,Credit Card,253.0,174.95,78.05,30.85
3400,8,116,591,45,5,2025-07-11,36.26,4.7,Debit Card,172.77,85.25,87.52,50.66
3401,1,4,1278,1098,5,2025-03-25,13.79,24.5,Credit Card,52.03,47.2,4.83,9.28
3402,6,72,604,152,5,2025-02-03,253.92,6.3,Debit Card,1189.28,1444.8,-255.52,-21.49
3403,6,49,4703,87,2,2024-11-21,54.03,6.4,Credit Card,101.12,55.34,45.78,45.27
3404,7,41,3222,126,5,2025-05-30,100.83,7.5,Credit Card,466.32,257.2,209.12,44.84
3405,1,17,3497,267,1,2025-08-20,20.48,23.0,Debit Card,15.77,8.67,7.1,45.02
3406,8,109,315,280,5,2025-07-19,258.6,4.1,Credit Card,1239.64,596.4,643.24,51.89
3407,4,56,3410,170,1,2025-03-01,264.03,9.6,Debit Card,238.65,119.45,119.2,49.95
3408,11,12,4844,866,1,2025-01-30,22.41,34.0,Cash,14.8,9.58,5.22,35.27
3409,4,1,3744,189,2,2025-06-12,144.12,4.7,Debit Card,274.64,109.04,165.6,60.3
3410,11,81,2851,219,5,2024-11-26,119.81,30.9,Credit Card,414.05,240.65,173.4,41.88
3411,10,90,4719,66,1,2025-06-16,197.14,32.8,Debit Card,132.48,139.33,-6.85,-5.17
3412,4,34,1094,68,1,2025-07-28,233.8,9.0,Credit Card,212.76,136.68,76.08,35.76
3413,6,66,3422,51,1,2025-07-02,228.7,5.1,Debit Card,217.03,97.16,119.87,55.23
3414,6,99,2802,74,2,2025-12-07,19.85,6.5,Debit Card,37.11,28.52,8.59,23.15
3415,6,66,3020,1201,1,2025-02-14,24.65,10.9,Credit Card,21.96,11.36,10.6,48.27
3416,2,103,3941,555,1,2025-06-07,111.71,7.5,Credit Card,103.28,68.66,34.62,33.52
3417,5,92,4917,516,3,2025-02-27,135.63,10.7,Credit Card,363.24,223.05,140.19,38.59
3418,11,44,4118,73,1,2025-04-01,155.32,22.6,Cash,120.25,84.31,35.94,29.89
3419,12,18,1678,260,1,2025-11-04,12.67,8.5,Debit Card,11.59,5.25,6.34,54.7
3420,2,114,1054,245,1,2025-01-28,245.44,8.2,Online,225.22,290.1,-64.88,-28.81
3421,6,107,4472,144,2,2025-03-14,108.32,4.2,Cash,207.48,154.9,52.58,25.34
3422,7,41,3692,136,1,2024-10-27,37.4,3.4,Credit Card,36.11,23.57,12.54,34.73
3423,6,72,2956,788,5,2025-03-12,80.93,9.5,Online,366.36,273.9,92.46,25.24
3424,3,53,14,150,5,2025-03-12,138.32,8.5,Credit Card,633.14,313.5,319.64,50.48
3425,11,63,4712,297,3,2024-12-17,260.62,26.0,Cash,578.45,353.01,225.44,38.97
3426,10,71,1125,1259,1,2024-11-21,264.72,25.1,Online,198.21,157.36,40.85,20.61
3427,10,67,222,257,1,2025-09-28,103.23,32.6,Debit Card,69.54,73.13,-3.59,-5.16
3428,5,92,255,312,1,2025-11-29,94.36,9.6,Cash,85.28,34.91,50.37,59.06
3429,9,2,3992,1126,1,2025-02-27,61.26,8.2,Cash,56.23,23.13,33.1,58.87
3430,11,44,2573,664,3,2025-02-27,188.44,33.2,Credit Card,377.47,330.6,46.87,12.42
3431,6,66,4596,7,1,2025-01-24,135.8,7.9,Cash,125.04,76.62,48.42,38.72
3432,3,88,494,73,2,2025-08-27,86.72,4.4,Debit Card,165.76,210.4,-44.64,-26.93
3433,9,27,1405,135,1,2025-01-04,183.48,10.7,Credit Card,163.83,104.58,59.25,36.17
3434,11,97,3292,216,1,2025-07-03,86.74,27.2,Online,63.18,38.78,24.4,38.62
3435,12,60,81,139,3,2025-03-23,68.7,4.9,Cash,196.08,146.76,49.32,25.15
3436,5,22,1229,231,2,2024-11-03,262.66,11.7,Online,463.86,298.22,165.64,35.71
3437,12,93,3563,852,3,2024-12-22,272.79,8.9,Credit Card,745.73,914.13,-168.4,-22.58
3438,1,17,225,1419,1,2025-08-14,269.53,27.6,Debit Card,195.1,136.13,58.97,30.23
3439,10,117,3911,388,1,2025-06-23,24.87,33.8,Online,16.46,14.47,1.99,12.09
3440,3,88,837,1111,4,2025-11-01,288.55,8.8,Debit Card,1052.13,708.0,344.13,32.71
3441,3,21,3170,172,1,2025-10-06,53.5,6.9,Debit Card,49.81,35.91,13.9,27.91
3442,2,23,1779,69,2,2024-12-31,287.83,3.4,Credit Card,556.18,344.24,211.94,38.11
3443,2,43,3285,999,4,2024-10-08,191.77,7.3,Credit Card,711.31,506.36,204.95,28.81
3444,9,24,3922,816,1,2024-11-23,131.26,6.1,Credit Card,123.25,88.34,34.91,28.32
3445,3,88,2471,119,1,2025-06-13,245.63,3.8,Debit Card,236.32,127.58,108.74,46.01
3446,10,38,4838,270,3,2024-12-31,291.87,27.3,Debit Card,636.32,537.96,98.36,15.46
3447,11,64,432,1482,1,2025-11-04,8.92,27.6,Online,6.46,4.0,2.46,38.08
3448,4,1,796,1416,3,2025-06-30,65.24,3.3,Debit Card,189.26,230.67,-41.41,-21.88
3449,6,72,3393,227,5,2024-11-09,137.05,5.2,Credit Card,649.7,415.8,233.9,36.0
3450,10,75,2040,142,1,2025-05-22,60.12,31.9,Online,40.92,41.04,-0.12,-0.29
3451,9,2,2829,147,1,2025-08-01,257.02,9.5,Debit Card,232.66,174.77,57.89,24.88
3452,1,58,3939,1135,4,2024-12-01,242.29,31.8,Cash,661.16,370.32,290.84,43.99
3453,3,21,1656,507,2,2025-07-02,215.19,8.0,Cash,395.86,162.9,232.96,58.85
3454,3,21,2390,300,1,2024-11-18,159.09,10.5,Cash,142.45,73.57,68.88,48.35
3455,6,77,3757,134,5,2025-10-09,30.29,7.6,Debit Card,139.97,74.8,65.17,46.56
3456,9,24,751,204,3,2025-07-21,38.52,7.4,Online,107.04,148.86,-41.82,-39.07
3457,11,44,3925,279,2,2024-12-21,148.57,23.7,Debit Card,226.76,363.0,-136.24,-60.08
3458,9,106,2689,261,2,2024-12-01,19.82,10.1,Cash,35.64,24.9,10.74,30.13
3459,5,113,3427,27,1,2025-07-20,255.9,7.6,Debit Card,236.45,126.86,109.59,46.35
3460,9,2,4148,244,1,2025-09-14,172.6,4.7,Cash,164.56,103.44,61.12,37.14
3461,6,78,2570,332,3,2024-10-15,22.07,7.0,Credit Card,61.59,43.8,17.79,28.88
3462,5,40,1983,863,1,2025-08-13,129.31,7.2,Cash,119.94,91.54,28.4,23.68
3463,8,9,2806,65,2,2025-08-08,117.94,3.3,Debit Card,228.04,100.04,128.0,56.13
3464,12,36,3311,974,1,2025-10-26,294.86,9.6,Debit Card,266.47,141.12,125.35,47.04
3465,12,18,4404,47,5,2025-01-23,222.63,3.2,Online,1077.74,423.7,654.04,60.69
3466,7,19,4360,250,2,2025-11-24,75.1,8.0,Cash,138.16,62.14,76.02,55.02
3467,7,41,689,43,2,2025-05-28,133.87,8.8,Online,244.15,98.64,145.51,59.6
3468,4,34,3460,953,5,2024-12-25,126.25,3.4,Debit Card,609.82,311.75,298.07,48.88
3469,10,55,2338,232,2,2025-11-25,158.91,30.5,Cash,220.83,218.06,2.77,1.25
3470,1,54,2464,362,1,2024-12-09,156.76,29.6,Credit Card,110.28,79.85,30.43,27.59
3471,5,47,4346,250,1,2024-11-09,52.27,4.3,Online,50.03,64.49,-14.46,-28.9
3472,9,111,3317,231,1,2024-12-17,195.22,7.4,Cash,180.68,101.5,79.18,43.82
3473,8,57,931,92,1,2025-11-05,129.82,4.0,Cash,124.6,89.23,35.37,28.39
3474,4,34,2984,1331,4,2025-10-20,61.15,11.6,Debit Card,216.12,88.68,127.44,58.97
3475,10,38,461,686,1,2025-07-27,57.51,31.1,Credit Card,39.6,74.66,-35.06,-88.54
3476,9,24,3790,284,1,2025-04-12,281.47,7.0,Debit Card,261.88,102.33,159.55,60.92
3477,6,74,1988,103,1,2025-07-25,76.68,6.8,Debit Card,71.46,52.16,19.3,27.01
3478,7,84,2404,201,1,2024-11-14,194.37,8.4,Cash,178.05,129.39,48.66,27.33
3479,10,101,2947,172,4,2025-09-23,150.48,28.6,Online,430.05,311.44,118.61,27.58
3480,10,90,2819,767,1,2025-12-04,249.34,33.8,Debit Card,164.98,312.52,-147.54,-89.43
3481,10,75,3248,97,4,2025-10-04,164.73,29.7,Credit Card,463.01,331.64,131.37,28.37
3482,8,116,4475,502,1,2025-01-08,106.24,3.5,Debit Card,102.5,41.32,61.18,59.69
3483,1,86,3253,1208,1,2024-11-24,57.77,26.7,Cash,42.37,34.86,7.51,17.72
3484,4,31,3464,1016,3,2025-07-04,229.39,12.0,Cash,605.75,463.98,141.77,23.4
3485,6,96,2223,170,1,2025-10-24,6.72,7.2,Cash,6.24,3.86,2.38,38.14
3486,4,56,3645,76,4,2025-11-29,22.15,6.0,Credit Card,83.29,43.52,39.77,47.75
3487,3,53,1652,182,1,2025-06-07,174.97,4.9,Debit Card,166.32,64.06,102.26,61.48
3488,5,113,2587,198,1,2025-09-07,158.53,9.1,Cash,144.07,93.58,50.49,35.05
3489,4,56,1990,269,2,2025-03-17,190.79,8.6,Credit Card,348.63,235.2,113.43,32.54
3490,5,40,1418,23,4,2025-09-08,195.33,5.4,Debit Card,739.45,368.84,370.61,50.12
3491,12,108,1564,256,1,2025-06-26,130.92,5.2,Debit Card,124.13,91.74,32.39,26.09
3492,2,43,2228,316,2,2024-12-27,84.67,10.5,Online,151.57,117.92,33.65,22.2
3493,3,14,130,1326,2,2025-09-10,271.25,9.7,Credit Card,490.14,364.06,126.08,25.72
3494,8,116,2689,675,1,2025-09-28,19.82,9.9,Online,17.86,12.45,5.41,30.29
3495,8,91,69,15,1,2024-12-07,201.39,7.1,Online,187.09,96.42,90.67,48.46
3496,10,71,3080,88,1,2025-02-28,205.55,31.1,Online,141.68,137.54,4.14,2.92
3497,8,91,1012,238,1,2025-05-29,58.19,7.5,Online,53.84,21.1,32.74,60.81
3498,3,53,912,1428,5,2025-06-17,214.99,8.3,Debit Card,985.26,541.05,444.21,45.09
3499,1,3,4684,304,4,2025-03-17,81.94,22.2,Credit Card,255.09,149.16,105.93,41.53
3500,11,81,468,1033,2,2025-08-13,207.19,25.9,Credit Card,307.0,259.68,47.32,15.41
3501,2,28,654,52,3,2024-11-27,18.81,9.3,Credit Card,51.21,25.17,26.04,50.85
3502,3,88,2430,219,4,2025-09-19,26.43,7.7,Credit Card,97.59,43.0,54.59,55.94
3503,2,32,1067,12,1,2025-09-05,61.52,4.5,Debit Card,58.78,22.92,35.86,61.01
3504,3,53,258,125,4,2024-10-17,93.36,3.7,Credit Card,359.68,215.2,144.48,40.17
3505,7,7,4710,934,1,2024-10-30,34.39,8.0,Credit Card,31.62,16.77,14.85,46.96
3506,5,22,2886,367,1,2025-10-19,187.99,7.2,Credit Card,174.51,88.99,85.52,49.01
3507,11,44,1477,142,3,2025-09-13,59.16,27.8,Credit Card,128.18,109.59,18.59,14.5
3508,11,63,3244,1026,5,2025-03-01,108.58,27.4,Credit Card,394.14,199.45,194.69,49.4
3509,12,100,3514,706,2,2025-05-11,225.4,9.3,Credit Card,408.84,303.6,105.24,25.74
3510,11,64,914,251,1,2025-07-21,174.07,24.0,Debit Card,132.31,120.38,11.93,9.02
3511,5,119,2137,23,2,2025-04-05,24.23,7.9,Credit Card,44.63,29.34,15.29,34.26
3512,2,11,285,1220,1,2024-12-02,110.19,5.0,Debit Card,104.71,44.86,59.85,57.16
3513,9,24,4276,508,5,2025-08-16,46.57,8.8,Debit Card,212.45,142.15,70.3,33.09
3514,9,51,3389,941,1,2024-12-10,197.76,8.0,Cash,181.93,113.83,68.1,37.43
3515,1,58,884,1308,1,2025-01-26,165.58,24.9,Credit Card,124.36,88.26,36.1,29.03
3516,8,91,3405,70,3,2025-08-06,26.44,10.5,Credit Card,70.98,48.36,22.62,31.87
3517,8,91,4789,759,2,2025-11-03,176.57,5.9,Cash,332.17,456.56,-124.39,-37.45
3518,9,65,4721,78,1,2024-11-25,99.76,11.0,Credit Card,88.75,40.49,48.26,54.38
3519,2,45,2125,258,1,2025-05-25,227.4,3.7,Credit Card,219.01,147.28,71.73,32.75
3520,6,66,3220,682,1,2025-04-16,221.1,8.7,Cash,201.82,250.08,-48.26,-23.91
3521,2,23,4931,261,5,2025-08-06,136.97,5.8,Cash,645.43,423.35,222.08,34.41
3522,1,82,1978,237,5,2025-06-13,231.54,33.4,Online,771.61,698.55,73.06,9.47
3523,7,7,3852,142,1,2025-04-27,39.73,3.1,Cash,38.51,18.78,19.73,51.23
3524,3,88,337,805,3,2025-09-18,132.77,10.5,Credit Card,356.59,217.71,138.88,38.95
3525,8,57,466,45,1,2025-07-27,134.11,10.5,Cash,120.03,94.5,25.53,21.27
3526,3,14,3435,116,1,2024-10-01,51.44,7.4,Cash,47.66,26.68,20.98,44.02
3527,12,93,1036,23,5,2024-12-02,86.03,11.4,Online,381.26,177.35,203.91,53.48
3528,2,23,2605,89,2,2025-02-08,104.77,6.7,Credit Card,195.4,118.04,77.36,39.59
3529,8,85,717,204,1,2025-02-18,247.69,11.1,Cash,220.09,137.36,82.73,37.59
3530,8,57,3980,15,2,2025-02-16,78.72,3.0,Credit Card,152.71,70.7,82.01,53.7
3531,12,60,825,114,4,2024-11-30,249.86,6.7,Cash,932.83,497.04,435.79,46.72
3532,10,67,126,21,1,2025-06-25,223.56,32.7,Debit Card,150.39,83.64,66.75,44.38
3533,1,3,644,1128,2,2024-12-21,119.81,23.9,Credit Card,182.44,131.82,50.62,27.75
3534,1,79,4052,1170,1,2025-01-12,23.79,26.6,Online,17.46,16.22,1.24,7.1
3535,12,102,4281,596,1,2025-11-21,139.99,9.1,Cash,127.2,58.45,68.75,54.05
3536,10,33,3850,298,1,2024-11-10,37.62,24.2,Debit Card,28.5,24.76,3.74,13.12
3537,3,14,1329,888,2,2025-06-17,34.03,5.1,Credit Card,64.6,36.66,27.94,43.25
3538,10,38,559,141,2,2025-05-04,217.05,31.1,Credit Card,298.89,225.8,73.09,24.45
3539,4,34,2762,727,2,2025-05-16,54.22,3.5,Credit Card,104.65,120.1,-15.45,-14.76
3540,8,112,2919,166,1,2025-12-05,235.72,10.6,Online,210.71,151.5,59.21,28.1
3541,12,36,3484,222,1,2025-03-23,253.29,3.2,Credit Card,245.09,162.19,82.9,33.82
3542,8,85,12,1441,2,2025-01-16,18.71,3.1,Credit Card,36.27,13.58,22.69,62.56
3543,8,116,2752,1038,1,2025-10-28,211.31,11.4,Credit Card,187.17,95.59,91.58,48.93
3544,7,19,1965,210,2,2025-09-22,281.08,6.1,Credit Card,528.07,341.38,186.69,35.35
3545,1,17,4032,1216,5,2025-09-04,37.41,24.9,Cash,140.56,72.4,68.16,48.49
3546,1,79,66,49,1,2025-01-29,83.46,23.0,Credit Card,64.28,37.22,27.06,42.1
3547,5,76,1999,1209,2,2025-10-13,209.16,8.8,Cash,381.42,273.5,107.92,28.29
3548,12,36,591,1168,1,2025-09-14,36.26,10.4,Credit Card,32.48,17.05,15.43,47.51
3549,5,76,221,441,4,2025-08-22,229.43,7.0,Debit Card,853.03,474.6,378.43,44.36
3550,5,40,4395,163,4,2025-11-24,44.9,5.0,Cash,170.57,68.08,102.49,60.09
3551,1,4,929,967,1,2024-11-27,264.74,32.5,Cash,178.83,124.37,54.46,30.45
3552,3,88,1885,137,4,2024-12-25,239.99,4.8,Debit Card,913.94,535.16,378.78,41.44
3553,1,98,1531,72,2,2025-09-07,217.36,30.8,Online,300.71,226.5,74.21,24.68
3554,2,11,933,276,4,2025-11-26,180.77,8.0,Cash,665.04,474.0,191.04,28.73
3555,11,44,3473,65,5,2024-11-12,299.63,31.4,Debit Card,1028.04,643.7,384.34,37.39
3556,12,108,3243,179,2,2025-04-13,50.81,9.1,Online,92.4,67.0,25.4,27.49
3557,11,44,3898,290,4,2025-11-13,51.04,31.3,Debit Card,140.23,115.44,24.79,17.68
3558,8,112,1289,104,3,2025-04-24,8.93,3.4,Online,25.89,9.75,16.14,62.34
3559,4,31,2325,207,1,2024-10-05,246.05,8.1,Debit Card,226.11,149.19,76.92,34.02
3560,4,70,2369,155,5,2024-10-18,290.31,10.9,Cash,1293.16,557.2,735.96,56.91
3561,5,119,3007,78,1,2025-11-16,134.79,9.4,Credit Card,122.11,75.29,46.82,38.34
3562,2,11,73,402,1,2025-07-13,207.0,5.0,Cash,196.68,73.75,122.93,62.5
3563,9,61,3483,301,1,2025-09-21,258.71,6.8,Debit Card,241.08,129.25,111.83,46.39
3564,10,33,206,280,1,2025-08-22,197.89,28.1,Debit Card,142.37,120.91,21.46,15.07
3565,9,24,2596,1294,1,2025-01-27,34.51,4.5,Online,32.95,22.0,10.95,33.23
3566,3,115,3515,1280,4,2025-02-23,51.17,10.9,Debit Card,182.39,234.96,-52.57,-28.82
3567,1,82,2399,287,3,2025-11-13,200.73,30.4,Credit Card,419.36,270.96,148.4,35.39
3568,2,8,4526,717,4,2024-11-03,143.67,9.3,Online,521.4,613.68,-92.28,-17.7
3569,11,44,1507,915,5,2025-06-02,95.9,30.0,Cash,335.78,239.35,96.43,28.72
3570,11,44,1822,55,1,2025-10-15,281.3,33.6,Cash,186.72,175.44,11.28,6.04
3571,8,109,273,1035,5,2025-04-18,174.55,11.4,Credit Card,773.29,535.75,237.54,30.72
3572,8,94,361,3,1,2025-09-13,68.51,11.0,Credit Card,61.01,27.3,33.71,55.25
3573,2,32,4404,2,1,2024-12-10,222.63,5.0,Credit Card,211.42,84.74,126.68,59.92
3574,10,55,3503,156,4,2025-08-15,85.02,22.2,Debit Card,264.61,134.64,129.97,49.12
3575,5,105,2396,879,5,2025-01-06,215.1,9.3,Online,974.96,424.35,550.61,56.48
3576,9,37,2648,1265,2,2025-03-02,60.7,10.3,Credit Card,108.88,74.78,34.1,31.32
3577,12,60,3427,200,1,2025-06-03,255.9,6.9,Cash,238.13,126.86,111.27,46.73
3578,11,12,604,394,2,2025-04-11,253.92,29.3,Online,359.17,577.92,-218.75,-60.9
3579,4,56,3470,237,2,2025-01-15,223.12,6.8,Debit Card,416.1,299.02,117.08,28.14
3580,1,68,4644,140,5,2024-11-28,186.79,22.8,Cash,721.33,334.85,386.48,53.58
3581,1,86,163,1104,4,2025-08-18,26.0,32.2,Debit Card,70.49,57.28,13.21,18.74
3582,6,49,1670,294,1,2025-05-14,139.51,11.4,Credit Card,123.65,87.47,36.18,29.26
3583,7,104,1982,569,4,2025-01-04,10.55,10.0,Debit Card,38.0,15.24,22.76,59.89
3584,9,6,4670,352,2,2025-04-09,182.09,11.0,Online,324.01,168.9,155.11,47.87
3585,12,100,2598,43,3,2025-06-25,10.5,8.8,Cash,28.72,13.05,15.67,54.56
3586,6,66,4821,989,3,2025-03-21,60.08,6.6,Credit Card,168.31,230.55,-62.24,-36.98
3587,10,101,3804,20,1,2025-08-06,47.41,24.6,Cash,35.74,18.74,17.0,47.57
3588,5,47,3337,573,1,2025-03-03,69.86,5.8,Debit Card,65.84,41.69,24.15,36.68
3589,5,40,4109,71,5,2025-08-06,192.23,9.2,Cash,873.06,497.4,375.66,43.03
3590,12,18,3311,274,1,2024-12-25,294.86,5.7,Debit Card,278.13,141.12,137.01,49.26
3591,3,21,4975,64,4,2025-01-15,204.05,6.1,Credit Card,766.59,554.04,212.55,27.73
3592,4,56,3607,1409,5,2025-11-19,281.13,7.5,Credit Card,1300.32,551.4,748.92,57.6
3593,11,44,4653,217,1,2025-02-27,105.45,25.5,Cash,78.56,43.55,35.01,44.56
3594,12,36,2864,880,2,2024-11-17,158.59,3.4,Credit Card,306.28,217.48,88.8,28.99
3595,3,115,597,890,1,2025-10-27,276.53,6.9,Credit Card,257.53,164.95,92.58,35.95
3596,10,117,1085,61,2,2025-09-01,150.47,24.0,Cash,228.63,106.56,122.07,53.39
3597,10,55,2531,284,1,2025-03-05,109.47,29.0,Cash,77.72,50.31,27.41,35.27
3598,9,27,3756,1498,1,2024-12-17,128.73,10.8,Debit Card,114.8,78.78,36.02,31.38
3599,7,84,459,192,1,2024-10-24,18.18,6.1,Debit Card,17.07,12.02,5.05,29.58
3600,1,82,41,48,1,2025-10-14,175.14,32.2,Credit Card,118.76,94.48,24.28,20.44
3601,11,63,2602,794,5,2025-01-26,238.79,26.2,Cash,881.14,853.6,27.54,3.13
3602,5,113,820,298,5,2025-07-08,185.2,11.4,Credit Card,820.61,653.6,167.01,20.35
3603,1,48,3125,644,4,2024-11-16,6.16,22.5,Online,19.1,16.0,3.1,16.23
3604,4,31,3121,267,1,2025-10-03,126.17,10.6,Credit Card,112.85,56.45,56.4,49.98
3605,10,101,190,135,5,2024-10-17,67.57,26.2,Cash,249.37,224.65,24.72,9.91
3606,1,59,2996,235,4,2025-09-21,299.26,32.6,Debit Card,806.42,859.52,-53.1,-6.58
3607,9,25,2857,293,5,2024-12-05,65.96,3.6,Debit Card,317.86,167.35,150.51,47.35
3608,9,111,2963,119,1,2025-01-17,210.4,4.7,Credit Card,200.55,86.16,114.39,57.04
3609,4,42,1914,1063,1,2025-05-22,208.45,11.9,Credit Card,183.62,97.91,85.71,46.68
3610,12,102,1911,206,3,2025-02-13,137.17,3.2,Online,398.23,159.63,238.6,59.92
3611,1,4,319,646,1,2025-06-11,79.18,29.5,Debit Card,55.83,38.08,17.75,31.79
3612,6,72,4580,1333,1,2025-07-20,106.55,5.1,Debit Card,101.07,71.83,29.24,28.93
3613,5,105,4663,208,2,2025-06-18,254.52,8.1,Credit Card,467.93,187.86,280.07,59.85
3614,4,70,3097,231,1,2025-03-23,122.34,4.8,Credit Card,116.48,44.27,72.21,61.99
3615,12,108,2877,92,1,2024-10-04,169.89,3.9,Credit Card,163.23,202.65,-39.42,-24.15
3616,2,28,253,189,2,2025-08-11,25.95,4.3,Online,49.66,36.5,13.16,26.5
3617,6,107,5,265,5,2024-12-09,87.09,7.2,Online,404.25,548.3,-144.05,-35.63
3618,7,19,3396,115,2,2024-10-29,180.95,7.8,Credit Card,333.8,174.14,159.66,47.83
3619,1,50,2693,14,4,2025-06-21,298.98,28.3,Debit Card,857.36,747.24,110.12,12.84
3620,3,21,3825,129,4,2025-07-31,163.86,11.6,Online,579.51,412.36,167.15,28.84
3621,7,19,400,548,1,2025-08-26,124.17,10.3,Debit Card,111.39,46.79,64.6,57.99
3622,10,55,859,1075,2,2024-11-30,108.38,23.7,Cash,165.3,156.02,9.28,5.61
3623,6,49,2700,66,2,2025-08-05,23.64,4.5,Debit Card,45.15,24.18,20.97,46.45
3624,2,13,4217,516,2,2025-04-20,93.78,11.0,Cash,166.89,87.92,78.97,47.32
3625,8,85,2498,171,1,2025-08-16,277.2,4.4,Debit Card,265.03,135.39,129.64,48.92
3626,6,77,2504,151,3,2025-02-21,26.2,9.2,Credit Card,71.41,29.58,41.83,58.58
3627,1,50,2987,217,2,2025-04-22,167.24,28.7,Cash,238.32,187.86,50.46,21.17
3628,7,19,226,1113,2,2025-07-08,200.65,10.9,Debit Card,357.43,142.96,214.47,60.0
3629,9,2,3181,291,2,2025-04-06,263.21,5.9,Credit Card,495.56,344.26,151.3,30.53
3630,12,100,3225,423,1,2024-12-09,16.69,5.2,Credit Card,15.82,8.21,7.61,48.1
3631,8,109,4270,58,2,2025-01-08,198.43,6.8,Credit Card,369.8,159.38,210.42,56.9
3632,7,62,1776,61,5,2025-06-06,187.04,10.9,Credit Card,832.89,406.35,426.54,51.21
3633,8,85,4942,252,3,2025-08-19,203.77,4.2,Cash,585.48,411.27,174.21,29.76
3634,8,57,928,655,1,2025-07-10,9.84,11.5,Debit Card,8.71,4.33,4.38,50.29
3635,4,31,413,98,5,2024-10-17,65.05,9.0,Cash,296.13,155.5,140.63,47.49
3636,5,40,3632,274,1,2024-12-28,256.48,3.7,Credit Card,247.06,107.35,139.71,56.55
3637,5,40,3667,1250,4,2025-02-05,286.76,8.4,Debit Card,1050.19,605.96,444.23,42.3
3638,8,109,3397,257,1,2025-05-28,240.44,7.8,Cash,221.75,168.8,52.95,23.88
3639,11,44,3427,241,5,2025-11-23,255.9,26.0,Cash,947.08,634.3,312.78,33.03
3640,10,71,3061,293,3,2025-08-21,283.86,32.1,Online,577.81,329.73,248.08,42.93
3641,11,81,3551,578,2,2025-04-08,284.46,27.4,Credit Card,412.78,300.98,111.8,27.08
3642,9,24,3790,152,2,2025-10-17,281.47,10.5,Debit Card,503.58,204.66,298.92,59.36
3643,11,64,2546,168,3,2025-01-02,59.47,27.6,Online,129.12,81.84,47.28,36.62
3644,8,91,3048,79,2,2024-10-27,212.21,3.8,Debit Card,408.12,174.58,233.54,57.22
3645,11,81,1408,1347,5,2025-03-21,200.96,32.3,Online,680.64,635.15,45.49,6.68
3646,2,73,410,24,1,2024-12-20,123.62,3.9,Online,118.86,77.38,41.48,34.9
3647,7,19,3032,231,1,2024-12-02,235.28,3.2,Debit Card,227.74,161.72,66.02,28.99
3648,3,14,127,551,1,2025-01-06,205.55,6.9,Credit Card,191.41,95.32,96.09,50.2
3649,2,35,316,633,3,2025-02-13,192.15,11.7,Debit Card,508.84,319.23,189.61,37.26
3650,2,114,1149,379,1,2025-04-22,95.09,4.5,Online,90.78,65.02,25.76,28.38
3651,10,15,2249,171,1,2025-09-20,187.52,29.0,Online,133.1,82.43,50.67,38.07
3652,2,23,3439,39,2,2025-06-16,185.93,3.1,Cash,360.37,165.06,195.31,54.2
3653,3,53,4420,1297,1,2025-12-05,296.42,3.8,Debit Card,285.08,141.85,143.23,50.24
3654,12,93,856,96,1,2025-02-19,194.43,10.5,Online,173.93,128.91,45.02,25.88
3655,4,56,1887,1227,2,2025-03-22,53.23,6.4,Credit Card,99.62,64.52,35.1,35.23
3656,6,99,4204,113,1,2025-11-27,83.16,11.7,Online,73.42,46.5,26.92,36.67
3657,1,98,1279,36,5,2025-08-19,184.44,23.0,Credit Card,710.34,484.9,225.44,31.74
3658,10,33,3057,42,4,2025-11-12,23.35,23.7,Debit Card,71.24,41.96,29.28,41.1
3659,8,94,1033,180,4,2025-06-15,169.38,8.2,Credit Card,621.65,315.12,306.53,49.31
3660,8,109,1553,76,5,2025-04-15,219.26,9.2,Credit Card,995.73,523.1,472.63,47.47
3661,4,34,1530,242,1,2025-04-14,10.99,7.6,Debit Card,10.16,4.14,6.02,59.25
3662,1,48,51,227,1,2025-09-21,146.82,32.1,Credit Card,99.75,89.56,10.19,10.22
3663,11,81,845,1009,1,2025-10-21,27.1,30.5,Online,18.83,14.61,4.22,22.41
3664,6,96,524,588,1,2025-08-14,266.62,11.4,Online,236.13,93.63,142.5,60.35
3665,7,7,883,596,2,2024-10-11,249.14,10.0,Credit Card,448.31,230.22,218.09,48.65
3666,1,17,2142,296,1,2025-11-05,283.95,29.2,Cash,200.96,122.0,78.96,39.29
3667,8,112,3013,24,3,2025-06-25,293.92,9.6,Credit Card,796.82,449.73,347.09,43.56
3668,4,70,1765,742,4,2025-09-04,249.47,5.2,Cash,946.43,408.36,538.07,56.85
3669,1,118,2957,180,1,2024-12-16,68.04,33.2,Debit Card,45.47,47.62,-2.15,-4.73
3670,9,51,1015,1009,1,2025-04-29,7.74,6.1,Credit Card,7.27,2.98,4.29,59.01
3671,8,91,781,124,1,2025-09-05,160.86,7.2,Debit Card,149.32,96.28,53.04,35.52
3672,9,2,156,511,3,2024-10-21,69.44,7.4,Credit Card,192.96,140.25,52.71,27.32
3673,4,34,4217,312,4,2025-08-08,93.78,11.6,Cash,331.76,175.84,155.92,47.0
3674,8,94,4399,57,1,2024-10-31,275.91,9.7,Cash,249.24,107.8,141.44,56.75
3675,8,85,447,69,1,2025-03-08,67.75,9.9,Online,61.06,34.36,26.7,43.73
3676,10,55,3420,1500,3,2025-08-21,139.25,31.3,Credit Card,287.04,188.85,98.19,34.21
3677,11,44,1405,168,2,2025-03-17,183.48,31.3,Credit Card,251.99,209.16,42.83,17.0
3678,2,26,3154,204,4,2024-10-02,258.98,9.7,Credit Card,935.91,1296.36,-360.45,-38.51
3679,10,16,2302,1067,1,2025-06-24,298.3,32.4,Credit Card,201.6,155.4,46.2,22.92
3680,8,109,1721,394,1,2025-03-29,183.31,7.4,Credit Card,169.76,125.48,44.28,26.08
3681,6,49,2907,538,2,2024-10-24,198.18,5.7,Cash,373.63,238.64,134.99,36.13
3682,3,115,2690,410,5,2025-03-25,147.47,3.5,Online,711.84,270.55,441.29,61.99
3683,8,30,4127,162,4,2025-08-14,287.08,11.7,Online,1013.76,778.68,235.08,23.19
3684,1,86,3799,988,4,2025-09-16,169.85,29.1,Debit Card,482.01,354.56,127.45,26.44
3685,2,103,2073,17,4,2024-10-02,232.48,4.1,Online,892.24,344.0,548.24,61.45
3686,7,62,3107,184,2,2025-05-06,116.51,9.0,Debit Card,212.02,290.92,-78.9,-37.21
3687,12,102,1750,1364,5,2025-06-30,154.54,10.0,Credit Card,695.18,518.75,176.43,25.38
3688,8,85,3874,190,1,2025-08-12,252.23,11.3,Cash,223.77,130.84,92.93,41.53
3689,9,6,2221,9,5,2025-04-01,125.11,7.4,Credit Card,579.38,234.6,344.78,59.51
3690,1,86,535,97,2,2024-11-18,55.45,31.0,Credit Card,76.49,59.1,17.39,22.73
3691,9,24,3946,1333,4,2025-10-11,97.86,10.7,Debit Card,349.55,189.56,159.99,45.77
3692,2,13,2139,1048,2,2024-11-11,98.72,4.9,Credit Card,187.73,136.56,51.17,27.26
3693,8,109,3658,98,1,2025-10-07,91.63,6.8,Credit Card,85.42,65.9,19.52,22.85
3694,12,18,784,1433,5,2024-12-16,168.58,8.4,Credit Card,771.79,1093.35,-321.56,-41.66
3695,7,84,3652,80,2,2025-05-06,64.73,7.8,Credit Card,119.31,70.14,49.17,41.21
3696,6,96,626,1477,1,2025-02-25,48.8,12.0,Online,42.97,30.89,12.08,28.11
3697,6,107,398,1034,2,2025-04-18,122.06,6.4,Credit Card,228.61,136.28,92.33,40.39
3698,3,46,3920,1238,1,2025-10-13,153.34,10.8,Debit Card,136.77,93.18,43.59,31.87
3699,5,40,3183,70,4,2024-12-03,103.83,4.8,Online,395.59,194.0,201.59,50.96
3700,12,36,3923,151,1,2025-09-28,188.77,11.2,Debit Card,167.68,89.6,78.08,46.56
3701,2,13,4474,607,1,2025-09-05,43.58,3.1,Credit Card,42.22,26.82,15.4,36.48
3702,5,20,2691,253,1,2025-01-18,29.56,9.6,Cash,26.73,12.56,14.17,53.01
3703,12,108,2346,146,5,2025-08-27,35.04,7.2,Credit Card,162.58,92.25,70.33,43.26
3704,11,63,1207,587,3,2024-10-28,255.77,22.6,Credit Card,594.09,349.74,244.35,41.13
3705,3,21,4290,839,4,2025-04-21,95.36,11.0,Credit Card,339.29,194.36,144.93,42.72
3706,9,24,1748,143,3,2024-12-12,170.37,9.0,Credit Card,465.17,192.96,272.21,58.52
3707,1,48,2613,43,1,2025-07-19,50.41,30.3,Credit Card,35.13,18.39,16.74,47.65
3708,3,46,4506,288,2,2025-11-15,272.83,8.5,Credit Card,499.24,380.42,118.82,23.8
3709,1,98,4115,199,3,2025-02-11,127.6,32.4,Credit Card,258.62,164.61,94.01,36.35
3710,9,111,4469,1134,5,2024-10-28,135.98,10.4,Credit Card,609.51,333.45,276.06,45.29
3711,11,97,3954,23,1,2025-06-26,87.13,33.2,Credit Card,58.21,51.56,6.65,11.42
3712,5,76,111,414,3,2025-09-30,70.21,6.1,Cash,197.86,74.91,122.95,62.14
3713,7,84,866,24,1,2025-02-04,10.61,4.1,Debit Card,10.17,7.49,2.68,26.35
3714,3,53,2352,57,3,2024-12-26,106.57,3.4,Credit Card,308.74,170.73,138.01,44.7
3715,9,2,1720,185,1,2024-11-16,132.04,10.0,Cash,118.81,80.36,38.45,32.36
3716,1,54,157,115,2,2025-10-30,26.75,23.6,Credit Card,40.85,27.86,12.99,31.8
3717,10,117,1589,81,3,2025-06-04,34.84,34.0,Online,69.0,48.9,20.1,29.13
3718,1,86,1818,880,1,2025-05-01,89.41,29.6,Online,62.92,57.33,5.59,8.88
3719,4,42,2977,117,2,2024-11-08,268.11,9.4,Online,485.55,342.12,143.43,29.54
3720,12,108,1733,183,1,2025-11-12,19.2,10.8,Credit Card,17.13,7.87,9.26,54.06
3721,6,66,3690,1224,4,2025-08-27,38.07,10.3,Credit Card,136.58,77.52,59.06,43.24
3722,9,106,2633,857,1,2024-11-14,126.07,9.2,Debit Card,114.43,76.03,38.4,33.56
3723,9,51,475,263,1,2024-12-29,83.7,4.8,Cash,79.65,54.52,25.13,31.55
3724,2,8,3194,47,1,2024-11-17,272.54,10.5,Debit Card,243.91,117.55,126.36,51.81
3725,5,119,2235,1337,5,2025-07-25,142.02,4.0,Cash,681.79,410.55,271.24,39.78
3726,5,47,1499,628,2,2024-11-28,26.44,5.1,Cash,50.19,36.72,13.47,26.84
3727,2,11,3546,18,4,2025-07-12,70.48,6.0,Cash,264.99,102.16,162.83,61.45
3728,11,44,3301,1347,3,2025-06-11,15.96,25.3,Debit Card,35.79,20.79,15.0,41.91
3729,9,27,3203,36,1,2024-12-07,211.08,11.5,Credit Card,186.81,90.26,96.55,51.68
3730,9,24,3770,309,2,2024-12-21,187.45,8.2,Credit Card,344.28,172.42,171.86,49.92
3731,12,102,917,197,4,2025-10-14,153.98,8.9,Debit Card,561.2,662.2,-101.0,-18.0
3732,4,42,3070,1443,1,2024-11-15,212.83,8.3,Online,195.2,144.0,51.2,26.23
3733,3,53,1637,1270,1,2025-08-10,54.2,3.8,Cash,52.16,24.03,28.13,53.93
3734,5,76,1448,300,3,2025-02-01,125.82,5.7,Online,355.9,209.85,146.05,41.04
3735,5,92,4808,604,1,2025-02-17,119.6,11.3,Debit Card,106.05,78.35,27.7,26.12
3736,7,7,2630,965,1,2025-03-09,296.21,5.1,Credit Card,281.01,121.03,159.98,56.93
3737,8,116,4153,961,3,2025-06-09,35.24,6.7,Cash,98.62,73.95,24.67,25.02
3738,5,92,2694,300,4,2025-09-16,208.8,8.2,Online,766.4,439.52,326.88,42.65
3739,8,94,4471,126,2,2025-06-21,145.55,9.8,Debit Card,262.61,174.3,88.31,33.63
3740,1,54,1723,157,4,2025-09-10,165.01,25.4,Cash,492.26,298.04,194.22,39.45
3741,12,108,3879,497,1,2025-10-18,170.84,7.0,Credit Card,158.88,102.99,55.89,35.18
3742,9,120,3198,564,4,2025-06-24,150.73,9.3,Debit Card,546.91,259.36,287.55,52.58
3743,3,53,1605,186,4,2025-07-09,211.29,8.5,Debit Card,773.4,420.4,353.0,45.64
3744,7,41,3402,1164,1,2024-11-10,274.18,7.6,Debit Card,253.39,103.21,150.18,59.27
3745,2,45,564,201,1,2025-04-06,182.31,8.3,Online,167.17,107.84,59.33,35.49
3746,2,26,1895,596,4,2025-11-07,224.62,6.7,Debit Card,838.63,390.12,448.51,53.48
3747,5,47,3110,105,3,2025-03-25,272.03,7.6,Credit Card,753.97,560.85,193.12,25.61
3748,7,7,3655,177,1,2025-06-30,158.07,7.0,Debit Card,146.94,59.55,87.39,59.47
3749,12,60,2415,274,1,2025-04-09,216.07,12.0,Credit Card,190.18,117.01,73.17,38.47
3750,11,97,1610,19,1,2024-10-10,246.42,30.7,Credit Card,170.85,306.76,-135.91,-79.55
3751,9,52,185,21,1,2024-11-03,280.13,8.9,Credit Card,255.12,167.2,87.92,34.46
3752,3,14,3719,135,4,2025-06-05,155.4,5.2,Online,589.4,346.0,243.4,41.3
3753,11,81,3378,984,1,2025-02-04,217.93,25.5,Debit Card,162.42,105.79,56.63,34.87
3754,3,46,1864,109,1,2025-09-14,103.34,4.7,Credit Card,98.48,70.06,28.42,28.86
3755,4,70,296,1158,1,2025-12-09,262.56,9.8,Credit Card,236.91,154.59,82.32,34.75
3756,11,12,4136,649,1,2025-12-03,71.23,27.0,Credit Card,52.0,37.2,14.8,28.46
3757,8,116,4698,567,4,2025-07-11,34.58,8.9,Credit Card,126.03,80.96,45.07,35.76
3758,2,13,3950,523,1,2024-10-18,264.7,8.1,Cash,243.22,188.11,55.11,22.66
3759,6,78,4348,1429,3,2025-01-04,103.07,6.9,Online,288.01,202.86,85.15,29.56
3760,8,9,3665,402,2,2025-11-24,76.94,6.1,Credit Card,144.54,57.04,87.5,60.54
3761,11,64,1193,448,3,2025-02-10,122.9,32.3,Credit Card,249.59,188.73,60.86,24.38
3762,9,37,185,227,1,2024-12-21,280.13,7.8,Online,258.18,167.2,90.98,35.24
3763,2,35,2087,1117,2,2025-10-17,148.61,3.4,Debit Card,287.04,142.54,144.5,50.34
3764,7,5,4762,29,1,2025-09-01,172.61,9.7,Credit Card,155.95,122.88,33.07,21.21
3765,3,53,2143,173,5,2024-10-03,258.38,9.8,Debit Card,1165.16,607.05,558.11,47.9
3766,12,60,4403,144,2,2025-10-25,20.25,6.8,Cash,37.76,22.34,15.42,40.84
3767,3,46,4679,199,1,2025-09-18,76.54,3.2,Debit Card,74.11,37.89,36.22,48.87
3768,5,40,2106,240,5,2025-08-12,221.01,4.7,Credit Card,1052.91,729.1,323.81,30.75
3769,10,101,4119,1369,2,2025-04-26,94.99,25.7,Debit Card,141.12,86.58,54.54,38.65
3770,8,85,298,1274,2,2025-07-27,186.86,9.8,Credit Card,337.07,171.94,165.13,48.99
3771,5,22,860,334,2,2025-08-18,272.38,3.8,Cash,524.24,390.26,133.98,25.56
3772,8,57,936,10,4,2025-04-12,10.97,9.1,Debit Card,39.91,31.28,8.63,21.62
3773,4,31,702,278,3,2025-09-13,246.78,7.5,Credit Card,684.73,325.56,359.17,52.45
3774,11,64,2829,35,2,2025-08-04,257.02,33.1,Online,343.93,349.54,-5.61,-1.63
3775,7,104,3242,180,4,2025-06-09,63.88,7.4,Debit Card,236.68,174.2,62.48,26.4
3776,5,119,3650,153,5,2025-02-06,58.65,3.6,Credit Card,282.77,104.35,178.42,63.1
3777,10,71,2603,445,4,2025-02-10,138.18,29.9,Cash,387.45,300.2,87.25,22.52
3778,3,21,561,9,1,2024-12-07,26.12,4.1,Online,25.04,11.32,13.72,54.79
3779,5,20,1676,867,4,2025-10-11,62.91,3.2,Credit Card,243.57,129.68,113.89,46.76
3780,9,61,1270,980,2,2025-05-09,257.23,3.2,Credit Card,497.79,349.96,147.83,29.7
3781,7,62,2088,17,2,2025-08-18,159.78,9.4,Credit Card,289.52,125.88,163.64,56.52
3782,8,30,4988,41,1,2025-08-31,157.65,5.2,Credit Card,149.46,105.49,43.97,29.42
3783,9,61,508,1263,1,2025-10-24,39.82,7.8,Debit Card,36.72,22.76,13.96,38.02
3784,1,98,2908,348,2,2025-06-09,39.33,24.0,Debit Card,59.8,46.32,13.48,22.54
3785,7,7,1656,1382,1,2025-02-04,215.19,3.4,Credit Card,207.87,81.45,126.42,60.82
3786,12,18,4096,229,1,2025-03-03,113.28,10.6,Debit Card,101.23,47.44,53.79,53.14
3787,10,33,4228,96,1,2025-11-02,204.28,25.0,Credit Card,153.29,87.29,66.0,43.06
3788,8,91,4188,186,3,2024-11-10,22.17,4.0,Credit Card,63.85,26.88,36.97,57.9
3789,8,57,3626,1287,1,2024-12-14,170.34,7.9,Cash,156.83,73.61,83.22,53.06
3790,9,37,2269,58,1,2024-11-11,222.87,4.4,Credit Card,213.12,239.84,-26.72,-12.54
3791,6,72,2929,1177,5,2025-04-27,221.68,10.0,Debit Card,997.43,714.85,282.58,28.33
3792,7,104,1302,265,1,2025-04-28,294.02,9.0,Online,267.52,194.1,73.42,27.44
3793,8,116,4164,36,1,2025-10-19,295.7,11.5,Debit Card,261.64,160.46,101.18,38.67
3794,9,6,1608,200,5,2025-09-10,71.69,8.1,Credit Card,329.49,234.1,95.39,28.95
3795,2,10,4167,122,1,2025-10-18,177.45,6.5,Debit Card,165.86,127.47,38.39,23.15
3796,4,42,2440,288,5,2025-11-03,116.32,9.3,Debit Card,527.74,325.7,202.04,38.28
3797,4,70,4626,77,1,2025-12-05,25.44,8.4,Credit Card,23.32,11.21,12.11,51.93
3798,4,34,2108,1324,5,2025-09-30,121.39,6.7,Online,566.39,279.75,286.64,50.61
3799,1,58,4553,106,3,2025-03-10,56.22,26.5,Credit Card,123.91,80.73,43.18,34.85
3800,11,12,445,399,3,2025-05-11,213.06,32.8,Online,429.33,361.23,68.1,15.86
3801,2,26,740,994,1,2025-03-14,293.29,7.3,Credit Card,271.89,181.28,90.61,33.33
3802,9,37,543,298,2,2025-12-05,18.57,4.4,Online,35.51,18.2,17.31,48.75
3803,8,85,4559,467,3,2025-03-13,182.04,4.6,Cash,521.25,369.72,151.53,29.07
3804,10,101,3825,205,3,2025-05-24,163.86,28.8,Credit Card,350.09,309.27,40.82,11.66
3805,1,98,1192,51,5,2025-03-23,57.72,22.5,Credit Card,223.54,101.85,121.69,54.44
3806,8,116,202,66,5,2024-11-21,99.79,7.4,Online,462.08,584.9,-122.82,-26.58
3807,12,102,1480,607,2,2025-01-20,202.12,3.6,Credit Card,389.8,448.52,-58.72,-15.06
3808,10,90,3673,892,2,2025-08-24,286.09,30.1,Credit Card,399.87,282.76,117.11,29.29
3809,3,53,3748,1027,1,2025-01-28,222.9,4.5,Debit Card,212.94,141.89,71.05,33.37
3810,4,34,4102,182,2,2024-12-14,38.86,7.2,Credit Card,72.15,28.48,43.67,60.53
3811,8,9,1559,1407,5,2025-10-10,171.19,8.5,Cash,783.4,528.95,254.45,32.48
3812,12,100,4708,425,5,2025-03-03,236.2,3.5,Debit Card,1139.76,842.65,297.11,26.07
3813,8,85,3005,77,5,2024-10-29,127.03,8.0,Debit Card,584.3,287.2,297.1,50.85
3814,11,64,855,34,1,2025-06-15,109.71,24.4,Cash,82.95,64.61,18.34,22.11
3815,3,46,629,273,5,2024-10-24,38.58,4.2,Credit Card,184.76,102.15,82.61,44.71
3816,4,31,1316,724,5,2025-07-01,31.91,11.3,Cash,141.59,59.9,81.69,57.69
3817,3,46,1366,10,5,2025-07-16,180.2,10.4,Credit Card,807.71,604.85,202.86,25.12
3818,8,30,2391,12,5,2025-10-12,225.26,7.8,Credit Card,1038.13,619.45,418.68,40.33
3819,8,116,841,290,1,2025-05-26,76.91,4.1,Credit Card,73.74,39.7,34.04,46.16
3820,8,94,2333,1470,1,2025-05-01,192.08,9.5,Online,173.81,113.45,60.36,34.73
3821,12,36,3518,713,1,2025-09-07,37.42,8.8,Credit Card,34.12,18.94,15.18,44.49
3822,1,58,4517,76,5,2025-11-21,95.49,23.6,Credit Card,364.89,294.05,70.84,19.41
3823,5,76,1189,44,2,2025-03-09,50.59,4.2,Online,96.97,128.86,-31.89,-32.89
3824,1,82,3361,944,1,2025-11-21,78.3,26.3,Cash,57.67,52.24,5.43,9.42
3825,9,6,1778,930,1,2025-03-17,93.58,8.9,Credit Card,85.27,62.05,23.22,27.23
3826,7,5,304,229,4,2025-04-08,249.64,7.2,Online,926.74,554.44,372.3,40.17
3827,1,59,999,18,3,2025-06-27,159.62,31.8,Cash,326.54,323.01,3.53,1.08
3828,9,6,1104,799,5,2025-12-03,213.31,8.1,Credit Card,980.38,532.45,447.93,45.69
3829,6,49,1044,206,1,2025-07-09,188.22,6.8,Debit Card,175.34,95.29,80.05,45.65
3830,12,93,74,950,4,2025-03-04,142.51,4.4,Online,545.19,329.88,215.31,39.49
3831,9,106,8,73,2,2024-10-10,275.57,10.3,Online,494.3,345.68,148.62,30.07
3832,7,95,4952,232,1,2025-09-22,279.42,8.8,Credit Card,254.9,114.17,140.73,55.21
3833,7,95,1940,264,4,2025-10-05,168.44,8.8,Debit Card,614.66,265.12,349.54,56.87
3834,11,97,3725,185,1,2024-12-10,33.53,33.9,Credit Card,22.17,16.89,5.28,23.82
3835,7,84,1421,1470,2,2025-04-27,149.89,9.8,Cash,270.44,211.74,58.7,21.71
3836,8,109,1257,789,2,2024-11-12,249.92,4.9,Online,475.11,273.5,201.61,42.43
3837,1,118,2975,991,3,2025-06-11,193.77,33.4,Cash,387.14,228.87,158.27,40.88
3838,10,87,1807,121,4,2025-11-04,46.18,23.2,Credit Card,141.81,70.96,70.85,49.96
3839,4,34,2383,193,4,2024-10-24,281.1,3.8,Debit Card,1081.49,637.12,444.37,41.09
3840,12,60,1762,56,3,2025-01-19,232.69,7.8,Credit Card,643.67,468.78,174.89,27.17
3841,7,84,47,1495,1,2024-10-21,45.13,9.4,Debit Card,40.89,24.76,16.13,39.45
3842,9,37,4606,129,5,2025-01-01,96.54,10.0,Debit Card,434.37,329.35,105.02,24.18
3843,2,11,3108,51,1,2025-08-02,100.7,6.7,Credit Card,93.94,40.71,53.23,56.66
3844,6,78,2912,103,2,2025-08-31,230.4,3.2,Credit Card,445.94,265.84,180.1,40.39
3845,2,73,1279,286,2,2025-06-13,184.44,9.3,Online,334.51,193.96,140.55,42.02
3846,4,1,3028,168,1,2024-12-31,82.38,5.8,Debit Card,77.59,45.39,32.2,41.5
3847,7,5,2841,82,1,2025-03-29,213.18,5.1,Credit Card,202.22,101.94,100.28,49.59
3848,2,89,3125,235,1,2025-11-06,6.16,10.2,Credit Card,5.53,4.0,1.53,27.67
3849,9,27,1110,512,2,2025-10-27,231.31,6.4,Credit Card,433.03,272.54,160.49,37.06
3850,6,74,4291,495,1,2025-01-26,201.49,7.4,Online,186.53,102.87,83.66,44.85
3851,11,63,1961,8,2,2025-02-14,8.26,27.8,Credit Card,11.93,10.92,1.01,8.47
3852,8,30,1705,767,1,2025-04-05,267.25,11.2,Cash,237.4,144.82,92.58,39.0
3853,9,120,4676,121,5,2025-05-26,218.62,6.8,Credit Card,1018.54,700.8,317.74,31.2
3854,9,24,2002,1267,1,2025-12-02,253.74,6.3,Cash,237.63,113.54,124.09,52.22
3855,3,46,168,70,2,2025-04-16,45.04,4.9,Online,85.64,45.22,40.42,47.2
3856,12,18,3477,200,1,2025-01-06,98.03,7.0,Credit Card,91.18,68.57,22.61,24.8
3857,9,120,4447,157,1,2024-12-06,121.73,7.5,Online,112.64,87.64,25.0,22.19
3858,12,102,1890,246,5,2025-07-01,252.26,9.0,Debit Card,1148.14,486.25,661.89,57.65
3859,4,31,2193,157,5,2024-12-22,170.57,9.6,Debit Card,771.24,570.45,200.79,26.03
3860,8,85,3445,814,1,2025-02-18,148.07,5.1,Cash,140.49,80.63,59.86,42.61
3861,12,36,3828,191,1,2024-11-09,259.44,11.5,Cash,229.62,184.84,44.78,19.5
3862,11,97,2906,176,1,2024-12-08,103.08,26.2,Credit Card,76.07,72.0,4.07,5.35
3863,6,78,2393,1414,3,2024-11-16,156.6,3.9,Debit Card,451.38,196.92,254.46,56.37
3864,1,4,516,202,4,2025-01-11,169.82,23.6,Cash,518.96,455.8,63.16,12.17
3865,12,60,2108,66,5,2025-09-21,121.39,9.3,Cash,550.45,279.75,270.7,49.18
3866,8,109,2812,135,1,2025-07-07,299.63,9.2,Debit Card,271.96,215.62,56.34,20.72
3867,12,108,4060,671,1,2025-03-14,142.12,10.0,Cash,127.85,81.68,46.17,36.11
3868,4,70,3494,131,1,2025-07-27,150.03,8.8,Credit Card,136.89,104.14,32.75,23.92
3869,10,55,3010,542,3,2024-11-15,297.35,24.2,Cash,675.89,497.04,178.85,26.46
3870,1,98,451,1245,4,2024-11-13,22.29,28.4,Cash,63.8,48.36,15.44,24.2
3871,4,70,4765,188,1,2024-12-14,141.89,10.2,Online,127.41,88.3,39.11,30.7
3872,3,21,1638,97,5,2025-08-12,248.76,7.9,Debit Card,1145.19,610.8,534.39,46.66
3873,2,110,2823,651,1,2025-01-14,55.64,4.7,Cash,53.05,23.86,29.19,55.02
3874,10,117,1429,219,4,2025-10-01,89.52,24.9,Cash,268.89,165.0,103.89,38.64
3875,8,112,4302,24,2,2024-12-13,127.35,3.4,Credit Card,245.98,91.0,154.98,63.01
3876,11,64,4212,290,4,2025-10-22,163.79,25.0,Cash,491.47,441.28,50.19,10.21
3877,10,117,2092,291,4,2024-10-17,279.41,29.3,Credit Card,789.69,675.24,114.45,14.49
3878,6,99,1239,546,2,2025-10-06,22.33,11.8,Debit Card,39.37,50.1,-10.73,-27.25
3879,8,30,3636,706,5,2025-03-28,159.76,4.6,Credit Card,761.84,479.0,282.84,37.13
3880,8,112,2659,437,4,2025-06-18,57.57,7.9,Online,212.19,128.2,83.99,39.58
3881,5,113,4701,170,2,2024-11-04,229.97,9.2,Online,417.42,267.32,150.1,35.96
3882,12,60,3891,1007,3,2025-09-25,112.03,3.1,Cash,325.56,204.93,120.63,37.05
3883,2,10,3991,1306,1,2024-12-21,21.74,11.1,Credit Card,19.32,9.23,10.09,52.23
3884,5,119,782,152,1,2025-05-07,233.36,9.3,Debit Card,211.71,98.61,113.1,53.42
3885,6,99,4879,141,1,2024-12-29,79.99,8.6,Credit Card,73.09,30.19,42.9,58.69
3886,11,44,3198,257,1,2025-07-14,150.73,24.0,Credit Card,114.61,64.84,49.77,43.43
3887,8,91,4259,1458,1,2024-12-16,252.77,4.0,Credit Card,242.57,160.52,82.05,33.83
3888,12,100,11,82,1,2025-04-26,158.76,11.6,Credit Card,140.31,56.27,84.04,59.9
3889,10,16,3442,248,3,2025-08-02,226.0,26.7,Credit Card,496.99,253.74,243.25,48.94
3890,2,32,3477,98,2,2025-11-10,98.03,8.2,Debit Card,180.08,137.14,42.94,23.84
3891,7,95,3727,205,1,2025-04-26,93.24,5.3,Online,88.31,55.29,33.02,37.39
3892,9,2,4141,190,3,2025-08-24,111.36,4.0,Debit Card,320.71,212.07,108.64,33.87
3893,10,71,3815,286,2,2025-03-09,259.27,24.7,Cash,390.38,217.42,172.96,44.31
3894,9,37,3592,18,2,2025-11-06,276.39,8.3,Cash,506.99,345.54,161.45,31.84
3895,10,75,4888,922,4,2025-11-21,279.41,26.8,Debit Card,818.08,419.76,398.32,48.69
3896,4,70,3143,629,5,2025-08-16,248.95,4.4,Debit Card,1189.66,652.25,537.41,45.17
3897,10,15,1817,1500,1,2025-03-22,187.07,25.4,Debit Card,139.63,79.25,60.38,43.24
3898,6,77,3953,128,2,2025-10-01,281.48,3.0,Cash,545.92,243.44,302.48,55.41
3899,6,96,3921,1104,1,2025-09-30,125.04,11.8,Credit Card,110.33,58.1,52.23,47.34
3900,7,41,3966,332,1,2025-03-15,271.55,8.7,Cash,247.93,171.59,76.34,30.79
3901,12,93,4447,116,1,2025-03-07,121.73,5.6,Credit Card,114.92,87.64,27.28,23.74
3902,10,101,127,148,5,2025-10-08,205.55,29.6,Credit Card,723.12,476.6,246.52,34.09
3903,7,104,3978,11,5,2025-07-25,75.88,3.8,Cash,364.8,137.15,227.65,62.4
3904,10,33,4343,172,4,2024-10-13,11.33,24.9,Debit Card,34.02,20.2,13.82,40.62
3905,2,23,3179,1199,1,2025-04-23,50.14,5.9,Credit Card,47.18,24.33,22.85,48.43
3906,5,92,4530,38,1,2025-04-14,86.32,11.1,Online,76.71,45.32,31.39,40.92
3907,1,98,3314,1285,5,2025-09-25,176.67,24.8,Debit Card,664.45,389.4,275.05,41.4
3908,2,8,4792,190,5,2025-03-19,55.38,6.8,Online,258.16,120.45,137.71,53.34
3909,6,99,1537,723,1,2025-06-19,274.6,8.6,Debit Card,251.12,153.65,97.47,38.81
3910,5,113,2154,476,1,2025-05-26,10.49,10.0,Credit Card,9.45,3.68,5.77,61.06
3911,8,94,1328,518,5,2025-09-22,44.07,9.0,Debit Card,200.58,146.5,54.08,26.96
3912,12,108,3994,275,2,2024-10-27,151.29,9.1,Credit Card,274.92,212.44,62.48,22.73
3913,1,29,4826,233,1,2024-11-22,42.75,23.2,Credit Card,32.82,23.89,8.93,27.21
3914,9,111,1722,1285,1,2024-10-07,179.78,8.3,Credit Card,164.89,116.49,48.4,29.35
3915,4,34,2322,541,5,2025-03-08,187.39,7.6,Cash,866.02,566.6,299.42,34.57
3916,1,68,2755,344,2,2024-12-27,42.0,23.4,Cash,64.31,39.02,25.29,39.33
3917,12,102,1948,210,1,2025-06-01,125.45,9.4,Debit Card,113.63,51.23,62.4,54.92
3918,11,81,2897,113,2,2025-04-17,226.79,31.9,Debit Card,309.04,213.44,95.6,30.93
3919,5,92,163,1,2,2025-10-04,26.0,10.6,Credit Card,46.47,28.64,17.83,38.37
3920,10,117,3481,1443,3,2025-10-08,275.89,30.9,Credit Card,571.85,556.59,15.26,2.67
3921,9,120,4665,770,2,2025-08-17,167.64,10.9,Credit Card,298.57,214.08,84.49,28.3
3922,7,104,4925,1482,1,2025-01-10,109.69,4.5,Credit Card,104.73,66.3,38.43,36.69
3923,3,14,4438,811,1,2024-10-08,152.0,5.2,Debit Card,144.06,81.51,62.55,43.42
3924,8,91,4306,23,5,2025-08-20,88.64,5.4,Debit Card,419.35,161.15,258.2,61.57
3925,12,36,3979,223,3,2024-10-30,130.91,3.6,Credit Card,378.68,166.71,211.97,55.98
3926,2,23,3834,59,2,2025-10-12,77.1,5.7,Debit Card,145.43,61.1,84.33,57.99
3927,4,1,2617,904,4,2024-11-06,218.73,5.5,Credit Card,826.87,399.08,427.79,51.74
3928,12,18,3499,93,5,2024-12-23,297.78,8.3,Credit Card,1365.21,628.15,737.06,53.99
3929,7,84,1711,473,1,2024-11-14,139.49,8.4,Debit Card,127.8,49.79,78.01,61.04
3930,4,1,298,476,5,2025-01-16,186.86,7.9,Credit Card,860.12,429.85,430.27,50.02
3931,9,27,1412,417,3,2024-11-22,86.76,8.7,Credit Card,237.72,98.76,138.96,58.46
3932,3,88,409,1136,2,2025-06-26,271.38,3.4,Online,524.51,286.32,238.19,45.41
3933,1,118,2850,678,1,2024-11-01,193.26,23.6,Credit Card,147.7,123.5,24.2,16.38
3934,10,90,1592,164,4,2025-10-09,61.42,30.9,Credit Card,169.81,167.0,2.81,1.65
3935,11,97,69,158,1,2025-01-23,201.39,27.5,Online,146.1,96.42,49.68,34.0
3936,2,11,3625,12,1,2024-10-02,262.44,5.5,Cash,248.0,117.56,130.44,52.6
3937,9,6,3745,1225,3,2025-08-29,158.73,5.8,Debit Card,448.64,183.54,265.1,59.09
3938,5,105,3326,52,4,2025-02-13,150.33,9.9,Cash,541.83,278.56,263.27,48.59
3939,11,63,2604,240,1,2025-05-12,113.66,25.9,Debit Card,84.21,74.54,9.67,11.48
3940,5,40,2140,255,2,2025-07-31,166.2,6.4,Credit Card,311.28,125.3,185.98,59.75
3941,12,36,3564,224,1,2025-06-27,294.0,4.7,Online,280.14,113.74,166.4,59.4
3942,5,47,3156,288,2,2025-05-01,295.23,4.8,Online,562.11,335.2,226.91,40.37
3943,12,93,842,688,1,2025-07-16,221.83,3.0,Online,215.1,101.21,113.89,52.95
3944,12,93,158,99,1,2024-11-05,216.17,11.0,Debit Card,192.42,77.35,115.07,59.8
3945,10,87,2663,37,1,2025-05-01,161.74,27.8,Credit Card,116.71,99.77,16.94,14.51
3946,1,68,4191,1073,2,2025-08-11,111.6,24.3,Online,168.93,97.68,71.25,42.18
3947,3,88,3082,248,2,2025-04-16,282.19,3.2,Cash,546.15,224.26,321.89,58.94
3948,12,93,4936,64,1,2025-04-15,118.92,3.9,Cash,114.34,60.05,54.29,47.48
3949,3,115,1749,517,2,2025-03-25,181.25,5.0,Credit Card,344.37,236.4,107.97,31.35
3950,2,35,3285,112,2,2025-07-13,191.77,4.5,Debit Card,366.12,253.18,112.94,30.85
3951,7,19,1195,41,1,2025-11-16,237.71,10.6,Credit Card,212.62,93.74,118.88,55.91
3952,5,105,4910,142,2,2025-01-09,239.73,11.6,Online,424.01,179.46,244.55,57.68
3953,1,98,2271,149,1,2025-11-29,92.25,24.5,Credit Card,69.61,65.93,3.68,5.29
3954,1,29,1435,1106,3,2025-08-28,262.7,28.3,Debit Card,565.18,496.89,68.29,12.08
3955,4,42,861,154,3,2024-11-27,258.81,4.1,Cash,744.29,485.58,258.71,34.76
3956,8,94,1998,841,1,2024-11-10,86.56,8.9,Debit Card,78.82,91.22,-12.4,-15.73
3957,9,25,1035,289,1,2024-10-11,240.97,5.5,Credit Card,227.68,153.24,74.44,32.7
3958,3,115,327,48,2,2025-06-19,192.84,3.5,Online,372.15,192.42,179.73,48.3
3959,8,57,2619,79,2,2025-02-25,163.85,8.1,Debit Card,301.28,182.94,118.34,39.28
3960,8,80,4179,41,4,2024-12-30,95.95,5.4,Debit Card,363.08,204.76,158.32,43.6
3961,7,62,815,201,2,2025-11-17,259.91,5.9,Online,489.31,217.38,271.93,55.57
3962,12,108,112,1410,1,2025-08-25,218.42,8.4,Cash,200.17,146.05,54.12,27.04
3963,11,97,2729,91,2,2025-06-13,153.08,30.7,Online,212.17,170.98,41.19,19.41
3964,1,82,4491,172,3,2025-05-20,5.44,31.5,Cash,11.18,7.41,3.77,33.72
3965,11,97,3235,961,4,2025-03-25,261.87,33.4,Cash,697.34,413.56,283.78,40.69
3966,11,12,4748,1128,2,2025-08-23,219.49,25.8,Debit Card,325.79,263.7,62.09,19.06
3967,7,104,3710,707,2,2025-09-06,28.9,5.4,Credit Card,54.67,28.76,25.91,47.39
3968,4,70,1634,234,1,2025-04-28,108.33,7.7,Cash,99.95,59.01,40.94,40.96
3969,1,86,2098,447,5,2025-10-17,68.15,26.8,Cash,249.34,216.75,32.59,13.07
3970,11,12,2739,226,3,2024-10-15,150.5,31.7,Cash,308.24,296.58,11.66,3.78
3971,8,80,1913,1046,4,2024-10-02,70.34,10.0,Credit Card,253.34,145.36,107.98,42.62
3972,3,46,2212,205,1,2025-01-05,219.35,8.0,Cash,201.75,107.55,94.2,46.69
3973,10,117,2846,954,1,2025-01-22,145.62,27.3,Cash,105.9,86.19,19.71,18.61
3974,4,1,425,293,5,2025-06-12,259.35,9.1,Debit Card,1178.92,661.6,517.32,43.88
3975,1,98,3682,261,2,2025-08-05,42.37,32.4,Debit Card,57.26,44.48,12.78,22.32
3976,8,112,4023,470,2,2025-04-01,212.47,5.8,Credit Card,400.29,242.12,158.17,39.51
3977,8,30,3791,147,1,2025-11-01,108.58,7.8,Cash,100.09,61.98,38.11,38.08
3978,7,5,3962,197,2,2025-03-21,207.87,9.1,Debit Card,378.04,245.58,132.46,35.04
3979,3,88,3464,916,4,2025-04-04,229.39,5.4,Debit Card,868.36,618.64,249.72,28.76
3980,2,43,1843,192,4,2025-02-22,244.19,4.6,Credit Card,931.6,489.08,442.52,47.5
3981,4,56,2407,461,2,2025-03-18,40.4,9.7,Debit Card,72.99,44.62,28.37,38.87
3982,2,69,490,491,5,2024-10-25,25.1,6.7,Online,117.12,68.6,48.52,41.43
3983,1,58,4401,1110,1,2025-08-21,288.3,27.2,Credit Card,209.99,148.19,61.8,29.43
3984,12,18,1097,222,2,2025-02-19,232.12,8.3,Online,425.48,251.7,173.78,40.84
3985,9,6,1242,1208,5,2025-10-08,179.04,6.5,Cash,836.58,611.65,224.93,26.89
3986,5,105,2675,1480,3,2025-09-30,33.31,8.6,Debit Card,91.36,62.76,28.6,31.3
3987,3,46,678,85,1,2025-07-12,176.5,10.0,Credit Card,158.78,64.3,94.48,59.5
3988,3,53,2910,647,4,2025-03-29,293.09,3.2,Cash,1135.07,808.56,326.51,28.77
3989,11,64,3726,596,1,2025-07-13,94.45,24.2,Online,71.59,38.26,33.33,46.56
3990,9,65,522,229,2,2024-10-12,82.44,6.2,Debit Card,154.72,106.26,48.46,31.32
3991,1,59,3756,152,5,2025-05-07,128.73,23.9,Credit Card,489.84,393.9,95.94,19.59
3992,1,3,1433,14,5,2025-05-11,101.94,31.5,Debit Card,349.35,311.4,37.95,10.86
3993,3,115,2516,409,1,2025-01-19,242.08,8.9,Credit Card,220.59,105.84,114.75,52.02
3994,11,63,587,158,1,2025-02-02,236.77,28.5,Debit Card,169.32,132.26,37.06,21.89
3995,5,105,51,277,1,2025-06-22,146.82,7.0,Cash,136.6,89.56,47.04,34.44
3996,12,93,4386,62,1,2024-10-26,130.06,9.0,Credit Card,118.39,57.19,61.2,51.69
3997,1,98,68,23,1,2025-10-09,246.76,29.1,Cash,174.87,88.3,86.57,49.51
3998,5,22,3253,908,2,2024-10-27,57.77,10.7,Online,103.14,69.72,33.42,32.4
3999,5,40,3892,62,1,2024-10-15,251.04,9.4,Credit Card,227.38,129.75,97.63,42.94
4000,6,74,2972,69,2,2025-06-27,120.91,4.2,Credit Card,231.65,91.5,140.15,60.5
4001,8,9,330,286,5,2025-06-15,65.63,10.5,Online,293.54,170.15,123.39,42.04
4002,1,59,2264,694,1,2025-07-29,70.75,29.1,Online,50.2,46.11,4.09,8.15
4003,12,108,1414,4,4,2025-08-22,149.86,9.9,Debit Card,540.36,687.44,-147.08,-27.22
4004,9,61,4389,222,2,2025-10-02,119.29,3.5,Debit Card,230.23,162.84,67.39,29.27
4005,11,63,4362,394,1,2025-02-01,108.42,28.5,Online,77.55,51.39,26.16,33.73
4006,9,106,4324,715,2,2025-09-01,163.37,9.5,Online,295.65,357.3,-61.65,-20.85
4007,1,48,1193,1344,2,2024-12-12,122.9,22.3,Online,190.87,125.82,65.05,34.08
4008,6,66,3337,9,2,2025-01-16,69.86,6.6,Cash,130.47,83.38,47.09,36.09
4009,10,71,41,1196,4,2025-01-23,175.14,26.6,Debit Card,513.9,377.92,135.98,26.46
4010,6,77,3438,1401,1,2025-09-01,158.96,10.8,Online,141.73,55.85,85.88,60.59
4011,8,30,4210,1098,3,2025-12-02,241.24,10.6,Credit Card,647.21,515.97,131.24,20.28
4012,8,91,1728,1347,1,2025-05-02,109.81,7.9,Credit Card,101.14,136.28,-35.14,-34.74
4013,2,103,663,60,4,2024-10-19,102.2,5.4,Online,386.73,209.2,177.53,45.91
4014,12,93,2689,1477,5,2025-01-28,19.82,5.8,Debit Card,93.37,62.25,31.12,33.33
4015,9,37,614,796,3,2024-12-11,50.49,7.4,Credit Card,140.26,93.06,47.2,33.65
4016,10,90,1446,35,5,2024-11-13,12.5,28.7,Debit Card,44.54,34.85,9.69,21.76
4017,1,48,891,537,1,2025-07-28,141.39,32.9,Online,94.86,75.37,19.49,20.55
4018,5,92,1796,610,2,2025-10-17,247.45,6.3,Cash,463.84,301.82,162.02,34.93
4019,10,71,32,389,3,2025-05-01,119.5,25.2,Cash,268.08,187.71,80.37,29.98
4020,2,23,3228,1125,4,2024-12-06,144.66,11.7,Debit Card,511.19,315.84,195.35,38.21
4021,10,15,3227,747,1,2025-04-25,95.93,23.7,Debit Card,73.23,66.87,6.36,8.68
4022,1,4,1288,81,5,2024-12-05,202.49,28.5,Debit Card,723.65,397.95,325.7,45.01
4023,7,5,1047,126,3,2024-10-22,244.81,8.4,Credit Card,672.45,286.44,386.01,57.4
4024,9,106,4512,232,4,2025-02-22,294.31,7.5,Online,1088.46,597.92,490.54,45.07
4025,2,32,4739,198,2,2025-04-04,20.8,3.4,Debit Card,40.19,22.12,18.07,44.96
4026,8,80,4652,489,1,2025-09-01,271.26,5.9,Credit Card,255.37,135.58,119.79,46.91
4027,5,20,4790,69,1,2025-03-24,239.56,7.0,Debit Card,222.88,152.93,69.95,31.38
4028,6,99,326,178,4,2025-09-29,40.44,7.4,Debit Card,149.81,201.96,-52.15,-34.81
4029,10,15,4095,122,2,2025-10-16,85.36,25.7,Online,126.83,100.26,26.57,20.95
4030,12,93,3505,147,1,2025-02-19,286.02,5.7,Online,269.59,202.36,67.23,24.94
4031,7,5,4539,633,4,2025-10-04,142.39,3.5,Debit Card,549.44,403.4,146.04,26.58
4032,4,31,4057,41,1,2024-11-10,65.21,4.1,Cash,62.55,35.56,26.99,43.15
4033,3,14,1597,1163,4,2025-08-07,182.13,6.2,Debit Card,683.55,480.96,202.59,29.64
4034,2,11,1491,424,4,2025-02-26,45.0,10.0,Debit Card,161.99,121.6,40.39,24.93
4035,11,12,1357,206,1,2025-07-14,230.1,30.2,Cash,160.51,99.18,61.33,38.21
4036,1,4,1065,243,1,2025-07-15,56.29,29.0,Credit Card,39.96,35.18,4.78,11.96
4037,4,70,2462,595,3,2025-01-28,15.65,11.3,Cash,41.66,25.92,15.74,37.78
4038,6,77,1450,693,2,2024-10-09,214.59,4.1,Credit Card,411.64,212.54,199.1,48.37
4039,3,21,1316,915,3,2024-11-06,31.91,7.7,Credit Card,88.31,35.94,52.37,59.3
4040,3,88,1607,132,1,2025-05-28,222.78,8.6,Cash,203.57,102.15,101.42,49.82
4041,10,55,3539,1074,4,2025-06-22,185.94,29.2,Debit Card,526.66,454.08,72.58,13.78
4042,8,57,4174,992,1,2025-07-04,230.52,7.1,Debit Card,214.21,100.56,113.65,53.06
4043,5,105,1818,1066,2,2025-08-08,89.41,3.8,Online,172.1,114.66,57.44,33.38
4044,2,43,2215,41,5,2025-06-21,194.04,3.5,Online,935.97,431.85,504.12,53.86
4045,10,75,1852,72,2,2025-07-07,178.15,28.9,Debit Card,253.46,255.04,-1.58,-0.62
4046,9,111,1308,375,1,2024-12-19,256.12,8.9,Debit Card,233.32,171.2,62.12,26.62
4047,12,18,2220,1359,5,2025-01-03,148.62,3.9,Cash,714.06,348.8,365.26,51.15
4048,1,17,1298,55,1,2025-11-08,22.75,33.7,Credit Card,15.09,14.16,0.93,6.16
4049,6,74,3614,717,1,2025-06-18,84.75,11.3,Online,75.21,48.77,26.44,35.15
4050,5,92,2278,69,2,2025-12-08,191.29,4.5,Online,365.33,191.12,174.21,47.69
4051,3,46,2815,1352,5,2025-09-30,46.14,7.3,Cash,213.96,148.45,65.51,30.62
4052,12,93,1222,901,1,2025-10-21,176.35,9.6,Debit Card,159.48,63.75,95.73,60.03
4053,1,79,1478,145,4,2024-11-27,172.91,29.4,Debit Card,488.18,418.52,69.66,14.27
4054,1,68,131,24,1,2025-09-17,10.49,28.3,Cash,7.52,5.11,2.41,32.05
4055,5,76,3591,219,2,2025-05-05,124.83,10.0,Debit Card,224.69,105.76,118.93,52.93
4056,7,95,4642,263,3,2025-09-20,293.74,9.6,Debit Card,796.99,544.2,252.79,31.72
4057,8,80,1089,264,3,2025-03-07,174.13,11.8,Credit Card,460.64,191.73,268.91,58.38
4058,3,88,667,1056,2,2024-10-15,147.63,8.5,Online,270.29,326.1,-55.81,-20.65
4059,7,104,1103,1443,1,2025-10-21,13.51,5.8,Online,12.73,8.81,3.92,30.79
4060,8,57,2091,216,1,2025-09-14,140.78,4.2,Online,134.91,71.74,63.17,46.82
4061,3,53,4829,82,1,2025-06-13,248.57,3.9,Cash,238.9,146.53,92.37,38.66
4062,12,108,3444,189,1,2025-01-30,258.4,8.7,Credit Card,235.81,142.41,93.4,39.61
4063,12,36,2167,637,2,2025-07-05,67.63,6.1,Credit Card,126.95,75.04,51.91,40.89
4064,10,101,2856,292,4,2025-04-16,190.23,22.3,Debit Card,591.23,499.6,91.63,15.5
4065,8,116,2078,44,5,2025-01-01,213.58,4.1,Cash,1023.89,624.35,399.54,39.02
4066,5,92,613,105,2,2025-08-14,197.12,11.7,Debit Card,348.21,182.24,165.97,47.66
4067,12,100,1969,581,4,2024-12-20,129.69,3.5,Credit Card,500.4,201.4,299.0,59.75
4068,5,119,4951,595,3,2025-05-12,168.36,10.0,Credit Card,454.39,530.37,-75.98,-16.72
4069,8,9,4907,328,1,2024-12-21,217.45,10.0,Online,195.7,244.88,-49.18,-25.13
4070,6,99,2694,148,1,2025-03-02,208.8,8.5,Credit Card,191.01,109.88,81.13,42.47
4071,6,78,4402,82,1,2024-10-18,224.79,11.9,Debit Card,197.97,83.5,114.47,57.82
4072,12,93,3118,115,1,2025-05-22,247.64,3.0,Cash,240.11,121.18,118.93,49.53
4073,6,78,4382,923,1,2025-03-23,188.98,7.2,Cash,175.4,73.6,101.8,58.04
4074,10,117,888,245,1,2025-04-21,299.94,23.5,Online,229.59,179.11,50.48,21.99
4075,1,68,2334,176,1,2025-08-15,13.67,32.3,Online,9.25,5.39,3.86,41.73
4076,1,59,769,68,2,2025-03-31,153.19,33.5,Cash,203.82,161.84,41.98,20.6
4077,3,88,1437,197,5,2025-10-16,268.15,7.0,Credit Card,1246.66,1610.2,-363.54,-29.16
4078,2,23,3801,209,4,2024-10-27,220.65,3.3,Cash,853.1,586.4,266.7,31.26
4079,9,24,3807,1159,5,2025-07-27,121.77,7.1,Debit Card,565.75,402.9,162.85,28.78
4080,2,110,3471,1321,1,2025-04-08,27.97,9.0,Debit Card,25.45,15.79,9.66,37.96
4081,4,31,3217,1019,1,2024-12-14,193.82,10.9,Credit Card,172.67,128.8,43.87,25.41
4082,11,64,4409,195,3,2025-05-20,124.27,22.4,Cash,289.12,170.13,118.99,41.16
4083,7,104,4687,280,3,2024-10-29,232.09,6.2,Debit Card,653.24,288.24,365.0,55.88
4084,10,117,2716,1024,2,2025-05-12,97.71,23.3,Credit Card,149.88,92.06,57.82,38.58
4085,12,102,1242,26,5,2024-10-04,179.04,10.9,Online,797.51,611.65,185.86,23.31
4086,7,104,3924,267,5,2025-08-21,79.29,11.7,Debit Card,349.96,229.65,120.31,34.38
4087,12,36,3615,200,2,2025-08-12,290.56,7.0,Debit Card,540.7,213.78,326.92,60.46
4088,11,64,2355,191,1,2025-08-24,200.63,32.4,Credit Card,135.69,101.44,34.25,25.24
4089,6,49,2420,176,5,2025-06-11,187.29,5.3,Online,886.41,474.8,411.61,46.44
4090,5,20,334,422,1,2024-10-23,277.83,9.9,Debit Card,250.31,120.59,129.72,51.82
4091,6,96,2333,209,2,2024-11-07,192.08,10.2,Debit Card,344.99,226.9,118.09,34.23
4092,3,14,3086,162,1,2025-08-14,85.65,10.7,Debit Card,76.5,31.63,44.87,58.65
4093,7,62,4052,284,1,2025-10-31,23.79,10.3,Cash,21.34,16.22,5.12,23.99
4094,6,74,3625,187,2,2025-05-01,262.44,10.1,Debit Card,471.99,235.12,236.87,50.19
4095,4,34,2723,18,2,2024-10-22,76.03,9.1,Credit Card,138.15,85.3,52.85,38.26
4096,2,8,2821,209,5,2025-09-17,125.34,4.0,Credit Card,601.64,740.8,-139.16,-23.13
4097,1,58,1984,99,1,2024-11-27,236.49,24.6,Debit Card,178.41,275.25,-96.84,-54.28
4098,9,24,4047,50,1,2024-12-31,167.46,5.2,Online,158.71,110.71,48.0,30.24
4099,8,116,1336,1118,2,2025-04-07,80.03,6.9,Online,149.02,91.36,57.66,38.69
4100,4,42,1799,576,1,2025-02-23,138.19,11.2,Online,122.64,146.98,-24.34,-19.85
4101,10,38,1804,191,5,2025-10-08,271.91,22.7,Debit Card,1050.26,648.3,401.96,38.27
4102,11,12,1760,1456,1,2025-04-13,186.34,32.4,Cash,126.05,75.65,50.4,39.98
4103,1,3,4885,184,3,2025-05-10,194.55,31.3,Cash,400.93,330.87,70.06,17.47
4104,4,42,4132,123,4,2025-08-29,28.05,10.7,Credit Card,100.23,60.88,39.35,39.26
4105,5,92,4641,237,1,2025-08-17,124.63,6.4,Online,116.68,152.64,-35.96,-30.82
4106,1,79,3716,1337,1,2025-07-18,105.11,29.5,Credit Card,74.11,61.34,12.77,17.23
4107,9,111,4531,492,2,2025-03-16,100.41,10.0,Debit Card,180.78,218.86,-38.08,-21.06
4108,7,104,4809,692,5,2025-03-03,243.37,4.3,Debit Card,1164.94,793.45,371.49,31.89
4109,12,102,3623,83,3,2024-10-17,93.15,4.1,Online,268.0,157.5,110.5,41.23
4110,7,62,4551,21,5,2025-08-02,181.25,8.6,Cash,828.75,433.65,395.1,47.67
4111,12,102,4370,269,1,2025-03-09,241.1,8.1,Cash,221.52,102.82,118.7,53.58
4112,1,29,3131,166,2,2025-07-05,279.22,23.1,Debit Card,429.72,339.4,90.32,21.02
4113,12,102,3709,22,1,2025-01-20,134.43,4.9,Cash,127.88,89.93,37.95,29.68
4114,9,106,3871,1189,5,2025-07-22,284.6,3.9,Online,1367.05,911.9,455.15,33.29
4115,10,16,4580,13,5,2024-12-28,106.55,29.6,Credit Card,375.19,359.15,16.04,4.28
4116,8,80,4035,7,3,2025-05-28,212.58,9.6,Credit Card,576.38,372.93,203.45,35.3
4117,6,74,53,150,5,2025-11-20,108.49,11.1,Online,482.22,238.7,243.52,50.5
4118,4,31,3126,249,1,2025-05-04,66.37,8.1,Debit Card,61.02,29.02,32.0,52.44
4119,6,77,830,226,4,2025-10-11,160.26,8.8,Credit Card,584.55,348.32,236.23,40.41
4120,11,12,2196,180,5,2025-08-11,257.01,24.4,Debit Card,971.2,818.85,152.35,15.69
4121,4,34,4377,1092,4,2025-02-13,72.14,3.1,Credit Card,279.5,183.8,95.7,34.24
4122,2,11,4446,149,4,2024-11-13,218.75,4.4,Credit Card,836.47,320.12,516.35,61.73
4123,9,25,2739,459,1,2025-06-02,150.5,7.2,Debit Card,139.62,98.86,40.76,29.19
4124,10,33,2965,200,2,2024-10-30,39.11,31.4,Credit Card,53.62,28.9,24.72,46.1
4125,2,10,382,195,2,2025-08-29,229.5,5.4,Debit Card,434.41,304.58,129.83,29.89
4126,7,62,3248,1299,5,2025-11-11,164.73,6.5,Cash,770.2,414.55,355.65,46.18
4127,12,102,3835,593,2,2025-10-14,132.49,9.4,Credit Card,240.19,106.02,134.17,55.86
4128,3,53,4835,270,3,2025-06-02,134.04,4.2,Cash,385.28,172.8,212.48,55.15
4129,11,12,3427,88,1,2025-06-06,255.9,30.0,Online,179.08,126.86,52.22,29.16
4130,4,31,400,69,1,2024-12-16,124.17,3.5,Cash,119.87,46.79,73.08,60.97
4131,3,14,1879,97,1,2024-10-30,89.26,7.0,Cash,82.99,45.91,37.08,44.68
4132,3,46,956,381,2,2024-12-09,246.49,3.9,Credit Card,473.81,304.18,169.63,35.8
4133,6,96,1227,29,5,2025-09-15,73.42,7.5,Cash,339.63,131.1,208.53,61.4
4134,11,81,1676,233,3,2025-01-06,62.91,30.6,Online,130.89,97.26,33.63,25.69
4135,6,107,197,230,2,2025-05-27,29.22,6.4,Cash,54.69,31.38,23.31,42.62
4136,2,8,3561,1254,2,2025-11-05,20.63,10.3,Debit Card,37.01,24.42,12.59,34.02
4137,1,3,1190,185,3,2025-03-31,236.39,27.3,Debit Card,515.68,447.99,67.69,13.13
4138,6,99,3606,1190,5,2025-11-07,240.42,5.4,Credit Card,1136.64,533.0,603.64,53.11
4139,1,98,3153,346,4,2024-10-31,118.25,26.6,Cash,347.3,498.96,-151.66,-43.67
4140,12,18,3821,196,5,2025-09-28,256.33,7.7,Credit Card,1183.13,767.15,415.98,35.16
4141,6,107,1323,264,1,2025-03-02,259.33,11.8,Debit Card,228.78,135.2,93.58,40.9
4142,10,90,1227,48,1,2025-09-18,73.42,25.4,Credit Card,54.78,26.22,28.56,52.14
4143,6,78,583,1169,5,2025-07-21,178.69,10.4,Debit Card,800.29,423.35,376.94,47.1
4144,1,54,4201,395,2,2025-06-08,155.8,33.4,Credit Card,207.63,212.18,-4.55,-2.19
4145,5,76,2720,218,1,2025-08-02,163.14,5.3,Credit Card,154.56,98.44,56.12,36.31
4146,4,31,2704,828,1,2025-07-20,40.05,3.3,Credit Card,38.74,14.85,23.89,61.67
4147,6,74,4826,203,1,2025-06-06,42.75,7.9,Online,39.36,23.89,15.47,39.3
4148,8,109,1705,231,2,2025-10-01,267.25,7.3,Debit Card,495.71,289.64,206.07,41.57
4149,1,17,2230,212,4,2025-03-12,277.55,23.3,Credit Card,851.22,665.44,185.78,21.83
4150,2,45,341,1490,1,2025-01-04,287.43,4.0,Credit Card,275.89,150.62,125.27,45.41
4151,2,28,1356,811,1,2025-02-05,269.39,10.5,Cash,241.18,108.15,133.03,55.16
4152,9,37,1417,1287,4,2024-12-14,232.01,3.6,Debit Card,894.17,479.0,415.17,46.43
4153,6,99,943,190,2,2025-05-04,270.03,10.6,Debit Card,482.8,374.0,108.8,22.54
4154,10,55,3773,246,1,2025-09-19,217.48,27.0,Debit Card,158.78,142.05,16.73,10.54
4155,9,6,3195,101,5,2025-03-07,33.32,3.8,Debit Card,160.23,98.4,61.83,38.59
4156,4,56,1163,6,1,2025-02-20,276.57,3.3,Online,267.5,134.9,132.6,49.57
4157,9,25,1163,98,1,2024-12-14,276.57,10.2,Debit Card,248.41,134.9,113.51,45.69
4158,9,24,3537,1287,3,2025-09-05,12.2,5.9,Debit Card,34.46,17.52,16.94,49.16
4159,1,50,113,229,5,2025-05-04,281.07,31.5,Debit Card,962.43,1533.45,-571.02,-59.33
4160,9,27,3554,66,2,2024-12-13,110.72,11.9,Cash,195.12,96.38,98.74,50.6
4161,5,40,1944,227,1,2025-11-27,247.09,10.2,Cash,221.84,94.52,127.32,57.39
4162,10,117,4714,879,1,2025-09-20,244.58,29.3,Debit Card,173.03,99.44,73.59,42.53
4163,10,55,3576,251,2,2025-07-25,15.56,33.0,Debit Card,20.86,11.22,9.64,46.21
4164,11,81,4384,1311,3,2025-01-03,173.26,31.0,Credit Card,358.53,298.41,60.12,16.77
4165,7,41,615,1196,1,2024-10-27,26.24,4.4,Online,25.09,9.72,15.37,61.26
4166,5,105,922,237,3,2025-10-24,46.05,6.6,Cash,128.98,97.89,31.09,24.1
4167,2,8,4498,42,1,2025-09-19,22.2,11.5,Credit Card,19.65,14.69,4.96,25.24
4168,5,40,1740,614,1,2025-10-17,107.12,3.3,Online,103.59,67.4,36.19,34.94
4169,1,48,3818,179,4,2024-12-14,182.18,28.1,Online,523.6,475.28,48.32,9.23
4170,1,86,1115,858,4,2025-11-17,62.8,31.9,Cash,171.09,171.76,-0.67,-0.39
4171,2,10,3445,155,1,2025-09-12,148.07,3.3,Cash,143.2,80.63,62.57,43.69
4172,4,1,2658,166,1,2025-08-08,188.73,4.6,Cash,180.04,108.16,71.88,39.92
4173,10,87,3393,272,1,2025-03-20,137.05,32.9,Credit Card,91.9,83.16,8.74,9.51
4174,12,108,847,13,2,2025-04-26,232.34,10.3,Credit Card,416.65,233.34,183.31,44.0
4175,9,2,2859,85,1,2025-08-31,43.49,10.5,Online,38.94,24.18,14.76,37.9
4176,6,74,667,1055,2,2025-11-01,147.63,7.9,Cash,271.81,326.1,-54.29,-19.97
4177,11,64,3267,1370,1,2025-05-13,290.08,29.5,Credit Card,204.65,120.25,84.4,41.24
4178,9,6,4219,97,1,2025-10-24,6.09,10.4,Cash,5.46,3.47,1.99,36.45
4179,5,20,1024,818,1,2025-09-15,177.83,7.3,Debit Card,164.92,103.72,61.2,37.11
4180,9,2,502,56,5,2025-10-05,38.66,9.4,Debit Card,175.07,91.25,83.82,47.88
4181,1,68,4731,237,5,2025-12-08,294.77,24.7,Credit Card,1109.25,650.95,458.3,41.32
4182,1,68,831,255,2,2025-08-01,188.91,30.6,Credit Card,262.15,209.12,53.03,20.23
4183,6,77,4275,282,2,2025-09-11,5.88,5.0,Credit Card,11.17,8.38,2.79,24.98
4184,2,43,733,181,5,2025-04-19,247.78,10.5,Cash,1108.86,442.1,666.76,60.13
4185,7,5,1865,1069,4,2024-12-08,236.52,7.4,Debit Card,875.86,427.4,448.46,51.2
4186,9,120,1295,152,1,2025-01-07,230.7,3.3,Debit Card,223.12,165.05,58.07,26.03
4187,7,84,3457,243,1,2025-01-11,254.16,11.6,Credit Card,224.59,138.53,86.06,38.32
4188,9,25,2597,97,4,2025-04-01,294.03,8.6,Cash,1075.41,477.8,597.61,55.57
4189,4,42,4618,287,1,2025-08-11,169.21,6.6,Credit Card,158.05,71.25,86.8,54.92
4190,7,41,4770,99,1,2025-05-20,71.43,11.1,Credit Card,63.5,35.17,28.33,44.61
4191,11,81,4841,121,3,2025-10-20,234.24,23.0,Credit Card,541.27,478.05,63.22,11.68
4192,10,16,4811,219,5,2025-09-24,252.17,28.2,Credit Card,904.69,825.6,79.09,8.74
4193,1,17,688,139,4,2025-04-13,190.29,23.0,Online,585.76,272.72,313.04,53.44
4194,10,67,1974,21,1,2025-10-28,207.46,22.4,Cash,160.9,128.18,32.72,20.34
4195,6,107,3694,890,5,2025-07-09,179.33,10.4,Online,803.74,609.2,194.54,24.2
4196,9,27,2628,961,5,2025-08-18,89.92,5.4,Debit Card,425.37,319.9,105.47,24.79
4197,6,77,3914,1203,3,2024-12-31,151.18,5.6,Credit Card,428.05,282.09,145.96,34.1
4198,12,18,2288,1440,1,2025-02-25,10.71,8.3,Online,9.82,4.98,4.84,49.29
4199,7,95,650,57,1,2025-09-11,187.93,3.7,Credit Card,181.04,101.41,79.63,43.98
4200,10,71,2674,138,1,2025-06-27,142.33,25.3,Cash,106.33,82.35,23.98,22.55
4201,1,82,628,392,1,2025-10-21,153.9,31.7,Cash,105.15,77.75,27.4,26.06
4202,4,56,2417,1130,2,2025-10-13,15.38,11.6,Online,27.19,18.18,9.01,33.14
4203,11,81,3818,82,4,2025-10-07,182.18,30.2,Credit Card,508.67,475.28,33.39,6.56
4204,7,104,3177,242,2,2024-10-21,220.44,11.5,Cash,390.31,224.62,165.69,42.45
4205,6,77,2507,1437,1,2024-10-19,74.62,4.0,Debit Card,71.62,50.71,20.91,29.2
4206,9,111,4007,166,1,2025-12-04,100.68,6.6,Online,94.03,60.97,33.06,35.16
4207,4,42,425,246,2,2024-10-15,259.35,8.8,Online,472.82,264.64,208.18,44.03
4208,11,81,4491,582,1,2025-07-15,5.44,23.0,Debit Card,4.19,2.47,1.72,41.05
4209,11,63,1072,211,2,2025-03-13,101.96,26.4,Cash,150.07,104.56,45.51,30.33
4210,3,21,3194,653,2,2025-07-18,272.54,11.9,Debit Card,480.02,235.1,244.92,51.02
4211,1,68,3016,74,2,2025-02-14,265.68,31.1,Credit Card,365.89,208.1,157.79,43.12
4212,12,93,3833,116,2,2025-09-19,88.08,11.8,Debit Card,155.37,115.82,39.55,25.46
4213,8,57,2361,194,2,2025-03-02,268.45,3.5,Online,518.14,220.76,297.38,57.39
4214,1,50,3496,1452,5,2025-11-29,43.54,26.1,Credit Card,160.91,102.0,58.91,36.61
4215,5,40,2300,175,3,2025-07-27,136.2,10.7,Credit Card,364.75,272.61,92.14,25.26
4216,2,110,3901,1247,1,2025-04-20,254.57,10.9,Credit Card,226.91,99.32,127.59,56.23
4217,12,18,2100,1125,2,2024-11-18,124.92,7.4,Debit Card,231.39,152.8,78.59,33.96
4218,6,77,3740,768,5,2025-04-01,184.87,3.1,Credit Card,895.66,584.65,311.01,34.72
4219,8,116,4339,186,2,2025-02-20,116.58,9.9,Debit Card,210.04,258.14,-48.1,-22.9
4220,4,70,4173,166,3,2025-10-02,238.89,11.4,Credit Card,634.62,461.04,173.58,27.35
4221,1,118,2346,420,3,2025-04-12,35.04,33.4,Cash,70.03,55.35,14.68,20.96
4222,12,18,4430,117,1,2025-05-18,241.28,3.4,Credit Card,233.09,159.12,73.97,31.73
4223,7,41,354,181,2,2025-04-08,158.84,10.0,Cash,286.03,151.88,134.15,46.9
4224,5,47,3081,946,1,2024-10-26,278.13,10.0,Credit Card,250.29,180.68,69.61,27.81
4225,2,11,2311,106,2,2025-11-30,104.83,4.9,Debit Card,199.4,123.14,76.26,38.24
4226,12,108,36,985,4,2025-07-18,169.87,9.5,Online,615.22,399.4,215.82,35.08
4227,6,78,1806,277,3,2025-12-03,211.89,10.9,Credit Card,566.08,356.67,209.41,36.99
4228,6,99,4682,256,3,2024-11-01,132.6,5.3,Credit Card,376.64,231.18,145.46,38.62
4229,5,113,755,341,1,2025-04-08,46.13,7.0,Debit Card,42.89,32.33,10.56,24.62
4230,6,99,81,395,4,2025-08-04,68.7,7.4,Credit Card,254.53,195.68,58.85,23.12
4231,9,27,330,280,3,2025-01-04,65.63,6.7,Debit Card,183.64,102.09,81.55,44.41
4232,12,60,3480,605,1,2025-01-24,192.85,5.9,Credit Card,181.4,116.63,64.77,35.71
4233,9,111,807,180,4,2025-10-06,37.9,11.9,Cash,133.55,90.44,43.11,32.28
4234,7,41,3327,933,5,2025-12-01,146.15,8.1,Credit Card,671.31,322.75,348.56,51.92
4235,3,88,2471,111,1,2024-12-31,245.63,9.4,Credit Card,222.45,127.58,94.87,42.65
4236,12,108,4520,644,1,2025-08-07,216.59,4.0,Credit Card,208.01,127.15,80.86,38.87
4237,9,52,2191,193,1,2025-12-02,103.23,7.6,Credit Card,95.4,73.39,22.01,23.07
4238,12,18,4750,585,1,2025-01-30,273.27,11.1,Debit Card,243.03,153.1,89.93,37.0
4239,10,39,2447,17,3,2025-08-31,69.12,33.9,Debit Card,137.16,147.0,-9.84,-7.17
4240,7,7,4095,196,2,2025-08-11,85.36,5.5,Cash,161.3,100.26,61.04,37.84
4241,4,70,3474,1390,1,2025-05-04,225.42,10.6,Credit Card,201.56,102.2,99.36,49.3
4242,1,29,390,287,4,2024-12-24,259.74,22.3,Online,807.49,517.16,290.33,35.95
4243,10,67,1288,250,3,2025-10-20,202.49,27.5,Credit Card,440.7,238.77,201.93,45.82
4244,12,36,3694,124,1,2025-09-06,179.33,9.8,Debit Card,161.72,121.84,39.88,24.66
4245,6,74,3986,246,1,2025-05-03,146.44,11.6,Cash,129.51,66.8,62.71,48.42
4246,12,108,3295,971,1,2025-11-10,261.9,10.7,Credit Card,233.88,136.65,97.23,41.57
4247,12,93,3173,170,1,2025-03-27,49.14,9.9,Online,44.26,18.42,25.84,58.38
4248,6,72,3736,283,4,2025-11-19,64.59,7.0,Credit Card,240.32,102.92,137.4,57.17
4249,6,74,1499,521,5,2025-01-30,26.44,10.3,Debit Card,118.63,91.8,26.83,22.62
4250,11,97,3032,201,1,2025-12-08,235.28,28.3,Credit Card,168.75,161.72,7.03,4.17
4251,4,42,4987,142,3,2025-11-17,288.72,5.1,Online,822.38,352.41,469.97,57.15
4252,9,52,2037,78,4,2025-03-16,134.21,11.0,Credit Card,477.86,209.4,268.46,56.18
4253,5,47,3980,51,1,2025-01-19,78.72,9.3,Credit Card,71.41,35.35,36.06,50.5
4254,1,17,2215,121,2,2024-10-01,194.04,33.1,Debit Card,259.52,172.74,86.78,33.44
4255,4,34,1243,10,1,2024-12-04,123.84,6.7,Debit Card,115.49,69.47,46.02,39.85
4256,10,55,3485,781,1,2025-08-02,66.19,26.7,Debit Card,48.49,43.12,5.37,11.07
4257,11,97,1025,56,1,2025-07-01,191.05,22.9,Online,147.25,104.33,42.92,29.15
4258,3,21,4225,1197,1,2025-08-01,23.11,10.6,Debit Card,20.67,15.25,5.42,26.22
4259,11,44,4773,256,3,2025-08-27,27.27,26.3,Debit Card,60.27,57.18,3.09,5.13
4260,8,116,652,229,3,2025-05-27,50.42,3.1,Credit Card,146.63,76.59,70.04,47.77
4261,6,77,2631,33,2,2025-01-25,83.18,4.2,Cash,159.36,61.42,97.94,61.46
4262,10,33,1261,67,2,2024-11-06,187.6,28.0,Online,270.27,165.44,104.83,38.79
4263,10,33,3760,1071,3,2025-04-16,99.57,24.3,Online,226.02,316.41,-90.39,-39.99
4264,7,5,4762,519,1,2025-01-24,172.61,4.7,Debit Card,164.42,122.88,41.54,25.26
4265,10,75,409,48,2,2024-12-15,271.38,26.8,Cash,397.42,286.32,111.1,27.96
4266,2,8,3754,544,4,2024-11-04,17.12,9.1,Credit Card,62.24,36.36,25.88,41.58
4267,1,50,2585,66,1,2025-05-21,75.88,22.7,Credit Card,58.66,48.32,10.34,17.63
4268,2,114,3609,698,1,2025-09-26,144.68,5.6,Cash,136.55,96.33,40.22,29.45
4269,6,77,1945,1334,4,2025-12-01,18.81,9.2,Credit Card,68.34,45.96,22.38,32.75
4270,12,60,785,776,2,2025-04-11,199.49,3.3,Cash,385.95,142.38,243.57,63.11
4271,5,22,4427,972,4,2025-03-20,47.28,5.2,Cash,179.36,122.44,56.92,31.74
4272,8,91,3861,362,1,2025-08-18,60.3,8.6,Credit Card,55.1,32.87,22.23,40.34
4273,4,56,2379,2,3,2025-11-23,261.53,11.7,Debit Card,692.52,309.42,383.1,55.32
4274,3,88,4485,856,1,2024-11-03,221.23,6.6,Debit Card,206.65,129.69,76.96,37.24
4275,4,34,4706,203,5,2025-11-30,279.0,9.0,Credit Card,1269.74,897.6,372.14,29.31
4276,9,120,2457,1120,3,2025-01-14,111.78,3.7,Debit Card,323.06,173.7,149.36,46.23
4277,12,18,4481,287,3,2024-10-08,282.77,3.1,Credit Card,821.99,1067.16,-245.17,-29.83
4278,8,94,2040,96,1,2025-10-25,60.12,4.4,Debit Card,57.5,41.04,16.46,28.63
4279,11,12,3233,28,1,2025-11-28,200.67,33.3,Online,133.76,102.63,31.13,23.27
4280,8,91,1998,278,1,2025-08-20,86.56,10.3,Cash,77.66,91.22,-13.56,-17.46
4281,11,81,3759,284,2,2025-11-11,271.41,29.4,Debit Card,383.35,369.5,13.85,3.61
4282,6,66,4924,1081,1,2025-06-09,38.7,9.3,Cash,35.1,25.48,9.62,27.41
4283,5,22,3115,20,5,2024-10-14,258.79,7.3,Cash,1199.64,641.65,557.99,46.51
4284,11,97,645,964,3,2024-12-28,128.11,33.2,Debit Card,256.88,173.58,83.3,32.43
4285,8,57,858,203,1,2025-11-24,204.14,3.9,Cash,196.1,126.36,69.74,35.56
4286,12,108,3775,265,4,2025-03-11,114.01,8.3,Credit Card,418.39,316.44,101.95,24.37
4287,4,42,1794,267,3,2025-08-28,232.73,11.4,Credit Card,618.71,285.81,332.9,53.81
4288,10,33,2563,192,1,2025-01-24,237.23,31.1,Credit Card,163.38,115.45,47.93,29.34
4289,6,49,2018,94,4,2025-07-04,126.32,5.4,Online,478.16,355.88,122.28,25.57
4290,9,65,3817,40,2,2025-12-03,44.85,5.5,Debit Card,84.8,31.64,53.16,62.69
4291,12,93,1163,104,5,2025-08-10,276.57,8.9,Credit Card,1260.11,674.5,585.61,46.47
4292,3,14,766,643,1,2025-06-09,75.25,10.0,Cash,67.7,95.91,-28.21,-41.67
4293,9,6,3811,547,1,2025-02-20,281.85,8.8,Online,257.17,120.74,136.43,53.05
4294,11,81,3187,527,5,2024-11-14,192.28,28.0,Credit Card,692.61,463.25,229.36,33.12
4295,8,116,3013,1224,5,2024-10-17,293.92,5.3,Online,1392.38,749.55,642.83,46.17
4296,3,21,861,229,2,2024-11-19,258.81,11.4,Credit Card,458.82,323.72,135.1,29.45
4297,7,5,2977,778,4,2024-12-27,268.11,4.6,Credit Card,1022.77,684.24,338.53,33.1
4298,5,20,414,505,1,2025-11-19,66.96,9.9,Credit Card,60.32,41.94,18.38,30.47
4299,7,84,4941,1312,2,2025-05-24,299.88,4.4,Debit Card,573.29,303.56,269.73,47.05
4300,4,42,3636,510,5,2024-10-31,159.76,6.8,Credit Card,744.44,479.0,265.44,35.66
4301,3,53,1133,91,1,2025-09-06,29.5,5.7,Debit Card,27.81,11.93,15.88,57.1
4302,7,62,649,733,1,2025-09-18,43.69,5.6,Debit Card,41.25,27.1,14.15,34.3
4303,12,18,200,179,4,2024-10-10,264.03,5.8,Credit Card,995.35,720.24,275.11,27.64
4304,6,78,3459,128,1,2025-08-18,71.87,10.4,Cash,64.38,76.47,-12.09,-18.78
4305,5,119,432,140,4,2025-08-05,8.92,5.1,Debit Card,33.86,16.0,17.86,52.75
4306,4,31,852,976,2,2025-06-24,142.86,5.0,Credit Card,271.36,186.34,85.02,31.33
4307,6,66,1333,227,2,2025-04-02,140.57,6.0,Online,264.29,110.4,153.89,58.23
4308,1,50,3138,235,1,2024-12-18,123.94,25.4,Debit Card,92.43,80.82,11.61,12.56
4309,12,100,1776,6,5,2025-10-04,187.04,8.0,Online,860.51,406.35,454.16,52.78
4310,8,116,2310,136,2,2024-12-28,54.89,6.8,Cash,102.29,38.76,63.53,62.11
4311,6,66,683,1151,1,2025-03-11,45.24,11.5,Cash,40.06,17.03,23.03,57.49
4312,11,64,4834,250,1,2025-05-03,204.83,29.1,Credit Card,145.32,95.6,49.72,34.21
4313,5,47,2784,209,1,2025-03-20,252.18,4.1,Credit Card,241.88,113.97,127.91,52.88
4314,8,85,2259,37,1,2025-02-08,125.25,4.6,Debit Card,119.5,82.66,36.84,30.83
4315,4,42,2685,147,3,2025-06-27,24.88,8.5,Online,68.33,36.9,31.43,46.0
4316,2,28,1374,66,1,2025-07-12,228.05,10.1,Cash,205.02,130.29,74.73,36.45
4317,5,20,3169,83,2,2025-06-01,12.14,9.7,Online,21.92,25.5,-3.58,-16.33
4318,7,62,1725,170,1,2025-01-30,243.85,11.2,Debit Card,216.55,160.54,56.01,25.86
4319,5,105,4778,34,3,2024-10-17,115.68,9.6,Debit Card,313.75,179.82,133.93,42.69
4320,7,19,1217,835,2,2025-08-22,206.12,12.0,Credit Card,362.78,204.36,158.42,43.67
4321,2,69,3328,366,2,2025-03-22,166.28,7.9,Credit Card,306.14,163.68,142.46,46.53
4322,12,102,4376,900,4,2025-08-05,211.53,12.0,Debit Card,744.98,526.44,218.54,29.34
4323,1,68,4899,174,4,2025-12-08,256.02,27.6,Debit Card,741.16,468.64,272.52,36.77
4324,3,53,1049,112,1,2025-03-25,139.55,3.7,Debit Card,134.35,62.89,71.46,53.19
4325,1,86,271,295,2,2025-08-21,243.73,22.1,Debit Card,379.77,290.94,88.83,23.39
4326,3,46,4123,11,2,2024-12-04,193.44,11.0,Credit Card,344.42,188.36,156.06,45.31
4327,3,53,399,45,3,2024-12-13,131.2,7.0,Credit Card,365.91,276.15,89.76,24.53
4328,8,30,1532,725,1,2025-10-24,209.28,4.3,Cash,200.2,96.6,103.6,51.75
4329,5,92,3946,1163,3,2025-07-11,97.86,11.4,Online,260.02,142.17,117.85,45.32
4330,3,88,727,103,1,2025-05-12,274.11,11.1,Debit Card,243.65,135.89,107.76,44.23
4331,5,105,193,873,1,2024-12-10,33.98,5.4,Credit Card,32.16,20.98,11.18,34.76
4332,8,30,3985,192,2,2025-07-25,123.22,4.5,Cash,235.27,105.54,129.73,55.14
4333,10,39,2875,208,5,2025-08-12,183.71,29.6,Credit Card,646.28,576.75,69.53,10.76
4334,11,81,3339,1153,5,2025-06-15,47.51,32.2,Debit Card,161.15,165.25,-4.1,-2.54
4335,10,101,2397,364,2,2025-07-05,43.79,32.7,Debit Card,58.91,34.64,24.27,41.2
4336,1,17,1210,936,3,2025-09-24,9.7,30.5,Online,20.21,15.51,4.7,23.26
4337,7,104,695,828,1,2025-01-03,256.57,7.3,Debit Card,237.72,158.89,78.83,33.16
4338,5,105,3698,288,1,2025-01-06,246.22,11.1,Debit Card,218.91,86.28,132.63,60.59
4339,4,1,2413,744,2,2024-10-10,248.38,6.1,Online,466.58,255.16,211.42,45.31
4340,3,21,1613,625,1,2025-11-16,245.32,7.2,Credit Card,227.66,127.47,100.19,44.01
4341,12,102,4188,241,1,2025-09-09,22.17,11.6,Online,19.6,8.96,10.64,54.29
4342,7,84,3650,76,1,2025-01-30,58.65,5.5,Debit Card,55.43,20.87,34.56,62.35
4343,12,100,3841,134,1,2025-07-19,70.34,9.2,Credit Card,63.85,40.26,23.59,36.95
4344,10,39,3565,189,1,2024-10-02,62.8,27.5,Debit Card,45.53,45.1,0.43,0.94
4345,2,89,2896,294,5,2025-12-09,219.93,8.0,Cash,1011.79,1178.7,-166.91,-16.5
4346,8,91,799,149,1,2025-06-03,220.27,10.7,Cash,196.78,106.14,90.64,46.06
4347,4,1,3451,103,2,2025-11-22,205.28,5.7,Credit Card,387.22,192.6,194.62,50.26
4348,10,101,2066,18,1,2025-03-12,221.01,27.0,Credit Card,161.39,132.23,29.16,18.07
4349,2,10,2222,107,2,2025-10-03,207.02,10.9,Credit Card,369.03,149.96,219.07,59.36
4350,2,83,1562,270,1,2025-03-20,252.48,4.6,Cash,240.83,172.85,67.98,28.23
4351,11,97,1705,70,5,2025-01-25,267.25,27.3,Cash,971.64,724.1,247.54,25.48
4352,10,75,3440,15,1,2024-10-11,268.54,32.4,Cash,181.59,143.06,38.53,21.22
4353,1,59,3358,38,1,2025-01-24,295.84,28.2,Online,212.32,162.35,49.97,23.54
4354,10,15,1198,1357,4,2025-07-15,270.37,22.9,Credit Card,833.95,450.8,383.15,45.94
4355,8,30,3260,18,5,2025-11-26,200.73,5.2,Cash,951.25,402.4,548.85,57.7
4356,11,81,2734,237,4,2025-05-16,138.8,27.6,Online,401.92,213.8,188.12,46.81
4357,8,57,3289,565,3,2024-11-16,284.05,9.8,Cash,768.52,512.01,256.51,33.38
4358,6,78,1498,112,1,2025-09-27,29.42,8.6,Cash,26.9,10.34,16.56,61.56
4359,2,23,2634,1393,3,2025-09-16,230.21,10.5,Online,618.41,263.52,354.89,57.39
4360,3,46,1537,12,1,2025-06-18,274.6,6.5,Credit Card,256.62,153.65,102.97,40.13
4361,9,65,4499,1141,5,2025-09-07,192.36,9.5,Credit Card,870.05,400.8,469.25,53.93
4362,7,41,515,196,3,2025-03-30,142.75,8.0,Credit Card,394.14,542.4,-148.26,-37.62
4363,12,108,1494,192,5,2024-10-29,280.19,7.7,Credit Card,1293.52,982.2,311.32,24.07
4364,5,105,4966,237,4,2025-02-02,292.08,8.7,Debit Card,1067.06,471.88,595.18,55.78
4365,5,113,1127,1415,5,2025-02-06,188.2,11.2,Online,835.54,603.05,232.49,27.83
4366,7,104,3063,385,3,2025-03-07,140.87,8.7,Debit Card,386.0,301.02,84.98,22.02
4367,1,4,1657,1136,4,2025-11-14,199.13,31.7,Cash,544.32,287.16,257.16,47.24
4368,1,82,2639,14,5,2025-09-07,184.67,25.0,Credit Card,692.67,339.45,353.22,50.99
4369,3,88,3391,1191,3,2025-06-23,279.78,10.5,Online,751.54,436.41,315.13,41.93
4370,9,111,845,107,5,2025-11-01,27.1,3.1,Credit Card,131.28,73.05,58.23,44.36
4371,8,30,1404,158,1,2025-07-08,41.34,5.1,Online,39.21,23.35,15.86,40.45
4372,12,102,2117,37,2,2024-10-15,119.24,6.9,Debit Card,221.95,153.68,68.27,30.76
4373,3,88,2619,1246,3,2024-10-01,163.85,7.0,Cash,457.25,274.41,182.84,39.99
4374,12,36,1452,264,5,2024-12-14,295.22,11.6,Online,1305.17,1025.35,279.82,21.44
4375,8,9,2285,46,1,2025-12-02,108.58,5.7,Debit Card,102.38,55.32,47.06,45.97
4376,4,42,3571,199,2,2025-01-21,35.51,11.7,Cash,62.69,50.4,12.29,19.6
4377,7,104,4964,191,4,2024-11-04,160.6,3.3,Credit Card,621.22,427.32,193.9,31.21
4378,2,28,507,26,5,2025-02-18,294.99,11.1,Online,1310.68,1029.9,280.78,21.42
4379,5,20,879,174,2,2025-02-24,254.97,8.7,Debit Card,465.38,308.8,156.58,33.65
4380,12,93,2293,147,2,2025-03-25,237.48,6.7,Credit Card,443.2,322.42,120.78,27.25
4381,5,20,3000,1259,5,2025-10-31,173.49,11.9,Debit Card,764.12,436.7,327.42,42.85
4382,11,12,3224,921,2,2025-04-19,192.18,30.6,Credit Card,266.81,173.2,93.61,35.08
4383,5,47,975,81,3,2025-09-05,189.94,6.8,Cash,531.19,319.89,211.3,39.78
4384,9,51,1594,1295,3,2025-09-03,128.6,4.7,Credit Card,367.51,268.89,98.62,26.83
4385,9,52,2967,730,5,2025-02-05,275.48,7.1,Cash,1279.46,951.55,327.91,25.63
4386,2,83,553,246,4,2025-10-07,147.48,10.5,Credit Card,528.0,321.04,206.96,39.2
4387,10,75,3515,217,2,2025-04-10,51.17,24.9,Credit Card,76.9,117.48,-40.58,-52.77
4388,12,93,2702,1281,2,2025-03-02,222.73,3.5,Credit Card,429.73,306.88,122.85,28.59
4389,9,111,1513,153,5,2025-06-19,116.41,5.0,Debit Card,552.92,276.2,276.72,50.05
4390,1,118,43,186,5,2024-10-05,65.37,29.9,Credit Card,229.1,155.65,73.45,32.06
4391,5,40,103,574,5,2025-03-15,183.46,11.6,Cash,810.65,548.1,262.55,32.39
4392,10,117,1419,778,1,2025-01-19,72.14,28.2,Debit Card,51.83,46.82,5.01,9.67
4393,1,54,3158,164,4,2025-10-31,83.07,27.7,Credit Card,240.08,197.48,42.6,17.74
4394,3,115,3171,1267,1,2024-12-05,171.62,6.5,Debit Card,160.55,119.08,41.47,25.83
4395,10,87,4511,129,1,2025-06-11,35.46,30.3,Cash,24.73,18.57,6.16,24.91
4396,12,36,338,174,5,2024-12-06,252.41,7.6,Cash,1166.72,535.7,631.02,54.08
4397,12,100,4142,99,4,2025-03-03,120.04,3.9,Credit Card,461.56,224.92,236.64,51.27
4398,6,49,3278,269,5,2024-11-20,102.86,8.4,Online,471.17,359.8,111.37,23.64
4399,10,39,665,1498,1,2025-11-19,45.97,27.8,Cash,33.21,25.74,7.47,22.49
4400,9,37,4505,655,3,2025-02-11,72.17,9.8,Debit Card,195.35,148.65,46.7,23.91
4401,4,42,3290,236,2,2024-10-30,19.98,6.0,Cash,37.55,27.04,10.51,27.99
4402,2,8,1194,1449,1,2025-04-28,9.22,9.3,Credit Card,8.36,10.8,-2.44,-29.19
4403,5,47,12,25,1,2024-11-08,18.71,5.9,Credit Card,17.61,6.79,10.82,61.44
4404,1,82,2016,143,2,2025-06-22,60.02,30.2,Debit Card,83.76,72.92,10.84,12.94
4405,10,90,1574,1015,2,2025-09-20,297.9,33.3,Cash,397.23,282.4,114.83,28.91
4406,7,41,4918,263,5,2024-12-12,67.56,9.1,Credit Card,307.17,190.95,116.22,37.84
4407,11,81,3541,3,1,2025-08-15,94.4,25.6,Online,70.25,64.36,5.89,8.38
4408,12,36,1425,229,1,2025-09-29,261.7,9.3,Credit Card,237.24,123.77,113.47,47.83
4409,2,32,1525,11,3,2024-12-09,169.8,11.7,Debit Card,449.91,281.34,168.57,37.47
4410,8,112,2848,287,1,2025-02-09,52.71,3.7,Online,50.74,36.62,14.12,27.83
4411,9,27,1342,399,2,2025-11-18,13.2,10.7,Cash,23.57,9.42,14.15,60.03
4412,2,13,1093,101,2,2025-03-22,196.32,5.1,Debit Card,372.64,196.98,175.66,47.14
4413,2,13,900,1460,5,2025-07-09,124.35,5.2,Cash,589.55,285.25,304.3,51.62
4414,10,39,1133,1002,4,2025-08-26,29.5,22.3,Debit Card,91.65,47.72,43.93,47.93
4415,9,52,1748,232,4,2025-08-22,170.37,4.2,Credit Card,652.6,257.28,395.32,60.58
4416,12,36,3318,155,3,2025-11-19,295.68,4.8,Credit Card,844.77,533.49,311.28,36.85
4417,8,80,1018,7,4,2024-10-26,55.68,9.7,Credit Card,201.16,93.68,107.48,53.43
4418,7,41,3398,580,1,2024-12-10,249.41,9.9,Online,224.68,146.1,78.58,34.97
4419,1,86,3281,132,4,2025-10-27,133.34,28.5,Debit Card,381.58,199.0,182.58,47.85
4420,9,2,3435,198,1,2024-11-30,51.44,3.9,Online,49.42,26.68,22.74,46.01
4421,4,56,4494,215,4,2025-06-04,178.93,4.4,Online,684.55,756.04,-71.49,-10.44
4422,6,77,188,1062,5,2025-05-01,202.34,11.0,Debit Card,900.75,577.9,322.85,35.84
4423,2,32,4559,1055,1,2024-11-07,182.04,8.1,Debit Card,167.33,123.24,44.09,26.35
4424,5,76,729,829,4,2024-11-17,44.51,7.9,Credit Card,163.96,65.24,98.72,60.21
4425,11,12,4493,801,5,2024-12-01,189.89,25.4,Credit Card,708.55,650.8,57.75,8.15
4426,1,4,4323,248,1,2025-09-18,133.58,28.3,Online,95.73,85.57,10.16,10.61
4427,12,100,2152,874,1,2025-06-29,204.48,3.6,Debit Card,197.2,117.87,79.33,40.23
4428,5,119,30,1075,4,2025-06-16,185.07,11.1,Credit Card,658.16,341.16,317.0,48.16
4429,12,102,3602,250,2,2024-12-01,61.91,4.2,Cash,118.61,67.78,50.83,42.85
4430,8,94,3349,1202,2,2025-08-19,83.58,7.3,Cash,154.92,83.62,71.3,46.02
4431,5,47,4953,1472,1,2025-09-20,283.48,6.3,Debit Card,265.68,151.89,113.79,42.83
4432,7,19,3116,88,3,2025-06-25,244.28,6.3,Credit Card,686.46,507.27,179.19,26.1
4433,12,108,1593,1438,3,2025-09-09,216.88,5.6,Debit Card,614.48,380.79,233.69,38.03
4434,8,94,2951,123,1,2025-05-17,40.57,11.6,Credit Card,35.86,23.92,11.94,33.3
4435,1,118,1247,1303,4,2025-10-16,16.41,29.5,Credit Card,46.3,23.8,22.5,48.6
4436,8,91,3555,1054,2,2025-11-01,215.5,10.2,Debit Card,386.94,191.2,195.74,50.59
4437,11,64,4553,1249,1,2025-06-28,56.22,28.9,Credit Card,39.99,26.91,13.08,32.71
4438,11,64,449,231,1,2025-10-26,80.26,29.7,Cash,56.42,28.7,27.72,49.13
4439,1,68,2067,76,5,2025-11-12,115.99,26.7,Credit Card,425.38,209.95,215.43,50.64
4440,8,116,3241,112,1,2025-11-01,288.91,6.3,Credit Card,270.56,194.1,76.46,28.26
4441,10,15,2295,153,5,2025-07-02,200.47,28.2,Online,719.58,507.65,211.93,29.45
4442,2,69,3168,125,1,2024-12-06,64.23,6.3,Debit Card,60.16,30.83,29.33,48.75
4443,4,56,2449,1403,3,2024-10-05,66.96,11.8,Debit Card,177.19,129.57,47.62,26.88
4444,1,29,1664,79,5,2025-03-27,200.07,27.6,Credit Card,723.85,393.0,330.85,45.71
4445,1,98,3759,558,1,2025-05-23,271.41,24.8,Credit Card,204.02,184.75,19.27,9.45
4446,4,42,1357,256,1,2025-10-07,230.1,7.7,Cash,212.31,99.18,113.13,53.29
4447,12,100,1392,18,5,2024-12-13,125.98,5.7,Debit Card,594.25,418.0,176.25,29.66
4448,11,12,2593,106,5,2025-03-25,168.83,27.9,Debit Card,609.01,461.1,147.91,24.29
4449,4,42,1635,1301,1,2025-10-11,40.97,7.9,Credit Card,37.73,24.62,13.11,34.75
4450,4,56,4536,951,1,2025-03-26,167.04,4.3,Debit Card,159.8,69.21,90.59,56.69
4451,8,57,2303,293,2,2025-04-30,155.59,9.0,Online,283.31,110.34,172.97,61.05
4452,4,56,3621,39,2,2025-04-26,56.22,10.0,Online,101.16,76.92,24.24,23.96
4453,5,105,4463,70,4,2025-08-15,226.86,7.9,Online,835.39,343.64,491.75,58.86
4454,11,44,3913,692,5,2025-09-29,93.38,32.4,Cash,315.51,330.1,-14.59,-4.62
4455,12,36,4645,772,2,2025-01-20,110.39,8.7,Debit Card,201.46,119.46,82.0,40.7
4456,10,101,2386,1375,5,2025-06-20,210.58,25.9,Online,780.17,470.05,310.12,39.75
4457,11,81,961,103,5,2025-09-19,121.08,29.6,Online,425.97,418.55,7.42,1.74
4458,2,110,2071,448,5,2025-07-17,116.97,6.4,Credit Card,547.59,248.3,299.29,54.66
4459,10,90,2622,216,5,2025-08-31,112.97,23.4,Credit Card,432.93,232.15,200.78,46.38
4460,11,64,871,57,3,2025-06-18,182.24,22.5,Cash,423.61,233.94,189.67,44.77
4461,10,75,1008,169,1,2025-03-19,79.43,33.8,Debit Card,52.59,29.29,23.3,44.31
4462,9,37,2230,184,5,2025-09-29,277.55,10.7,Cash,1239.13,831.8,407.33,32.87
4463,7,84,4780,227,2,2024-12-11,150.91,3.0,Debit Card,292.73,150.58,142.15,48.56
4464,12,102,31,147,2,2024-12-24,81.62,11.5,Cash,144.52,94.78,49.74,34.42
4465,1,29,4106,277,1,2024-11-14,258.35,25.6,Debit Card,192.32,107.19,85.13,44.26
4466,4,31,2407,320,1,2025-10-19,40.4,6.4,Credit Card,37.81,22.31,15.5,40.99
4467,7,41,1841,207,1,2025-04-17,218.14,3.3,Online,211.04,149.18,61.86,29.31
4468,12,102,2812,187,1,2025-11-28,299.63,3.4,Credit Card,289.41,215.62,73.79,25.5
4469,9,65,4908,467,1,2025-10-06,63.53,5.7,Debit Card,59.93,36.08,23.85,39.8
4470,4,31,2977,28,1,2025-06-22,268.11,8.9,Cash,244.16,171.06,73.1,29.94
4471,7,62,4094,1100,1,2024-12-03,239.12,3.6,Credit Card,230.5,109.29,121.21,52.59
4472,8,80,2607,1424,4,2025-06-04,70.46,10.9,Debit Card,251.02,173.84,77.18,30.75
4473,8,9,2888,28,2,2025-09-28,293.62,10.7,Credit Card,524.29,248.26,276.03,52.65
4474,3,115,588,628,5,2025-05-09,210.39,5.6,Debit Card,993.39,450.15,543.24,54.69
4475,12,102,4763,127,1,2025-08-12,155.64,4.8,Debit Card,148.25,102.27,45.98,31.02
4476,5,119,1643,216,4,2025-02-25,32.75,6.9,Debit Card,122.01,48.48,73.53,60.27
4477,7,62,1467,136,2,2024-10-17,29.87,5.5,Cash,56.43,23.46,32.97,58.43
4478,6,74,2531,108,1,2024-11-08,109.47,11.6,Online,96.82,50.31,46.51,48.04
4479,8,30,2708,221,3,2025-08-15,45.64,8.2,Cash,125.63,78.99,46.64,37.12
4480,2,32,97,186,1,2025-07-05,177.41,9.6,Credit Card,160.33,92.45,67.88,42.34
4481,8,112,4983,213,1,2025-08-23,152.36,7.8,Online,140.51,165.59,-25.08,-17.85
4482,12,102,18,925,5,2025-12-03,15.6,10.5,Debit Card,69.79,41.85,27.94,40.03
4483,10,55,976,1436,2,2025-01-27,144.73,31.9,Online,197.12,128.48,68.64,34.82
4484,9,37,2753,72,2,2025-03-05,78.55,9.5,Cash,142.17,111.64,30.53,21.47
4485,3,21,3815,733,4,2025-06-07,259.27,9.9,Cash,934.32,434.84,499.48,53.46
4486,11,81,3407,275,1,2025-02-11,210.5,32.9,Online,141.25,240.93,-99.68,-70.57
4487,5,105,1974,187,4,2025-04-27,207.46,3.8,Debit Card,798.57,512.72,285.85,35.8
4488,8,109,2319,482,3,2025-06-05,55.88,8.9,Cash,152.75,66.66,86.09,56.36
4489,5,113,3774,1145,1,2024-12-05,28.49,5.7,Debit Card,26.86,18.24,8.62,32.09
4490,2,23,1622,425,1,2024-11-30,71.84,8.3,Credit Card,65.91,25.74,40.17,60.95
4491,10,55,4774,611,2,2025-02-13,273.16,26.5,Debit Card,401.5,371.08,30.42,7.58
4492,4,42,3117,75,1,2025-10-26,37.05,10.5,Online,33.16,24.59,8.57,25.84
4493,10,71,2521,639,1,2025-04-26,44.85,22.1,Online,34.93,22.4,12.53,35.87
4494,9,51,4669,1459,1,2025-04-12,46.28,4.0,Cash,44.44,27.89,16.55,37.24
4495,9,120,4577,1379,1,2024-10-22,129.33,7.0,Cash,120.24,85.83,34.41,28.62
4496,10,16,3940,205,3,2025-07-26,124.8,25.9,Cash,277.46,147.24,130.22,46.93
4497,8,91,3579,1147,2,2025-03-26,150.11,8.1,Credit Card,275.89,213.12,62.77,22.75
4498,6,78,1599,296,3,2025-08-23,87.33,6.0,Credit Card,246.37,172.26,74.11,30.08
4499,5,47,778,60,2,2025-11-14,286.59,5.8,Online,540.08,292.5,247.58,45.84
4500,5,92,2675,1435,2,2025-09-19,33.31,9.1,Credit Card,60.55,41.84,18.71,30.9
4501,1,68,4358,340,2,2024-11-23,178.31,32.3,Debit Card,241.31,248.62,-7.31,-3.03
4502,7,84,1481,53,1,2024-11-08,229.95,8.3,Debit Card,210.79,92.11,118.68,56.3
4503,5,119,334,287,4,2025-10-31,277.83,11.6,Online,982.76,482.36,500.4,50.92
4504,3,53,891,665,4,2025-03-18,141.39,11.1,Online,503.05,301.48,201.57,40.07
4505,5,119,1525,119,2,2025-06-15,169.8,5.8,Credit Card,319.81,187.56,132.25,41.35
4506,1,3,3359,548,5,2025-03-29,239.85,32.4,Credit Card,810.31,768.45,41.86,5.17
4507,4,34,1059,1398,2,2024-12-23,179.65,11.3,Debit Card,318.68,254.18,64.5,20.24
4508,10,67,2963,116,1,2025-08-05,210.4,33.0,Online,140.92,86.16,54.76,38.86
4509,2,10,1569,246,4,2024-10-19,43.39,11.8,Debit Card,153.09,62.24,90.85,59.34
4510,4,31,4313,158,3,2025-05-17,58.04,4.9,Debit Card,165.52,68.88,96.64,58.39
4511,11,63,4604,194,1,2025-11-14,69.12,31.8,Credit Card,47.17,49.18,-2.01,-4.26
4512,11,44,2943,1012,1,2025-03-14,16.79,24.1,Online,12.75,6.62,6.13,48.08
4513,4,1,1646,971,4,2025-11-01,164.12,11.1,Cash,583.55,427.44,156.11,26.75
4514,8,85,4864,5,2,2025-09-08,279.19,9.6,Cash,504.87,280.8,224.07,44.38
4515,7,41,1017,62,1,2025-03-02,155.62,8.4,Cash,142.57,82.64,59.93,42.04
4516,1,58,3179,175,2,2025-03-24,50.14,27.7,Cash,72.54,48.66,23.88,32.92
4517,11,97,1666,152,5,2025-11-11,290.45,27.2,Credit Card,1056.93,704.05,352.88,33.39
4518,3,46,2556,47,4,2025-10-22,23.22,5.9,Debit Card,87.44,37.0,50.44,57.69
4519,8,80,2201,563,5,2025-12-09,14.74,7.5,Debit Card,68.19,49.3,18.89,27.7
4520,12,60,3303,429,2,2024-12-17,231.3,6.4,Credit Card,432.91,236.1,196.81,45.46
4521,12,100,3572,125,2,2025-07-18,288.02,9.9,Cash,518.94,278.12,240.82,46.41
4522,3,46,2031,181,4,2024-12-17,117.24,4.5,Online,447.85,168.32,279.53,62.42
4523,6,78,2073,244,3,2025-05-24,232.48,7.0,Credit Card,648.28,258.0,390.28,60.2
4524,10,67,662,23,1,2025-02-22,115.22,28.0,Credit Card,82.96,72.24,10.72,12.92
4525,10,67,2929,78,1,2025-06-07,221.68,29.1,Cash,157.22,142.97,14.25,9.06
4526,2,28,1153,441,1,2024-10-06,215.77,5.1,Cash,204.78,121.85,82.93,40.5
4527,2,10,4256,243,5,2024-11-27,202.68,4.4,Credit Card,968.31,525.3,443.01,45.75
4528,3,14,3056,302,3,2025-09-05,122.11,10.0,Credit Card,329.56,196.89,132.67,40.26
4529,3,46,4559,1420,2,2025-03-25,182.04,4.4,Credit Card,347.9,246.48,101.42,29.15
4530,8,9,4814,767,4,2025-10-29,62.81,9.1,Cash,228.5,133.0,95.5,41.79
4531,2,11,4419,1405,3,2025-06-27,125.82,7.5,Cash,349.05,195.66,153.39,43.94
4532,2,110,4162,296,1,2025-11-15,138.85,6.3,Credit Card,130.17,59.71,70.46,54.13
4533,8,91,1783,1,1,2025-04-29,33.94,3.6,Credit Card,32.73,21.41,11.32,34.59
4534,5,20,1293,47,2,2024-11-21,136.53,6.8,Cash,254.62,125.44,129.18,50.73
4535,9,120,3316,591,3,2025-01-20,257.24,8.1,Cash,709.07,984.63,-275.56,-38.86
4536,7,7,1145,153,1,2025-08-03,95.4,4.1,Credit Card,91.53,35.07,56.46,61.68
4537,7,84,4070,207,4,2025-07-28,66.02,11.2,Debit Card,234.54,187.24,47.3,20.17
4538,7,7,4435,527,3,2025-04-12,141.95,4.0,Credit Card,408.83,461.49,-52.66,-12.88
4539,5,20,428,167,2,2025-09-25,43.64,10.5,Online,78.14,60.62,17.52,22.42
4540,8,109,3794,1121,1,2024-11-26,161.68,10.0,Debit Card,145.43,74.65,70.78,48.67
4541,8,30,4783,194,2,2025-03-04,223.56,11.0,Credit Card,398.11,193.78,204.33,51.33
4542,3,21,2206,23,5,2024-11-16,231.86,4.0,Credit Card,1113.45,641.65,471.8,42.37
4543,10,16,3273,1453,2,2025-05-04,268.08,26.5,Credit Card,394.14,330.42,63.72,16.17
4544,8,9,1187,245,1,2025-11-30,128.11,5.8,Credit Card,120.64,69.13,51.51,42.7
4545,5,22,3379,176,2,2025-08-15,36.31,9.2,Credit Card,65.96,36.28,29.68,45.0
4546,3,88,1589,1198,2,2025-08-10,34.84,4.7,Credit Card,66.42,32.6,33.82,50.92
4547,9,37,3557,1083,1,2024-12-07,48.26,3.8,Cash,46.42,23.96,22.46,48.38
4548,4,56,906,19,1,2025-07-29,87.01,5.0,Credit Card,82.69,51.15,31.54,38.14
4549,6,74,2987,926,2,2025-05-27,167.24,11.9,Credit Card,294.59,187.86,106.73,36.23
4550,10,87,769,245,3,2025-02-27,153.19,30.2,Debit Card,320.94,242.76,78.18,24.36
4551,3,53,4709,521,1,2024-12-24,218.13,5.6,Online,205.96,104.23,101.73,49.39
4552,11,64,4741,73,5,2025-08-06,237.02,22.4,Debit Card,919.77,546.95,372.82,40.53
4553,3,21,2855,503,1,2025-08-30,290.43,5.8,Debit Card,273.57,158.74,114.83,41.97
4554,5,47,327,116,4,2025-09-05,192.84,7.8,Credit Card,711.54,384.84,326.7,45.91
4555,11,44,4147,59,4,2025-01-06,42.14,30.7,Credit Card,116.78,102.68,14.1,12.07
4556,12,60,116,68,5,2025-06-08,70.83,6.0,Cash,332.85,208.6,124.25,37.33
4557,3,88,3458,150,2,2024-11-02,279.43,6.2,Credit Card,523.95,291.88,232.07,44.29
4558,1,17,2796,1475,2,2024-12-12,213.06,28.4,Credit Card,305.09,223.7,81.39,26.68
4559,2,26,4427,28,1,2025-01-18,47.28,9.7,Credit Card,42.67,30.61,12.06,28.26
4560,6,49,2864,166,4,2025-03-19,158.59,11.9,Credit Card,558.64,434.96,123.68,22.14
4561,2,8,2034,263,3,2025-11-26,97.64,3.6,Credit Card,282.49,210.18,72.31,25.6
4562,10,101,2259,104,2,2025-04-23,125.25,23.9,Credit Card,190.73,165.32,25.41,13.32
4563,8,57,4123,1385,3,2025-11-01,193.44,6.1,Online,544.98,282.54,262.44,48.16
4564,6,72,688,231,2,2025-01-12,190.29,6.2,Cash,357.01,136.36,220.65,61.8
4565,6,66,4608,579,1,2025-04-01,11.99,7.7,Credit Card,11.06,6.8,4.26,38.52
4566,11,64,1457,180,1,2024-12-08,292.08,29.0,Online,207.29,359.72,-152.43,-73.53
4567,11,81,289,98,4,2025-01-05,219.33,22.8,Credit Card,677.55,397.72,279.83,41.3
4568,6,72,2909,152,5,2024-11-27,254.38,9.9,Debit Card,1146.59,780.05,366.54,31.97
4569,5,105,616,140,4,2025-12-07,243.94,3.6,Credit Card,940.93,517.96,422.97,44.95
4570,2,43,3910,1043,5,2025-08-02,68.18,10.2,Credit Card,306.11,213.4,92.71,30.29
4571,6,77,1425,8,3,2025-07-29,261.7,10.9,Debit Card,699.18,371.31,327.87,46.89
4572,8,80,2178,1181,2,2025-02-06,167.67,8.4,Debit Card,307.25,140.82,166.43,54.17
4573,11,44,2318,197,4,2024-12-30,8.63,29.8,Credit Card,24.22,13.4,10.82,44.67
4574,12,18,1872,351,3,2025-07-22,185.4,7.3,Cash,515.79,369.54,146.25,28.35
4575,11,63,3749,917,5,2025-06-19,11.76,28.8,Online,41.89,41.0,0.89,2.12
4576,10,75,3049,231,2,2025-08-04,253.33,33.9,Cash,335.14,206.2,128.94,38.47
4577,7,5,3140,47,1,2024-12-07,171.49,10.1,Credit Card,154.25,87.56,66.69,43.24
4578,3,46,4637,271,1,2025-04-19,194.27,6.1,Debit Card,182.37,89.47,92.9,50.94
4579,6,72,878,61,1,2024-12-02,294.51,6.9,Cash,274.2,122.17,152.03,55.44
4580,8,116,4242,975,1,2025-02-07,30.94,9.9,Cash,27.88,14.26,13.62,48.85
4581,7,95,4492,444,2,2024-11-30,81.38,6.9,Debit Card,151.6,98.5,53.1,35.03
4582,1,118,725,297,4,2025-03-01,104.39,24.0,Debit Card,317.51,168.56,148.95,46.91
4583,12,93,1860,1,1,2025-08-16,37.81,11.9,Credit Card,33.32,19.78,13.54,40.64
4584,7,19,3479,1381,2,2025-10-24,35.53,10.6,Debit Card,63.55,42.26,21.29,33.5
4585,4,42,3258,66,3,2025-08-17,40.66,5.0,Credit Card,115.93,71.67,44.26,38.18
4586,11,63,4241,92,2,2024-11-19,70.31,32.7,Credit Card,94.63,98.92,-4.29,-4.53
4587,10,55,4063,1459,2,2024-11-04,82.2,27.1,Credit Card,119.81,202.14,-82.33,-68.72
4588,3,14,4937,45,3,2025-04-17,283.93,8.4,Cash,780.38,430.02,350.36,44.9
4589,8,112,4870,725,1,2025-02-09,250.29,5.7,Credit Card,236.07,94.43,141.64,60.0
4590,2,73,1609,48,2,2025-05-18,204.42,11.3,Credit Card,362.73,153.68,209.05,57.63
4591,7,7,834,699,1,2025-03-27,109.31,11.2,Credit Card,97.08,65.64,31.44,32.39
4592,6,96,2619,1169,2,2025-08-25,163.85,4.5,Cash,313.04,182.94,130.1,41.56
4593,8,116,4414,175,3,2024-12-29,157.22,11.4,Debit Card,418.04,225.24,192.8,46.12
4594,4,34,3464,157,1,2025-06-14,229.39,7.0,Credit Card,213.31,154.66,58.65,27.5
4595,2,11,688,1299,1,2025-02-25,190.29,6.9,Online,177.08,68.18,108.9,61.5
4596,9,52,1386,38,1,2025-05-31,146.95,4.6,Credit Card,140.12,75.82,64.3,45.89
4597,3,21,4617,174,4,2025-08-27,188.57,3.8,Debit Card,725.96,351.64,374.32,51.56
4598,3,88,355,459,1,2024-11-01,244.59,5.2,Credit Card,231.78,116.22,115.56,49.86
4599,5,47,1766,563,2,2024-10-13,80.27,10.9,Online,143.01,79.0,64.01,44.76
4600,9,24,4812,227,2,2025-03-05,35.9,6.7,Cash,67.02,30.74,36.28,54.13
4601,1,82,2411,1061,1,2025-01-23,284.42,23.3,Cash,218.28,127.44,90.84,41.62
4602,4,42,4334,1047,1,2025-02-15,243.26,8.4,Credit Card,222.83,150.01,72.82,32.68
4603,10,75,4265,952,2,2025-10-21,226.0,31.2,Cash,310.98,282.4,28.58,9.19
4604,4,70,2798,86,3,2025-06-18,253.38,6.0,Cash,714.7,438.03,276.67,38.71
4605,2,83,2563,441,1,2025-02-01,237.23,4.1,Cash,227.39,115.45,111.94,49.23
4606,8,94,2584,1053,2,2025-08-23,55.42,9.7,Cash,100.08,58.22,41.86,41.83
4607,1,50,2800,48,1,2025-02-03,126.39,33.7,Cash,83.77,62.78,20.99,25.06
4608,10,71,1335,123,1,2025-05-13,195.9,31.3,Debit Card,134.56,129.63,4.93,3.66
4609,6,49,4075,1434,1,2024-10-14,187.08,4.9,Debit Card,177.96,73.04,104.92,58.96
4610,7,62,73,231,2,2025-10-05,207.0,11.1,Credit Card,367.95,147.5,220.45,59.91
4611,12,108,3588,266,2,2024-10-18,242.62,4.1,Cash,465.56,569.8,-104.24,-22.39
4612,11,97,4995,176,1,2025-06-27,166.14,29.5,Debit Card,117.06,99.4,17.66,15.09
4613,11,12,4937,197,2,2025-09-28,283.93,23.0,Debit Card,437.45,286.68,150.77,34.47
4614,3,53,4851,1184,1,2025-06-02,16.77,8.1,Online,15.42,7.67,7.75,50.26
4615,12,100,2750,105,2,2025-02-18,192.73,11.3,Credit Card,342.01,212.34,129.67,37.91
4616,10,15,1630,140,1,2025-09-04,115.05,27.0,Online,83.98,77.96,6.02,7.17
4617,12,18,2878,251,2,2025-11-09,163.48,4.3,Debit Card,313.04,182.38,130.66,41.74
4618,12,102,3261,156,3,2025-10-06,241.27,10.1,Cash,650.83,365.43,285.4,43.85
4619,5,40,3038,1178,1,2025-07-13,87.78,11.4,Debit Card,77.76,60.7,17.06,21.94
4620,10,55,1460,399,2,2025-07-18,22.99,22.7,Online,35.53,30.1,5.43,15.28
4621,2,73,3256,252,1,2025-01-04,76.64,6.7,Debit Card,71.48,54.8,16.68,23.34
4622,12,18,4610,313,2,2024-11-20,60.85,4.9,Online,115.77,48.94,66.83,57.73
4623,12,93,1786,10,3,2025-05-24,6.47,11.2,Credit Card,17.23,13.95,3.28,19.04
4624,6,49,327,726,1,2025-08-10,192.84,7.8,Credit Card,177.82,96.21,81.61,45.89
4625,3,46,2621,168,2,2025-08-23,28.79,5.3,Debit Card,54.54,22.2,32.34,59.3
4626,12,36,1721,325,2,2025-06-25,183.31,5.9,Cash,344.95,250.96,93.99,27.25
4627,1,48,356,997,4,2025-10-09,252.39,26.5,Credit Card,742.45,655.2,87.25,11.75
4628,3,88,3849,173,4,2024-11-07,161.28,6.7,Debit Card,602.18,443.88,158.3,26.29
4629,9,111,602,19,2,2025-10-22,209.93,3.4,Debit Card,405.75,271.38,134.37,33.12
4630,12,108,2591,1,2,2025-03-23,225.31,8.2,Credit Card,413.81,178.82,234.99,56.79
4631,7,84,106,1080,2,2025-05-28,95.04,6.7,Online,177.43,133.92,43.51,24.52
4632,4,42,2843,274,5,2025-08-25,25.56,7.3,Debit Card,118.52,71.5,47.02,39.67
4633,12,18,3254,452,2,2025-11-14,218.41,9.8,Online,394.13,183.08,211.05,53.55
4634,7,62,2190,299,1,2025-07-29,248.46,3.2,Credit Card,240.43,266.02,-25.59,-10.64
4635,6,78,4597,85,1,2025-01-17,260.21,3.6,Cash,250.86,329.11,-78.25,-31.19
4636,10,15,3036,20,1,2025-07-31,120.94,28.2,Cash,86.89,71.81,15.08,17.36
4637,2,114,1096,122,3,2024-10-18,48.01,6.8,Credit Card,134.2,98.25,35.95,26.79
4638,2,26,1714,1473,1,2024-12-02,167.6,5.5,Credit Card,158.34,109.64,48.7,30.76
4639,11,81,1884,209,2,2025-07-27,214.11,30.2,Credit Card,298.74,226.02,72.72,24.34
4640,10,67,2557,1276,5,2024-11-26,275.56,25.4,Credit Card,1027.67,818.45,209.22,20.36
4641,11,44,524,131,1,2025-05-19,266.62,33.1,Online,178.42,93.63,84.79,47.52
4642,3,14,595,647,2,2025-08-14,38.94,4.4,Credit Card,74.43,27.96,46.47,62.43
4643,11,97,438,14,3,2025-03-23,159.68,28.0,Credit Card,345.0,274.05,70.95,20.57
4644,6,77,1582,7,5,2025-07-01,128.4,8.6,Debit Card,586.85,404.95,181.9,31.0
4645,4,34,3269,233,2,2025-10-13,141.64,8.3,Credit Card,259.71,138.5,121.21,46.67
4646,8,112,844,448,1,2025-09-06,13.99,3.7,Cash,13.47,8.85,4.62,34.3
4647,7,5,1862,1387,1,2025-11-03,184.03,10.2,Cash,165.23,80.82,84.41,51.09
4648,6,107,600,15,1,2025-06-04,221.61,4.4,Credit Card,211.75,153.86,57.89,27.34
4649,8,9,153,1464,2,2025-10-25,52.77,4.6,Credit Card,100.73,63.28,37.45,37.18
4650,5,105,764,236,3,2024-11-29,57.21,6.6,Credit Card,160.26,111.27,48.99,30.57
4651,9,2,696,800,4,2025-04-05,90.38,6.0,Debit Card,339.87,139.08,200.79,59.08
4652,1,86,433,439,3,2025-09-28,273.51,27.6,Online,593.89,364.74,229.15,38.58
4653,4,56,2264,124,2,2024-12-21,70.75,11.2,Debit Card,125.7,92.22,33.48,26.63
4654,2,35,1367,167,2,2024-10-23,298.01,3.5,Debit Card,575.41,293.18,282.23,49.05
4655,6,96,1089,296,5,2025-03-09,174.13,6.5,Credit Card,813.81,319.55,494.26,60.73
4656,9,111,4302,49,5,2025-11-23,127.35,10.1,Debit Card,572.74,227.5,345.24,60.28
4657,8,91,4179,825,1,2024-11-24,95.95,8.7,Online,87.64,51.19,36.45,41.59
4658,9,27,2145,899,3,2025-02-04,113.59,9.9,Credit Card,306.88,217.95,88.93,28.98
4659,6,72,4806,962,1,2025-03-12,220.47,6.7,Online,205.78,95.03,110.75,53.82
4660,11,63,2338,1046,5,2025-10-21,158.91,23.5,Online,608.09,545.15,62.94,10.35
4661,9,6,919,568,2,2024-10-24,92.2,9.9,Credit Card,166.14,84.78,81.36,48.97
4662,6,66,2190,732,2,2025-09-11,248.46,5.6,Cash,468.95,532.04,-63.09,-13.45
4663,5,119,2262,295,1,2025-10-10,94.26,3.5,Debit Card,90.94,35.71,55.23,60.73
4664,3,88,806,114,1,2025-01-26,60.32,11.0,Cash,53.68,37.23,16.45,30.64
4665,12,60,78,42,2,2025-05-28,110.21,11.5,Cash,195.04,102.64,92.4,47.37
4666,12,108,2093,90,1,2025-05-22,21.18,8.5,Credit Card,19.38,9.68,9.7,50.05
4667,12,102,3531,97,4,2024-11-13,89.26,9.6,Online,322.65,212.4,110.25,34.17
4668,3,115,1113,774,4,2025-10-23,155.61,9.2,Cash,565.14,365.6,199.54,35.31
4669,9,25,2690,1344,5,2025-11-10,147.47,7.8,Online,679.61,270.55,409.06,60.19
4670,9,51,521,944,2,2025-08-03,102.52,8.4,Cash,187.81,94.7,93.11,49.58
4671,3,115,946,1477,4,2025-02-21,293.04,7.9,Cash,1080.0,770.68,309.32,28.64
4672,3,46,547,22,1,2025-02-05,237.94,4.0,Cash,228.37,112.73,115.64,50.64
4673,5,47,3964,17,2,2025-06-13,160.0,5.9,Credit Card,301.22,184.04,117.18,38.9
4674,1,17,1598,551,5,2024-11-25,108.06,29.4,Debit Card,381.53,360.15,21.38,5.6
4675,1,79,1977,13,4,2025-07-13,235.93,26.4,Online,694.96,1192.52,-497.56,-71.6
4676,2,13,979,1173,1,2024-12-05,86.84,7.6,Debit Card,80.26,52.53,27.73,34.55
4677,10,16,2916,237,4,2024-11-06,294.51,33.2,Online,786.8,553.96,232.84,29.59
4678,6,66,965,1274,2,2025-07-01,103.16,6.2,Online,193.5,96.4,97.1,50.18
4679,2,11,3153,125,1,2025-02-24,118.25,10.5,Credit Card,105.79,124.74,-18.95,-17.91
4680,2,23,982,428,2,2025-09-15,48.12,3.8,Credit Card,92.6,63.44,29.16,31.49
4681,6,49,2123,598,1,2025-06-22,226.97,10.5,Online,203.17,290.39,-87.22,-42.93
4682,9,51,3486,144,3,2025-11-19,5.27,11.1,Online,14.06,10.95,3.11,22.12
4683,4,42,306,184,1,2025-09-03,291.84,5.9,Cash,274.72,187.47,87.25,31.76
4684,3,115,3677,276,4,2025-01-17,64.92,7.1,Cash,241.25,173.8,67.45,27.96
4685,2,114,804,192,1,2024-12-08,68.26,6.7,Online,63.68,27.83,35.85,56.3
4686,12,93,423,246,1,2025-08-26,136.23,4.3,Credit Card,130.37,84.65,45.72,35.07
4687,2,103,465,229,3,2025-09-23,108.23,3.8,Credit Card,312.2,173.55,138.65,44.41
4688,2,69,3126,498,3,2025-03-26,66.37,7.1,Online,185.07,87.06,98.01,52.96
4689,7,5,2050,41,1,2025-07-23,153.88,8.1,Debit Card,141.41,61.0,80.41,56.86
4690,6,74,2308,1370,2,2025-07-06,38.25,7.4,Credit Card,70.84,54.12,16.72,23.6
4691,7,7,3564,52,5,2025-09-15,294.0,9.1,Credit Card,1335.89,568.7,767.19,57.43
4692,3,115,2234,170,1,2024-11-29,105.89,7.3,Debit Card,98.18,40.29,57.89,58.96
4693,2,110,3831,5,2,2025-10-29,38.97,10.8,Credit Card,69.54,28.02,41.52,59.71
4694,5,119,3375,949,3,2024-12-31,226.09,8.4,Online,620.98,413.25,207.73,33.45
4695,11,12,4429,57,3,2025-11-18,68.11,32.6,Credit Card,137.69,90.33,47.36,34.4
4696,10,16,1862,140,5,2025-09-22,184.03,27.0,Cash,671.91,404.1,267.81,39.86
4697,7,5,2722,226,3,2024-10-25,159.13,10.7,Cash,426.09,331.5,94.59,22.2
4698,2,32,1488,1032,2,2024-10-27,142.02,6.3,Debit Card,266.06,204.26,61.8,23.23
4699,6,74,2743,802,1,2024-12-11,254.83,4.7,Debit Card,242.85,152.46,90.39,37.22
4700,9,6,2255,75,2,2025-01-19,103.03,10.0,Credit Card,185.44,132.46,52.98,28.57
4701,12,60,4420,224,4,2024-12-13,296.42,3.5,Online,1143.73,567.4,576.33,50.39
4702,8,116,4011,167,1,2025-02-01,282.24,6.9,Cash,262.9,155.19,107.71,40.97
4703,12,18,844,1346,1,2025-05-18,13.99,7.1,Credit Card,12.99,8.85,4.14,31.87
4704,11,44,1474,1068,2,2025-01-06,210.35,31.6,Debit Card,287.72,186.1,101.62,35.32
4705,12,93,344,76,1,2025-01-01,177.09,5.4,Credit Card,167.45,104.75,62.7,37.44
4706,5,20,3344,215,2,2024-10-17,213.94,6.2,Debit Card,401.38,186.3,215.08,53.59
4707,5,92,2296,223,1,2024-10-27,211.78,11.6,Debit Card,187.26,126.58,60.68,32.4
4708,4,42,1064,1383,4,2025-06-02,124.36,10.9,Debit Card,443.44,274.92,168.52,38.0
4709,12,93,3537,886,4,2025-01-22,12.2,6.4,Credit Card,45.66,23.36,22.3,48.84
4710,5,92,2287,928,2,2024-10-23,65.37,11.7,Online,115.44,55.72,59.72,51.73
4711,5,76,3656,185,2,2025-05-07,38.9,3.6,Online,75.03,48.66,26.37,35.15
4712,10,90,4957,587,2,2025-08-26,298.73,28.3,Debit Card,428.66,264.46,164.2,38.31
4713,7,95,2686,161,3,2025-04-26,38.46,9.4,Cash,104.54,52.5,52.04,49.78
4714,2,13,3754,974,1,2025-10-05,17.12,8.4,Credit Card,15.68,9.09,6.59,42.03
4715,5,105,991,1381,1,2025-04-16,118.38,7.7,Debit Card,109.23,51.17,58.06,53.15
4716,12,93,246,331,1,2024-10-01,154.48,9.9,Credit Card,139.14,66.25,72.89,52.39
4717,2,28,4604,265,1,2025-09-10,69.12,11.8,Debit Card,60.97,49.18,11.79,19.34
4718,5,47,959,1118,2,2025-08-01,124.1,9.3,Cash,225.18,124.66,100.52,44.64
4719,8,80,3095,1216,5,2025-06-30,108.63,6.9,Online,505.7,351.3,154.4,30.53
4720,5,47,4235,46,3,2025-07-16,114.02,9.1,Credit Card,310.77,141.93,168.84,54.33
4721,3,46,535,592,1,2024-11-01,55.45,7.8,Debit Card,51.15,29.55,21.6,42.23
4722,11,81,3773,386,2,2024-10-14,217.48,27.8,Debit Card,314.09,284.1,29.99,9.55
4723,5,76,1014,106,5,2025-06-17,237.24,9.1,Credit Card,1078.81,619.65,459.16,42.56
4724,10,75,436,63,1,2025-06-12,217.93,30.5,Debit Card,151.55,80.17,71.38,47.1
4725,1,68,4583,143,2,2024-12-01,132.65,31.6,Credit Card,181.42,113.78,67.64,37.28
4726,10,55,3389,85,2,2025-06-30,197.76,29.6,Cash,278.34,227.66,50.68,18.21
4727,2,13,1285,122,5,2025-05-05,148.93,11.6,Credit Card,658.64,345.7,312.94,47.51
4728,1,98,1041,1253,2,2025-06-08,257.36,32.2,Debit Card,349.03,205.32,143.71,41.17
4729,1,118,599,1249,1,2025-01-23,298.67,24.1,Cash,226.58,132.87,93.71,41.36
4730,1,54,3362,127,1,2025-11-02,84.88,26.6,Debit Card,62.27,37.01,25.26,40.57
4731,6,99,4571,102,3,2025-10-25,27.95,6.6,Online,78.36,60.06,18.3,23.35
4732,7,95,656,228,1,2024-10-11,81.35,9.6,Credit Card,73.56,40.92,32.64,44.37
4733,5,105,2681,492,1,2025-03-05,115.68,4.5,Cash,110.48,70.26,40.22,36.4
4734,4,70,1388,69,1,2024-10-09,113.81,11.5,Cash,100.7,80.7,20.0,19.86
4735,4,42,4959,953,4,2024-12-11,279.36,6.4,Cash,1046.01,703.52,342.49,32.74
4736,7,84,1076,37,1,2025-03-07,184.63,11.2,Online,163.89,117.15,46.74,28.52
4737,4,42,1456,57,1,2025-08-12,199.21,11.6,Cash,176.06,132.27,43.79,24.87
4738,11,97,4019,410,5,2025-12-02,280.45,26.3,Credit Card,1033.93,531.0,502.93,48.64
4739,12,108,3501,103,4,2025-11-26,178.7,8.1,Online,657.06,304.84,352.22,53.61
4740,5,22,1007,115,1,2024-12-03,111.64,9.9,Cash,100.64,76.06,24.58,24.42
4741,11,81,2269,1130,1,2024-12-13,222.87,31.6,Debit Card,152.5,239.84,-87.34,-57.27
4742,6,78,3505,183,4,2025-08-14,286.02,6.6,Credit Card,1068.34,809.44,258.9,24.23
4743,5,22,744,1264,2,2025-05-15,169.55,6.7,Online,316.28,154.24,162.04,51.23
4744,7,5,4650,55,3,2025-10-26,292.1,9.0,Cash,797.53,394.89,402.64,50.49
4745,11,44,1991,1295,2,2025-04-09,56.51,26.7,Credit Card,82.89,43.12,39.77,47.98
4746,6,74,682,1245,1,2025-06-23,134.09,9.6,Online,121.24,90.52,30.72,25.34
4747,6,77,213,270,1,2024-10-21,185.2,6.2,Debit Card,173.64,97.23,76.41,44.0
4748,6,77,3171,775,2,2025-09-15,171.62,6.7,Credit Card,320.36,238.16,82.2,25.66
4749,11,12,3613,219,1,2025-03-11,191.36,24.6,Debit Card,144.31,114.68,29.63,20.53
4750,11,64,2015,798,1,2025-06-25,82.52,33.1,Debit Card,55.18,40.38,14.8,26.82
4751,3,14,4459,122,2,2025-01-14,219.65,3.7,Credit Card,423.03,161.82,261.21,61.75
4752,6,78,2005,1210,2,2025-04-21,57.81,7.1,Online,107.39,79.4,27.99,26.06
4753,9,61,1239,866,1,2025-04-01,22.33,10.8,Online,19.92,25.05,-5.13,-25.75
4754,2,73,3039,698,1,2024-12-07,210.52,6.8,Debit Card,196.14,117.69,78.45,40.0
4755,3,88,3804,915,4,2025-09-08,47.41,4.3,Credit Card,181.5,74.96,106.54,58.7
4756,3,88,559,173,2,2025-03-10,217.05,5.8,Credit Card,409.08,225.8,183.28,44.8
4757,3,88,1405,95,1,2025-07-16,183.48,9.8,Credit Card,165.45,104.58,60.87,36.79
4758,6,77,2571,178,1,2025-11-02,115.75,5.3,Credit Card,109.63,79.35,30.28,27.62
4759,11,12,4417,20,1,2025-10-21,289.64,25.6,Cash,215.55,323.91,-108.36,-50.27
4760,2,28,1469,136,3,2025-06-16,229.4,3.5,Debit Card,664.18,307.86,356.32,53.65
4761,12,102,3239,322,2,2024-11-21,212.25,8.5,Cash,388.58,304.24,84.34,21.7
4762,9,24,3701,1040,1,2025-02-23,233.61,11.1,Credit Card,207.72,108.69,99.03,47.67
4763,5,113,4353,1291,2,2024-11-04,51.2,5.3,Debit Card,96.93,45.62,51.31,52.94
4764,3,115,4873,667,1,2024-10-08,188.5,11.9,Credit Card,166.08,71.94,94.14,56.68
4765,8,91,4328,1176,1,2025-04-17,81.0,5.0,Credit Card,76.96,34.06,42.9,55.74
4766,7,19,1237,146,4,2025-07-20,187.27,6.1,Credit Card,703.28,427.28,276.0,39.24
4767,5,119,74,534,2,2025-07-27,142.51,7.2,Cash,264.47,164.94,99.53,37.63
4768,6,96,905,1431,1,2025-03-03,210.71,4.0,Credit Card,202.35,80.1,122.25,60.42
4769,1,58,1411,333,1,2024-10-11,200.58,32.8,Debit Card,134.82,121.77,13.05,9.68
4770,6,107,1693,214,4,2024-11-26,283.84,8.4,Credit Card,1039.84,557.88,481.96,46.35
4771,11,97,3926,132,1,2025-05-30,168.24,30.2,Debit Card,117.44,115.98,1.46,1.24
4772,10,71,3302,158,1,2025-10-16,47.98,29.8,Credit Card,33.67,18.55,15.12,44.91
4773,12,93,42,102,3,2025-08-21,223.45,8.9,Credit Card,610.46,268.59,341.87,56.0
4774,8,30,2409,609,2,2025-10-01,225.66,5.7,Credit Card,425.66,314.22,111.44,26.18
4775,10,15,2142,672,2,2024-10-20,283.95,25.6,Debit Card,422.35,244.0,178.35,42.23
4776,6,107,2805,839,1,2025-04-28,81.55,5.5,Credit Card,77.07,39.89,37.18,48.24
4777,4,31,1176,234,1,2025-02-19,212.09,11.2,Credit Card,188.32,236.31,-47.99,-25.48
4778,1,50,3075,70,3,2024-12-16,225.83,32.6,Debit Card,456.5,427.14,29.36,6.43
4779,9,120,1069,211,1,2025-05-02,219.88,5.1,Credit Card,208.66,112.9,95.76,45.89
4780,5,40,666,746,5,2024-10-13,103.54,3.6,Cash,499.23,363.3,135.93,27.23
4781,12,60,4323,1068,1,2025-08-06,133.58,3.3,Credit Card,129.19,85.57,43.62,33.76
4782,1,58,2995,41,5,2024-10-05,244.11,31.4,Cash,837.15,706.1,131.05,15.65
4783,3,88,1759,122,5,2025-01-18,227.66,8.1,Online,1046.58,804.65,241.93,23.12
4784,10,33,3361,1386,3,2025-06-02,78.3,23.6,Online,179.5,156.72,22.78,12.69
4785,8,116,2427,216,2,2025-06-28,65.29,4.5,Online,124.73,58.52,66.21,53.08
4786,9,106,4003,36,4,2025-05-24,251.91,6.4,Online,943.15,566.56,376.59,39.93
4787,6,78,1360,102,2,2025-10-10,284.05,3.8,Online,546.63,290.1,256.53,46.93
4788,2,26,2329,983,1,2024-10-15,122.04,9.2,Debit Card,110.79,80.91,29.88,26.97
4789,11,81,974,779,1,2024-11-05,57.69,33.1,Cash,38.58,22.98,15.6,40.44
4790,6,96,713,109,2,2025-09-06,22.61,6.7,Online,42.18,18.6,23.58,55.9
4791,5,47,1930,51,1,2025-11-05,252.0,10.8,Cash,224.72,112.56,112.16,49.91
4792,7,19,3031,40,1,2024-10-13,40.39,5.9,Credit Card,37.99,17.24,20.75,54.62
4793,9,120,3757,250,1,2025-08-11,30.29,5.2,Online,28.71,14.96,13.75,47.89
4794,10,101,2694,587,2,2025-01-02,208.8,26.8,Debit Card,305.63,219.76,85.87,28.1
4795,12,60,2204,162,5,2025-06-29,237.71,4.9,Credit Card,1130.55,418.2,712.35,63.01
4796,10,87,2829,44,2,2025-04-06,257.02,31.7,Debit Card,351.08,349.54,1.54,0.44
4797,11,97,3661,247,1,2025-02-21,262.96,24.6,Credit Card,198.14,169.7,28.44,14.35
4798,6,49,1856,110,2,2025-12-08,258.16,10.8,Credit Card,460.65,314.72,145.93,31.68
4799,5,40,626,91,2,2025-10-01,48.8,6.4,Cash,91.32,61.78,29.54,32.35
4800,3,46,2974,824,1,2025-01-07,150.26,8.3,Debit Card,137.76,102.62,35.14,25.51
4801,3,14,2181,314,5,2025-01-20,68.64,4.4,Cash,327.97,242.7,85.27,26.0
4802,5,20,886,158,1,2024-11-18,289.33,9.8,Cash,260.95,203.59,57.36,21.98
4803,4,42,3802,231,3,2025-06-15,126.29,3.8,Cash,364.48,176.34,188.14,51.62
4804,2,73,1460,112,1,2025-10-27,22.99,4.6,Debit Card,21.93,15.05,6.88,31.37
4805,11,64,1485,281,2,2025-01-20,66.76,22.9,Credit Card,102.95,52.24,50.71,49.26
4806,2,43,1201,771,2,2024-12-30,34.33,4.1,Credit Card,65.87,45.24,20.63,31.32
4807,3,14,482,215,1,2025-05-17,140.26,11.1,Credit Card,124.74,64.86,59.88,48.0
4808,8,109,3167,192,5,2024-12-08,78.47,7.4,Debit Card,363.19,164.45,198.74,54.72
4809,5,22,2424,126,1,2025-05-08,202.6,5.6,Online,191.32,99.06,92.26,48.22
4810,5,22,4957,162,4,2024-11-27,298.73,4.2,Online,1144.14,528.92,615.22,53.77
4811,5,119,4063,181,1,2025-09-27,82.2,4.5,Cash,78.48,101.07,-22.59,-28.78
4812,2,69,2014,157,2,2025-09-26,131.51,9.6,Credit Card,237.84,94.62,143.22,60.22
4813,11,44,4610,46,5,2025-05-26,60.85,32.1,Credit Card,206.52,122.35,84.17,40.76
4814,6,96,1594,74,2,2025-02-10,128.6,8.8,Cash,234.57,179.26,55.31,23.58
4815,1,82,4053,1489,1,2025-02-28,128.99,30.8,Online,89.24,59.46,29.78,33.37
4816,4,31,4351,182,3,2025-11-30,63.29,5.3,Credit Card,179.71,132.81,46.9,26.1
4817,8,112,551,917,2,2025-05-18,84.03,7.4,Debit Card,155.65,91.22,64.43,41.39
4818,9,52,3603,652,1,2025-01-24,82.17,5.7,Cash,77.48,53.89,23.59,30.45
4819,6,77,4425,283,1,2025-11-14,295.87,7.5,Credit Card,273.8,142.56,131.24,47.93
4820,11,44,1140,225,1,2025-04-28,284.25,23.0,Debit Card,218.83,145.08,73.75,33.7
4821,10,55,2324,496,2,2025-09-04,18.95,23.3,Cash,29.05,19.0,10.05,34.6
4822,6,96,1155,293,2,2025-10-21,246.99,8.3,Cash,453.0,184.76,268.24,59.21
4823,11,44,3657,702,2,2025-09-10,214.34,27.7,Cash,309.83,270.26,39.57,12.77
4824,4,56,4699,1482,4,2024-11-13,267.47,7.3,Credit Card,991.56,684.04,307.52,31.01
4825,7,104,2110,158,4,2025-09-09,187.38,9.9,Cash,675.43,305.12,370.31,54.83
4826,11,81,4805,167,1,2025-06-01,102.63,27.2,Credit Card,74.74,64.52,10.22,13.67
4827,5,105,4548,568,5,2025-10-12,284.28,8.8,Debit Card,1296.75,943.8,352.95,27.22
4828,1,48,2195,1034,3,2025-04-13,242.86,27.0,Credit Card,531.53,495.99,35.54,6.69
4829,12,36,3685,95,1,2024-12-03,226.56,10.7,Credit Card,202.32,107.85,94.47,46.69
4830,12,102,784,1065,5,2025-04-16,168.58,8.0,Cash,775.72,1093.35,-317.63,-40.95
4831,9,61,4304,1190,2,2024-12-24,59.34,8.3,Debit Card,108.88,82.58,26.3,24.16
4832,8,91,1173,198,1,2025-10-18,7.25,9.2,Credit Card,6.59,3.17,3.42,51.9
4833,10,87,802,134,1,2024-10-18,106.33,33.2,Credit Card,71.05,74.55,-3.5,-4.93
4834,1,59,1221,201,1,2025-11-21,161.81,27.3,Credit Card,117.66,90.06,27.6,23.46
4835,1,58,464,94,2,2025-06-09,268.38,25.4,Credit Card,400.57,252.76,147.81,36.9
4836,9,65,578,30,1,2025-03-23,254.27,11.3,Cash,225.49,141.97,83.52,37.04
4837,2,103,480,892,1,2024-12-19,108.9,10.2,Cash,97.76,62.3,35.46,36.27
4838,4,1,3662,285,1,2024-11-26,114.7,6.3,Debit Card,107.51,125.32,-17.81,-16.57
4839,11,97,2197,248,1,2025-01-09,147.61,29.2,Cash,104.56,90.89,13.67,13.07
4840,1,3,444,107,2,2025-04-12,160.5,32.7,Credit Card,215.9,129.56,86.34,39.99
4841,10,90,4202,277,2,2024-11-20,291.05,31.1,Cash,401.0,316.7,84.3,21.02
4842,3,21,2478,201,3,2025-03-22,102.4,9.4,Debit Card,278.45,166.2,112.25,40.31
4843,6,99,4368,254,2,2025-06-15,28.62,5.2,Cash,54.28,62.66,-8.38,-15.44
4844,3,115,3211,46,1,2025-03-16,157.98,5.6,Online,149.13,55.64,93.49,62.69
4845,4,1,2046,1269,1,2025-10-22,262.43,8.8,Credit Card,239.35,93.53,145.82,60.92
4846,11,63,3105,793,1,2024-12-19,103.94,33.9,Credit Card,68.72,130.62,-61.9,-90.08
4847,9,65,4788,724,4,2025-06-02,287.26,6.5,Cash,1074.92,482.6,592.32,55.1
4848,3,14,75,291,5,2025-07-11,82.16,3.6,Credit Card,396.01,153.35,242.66,61.28
4849,5,20,2018,114,2,2025-11-16,126.32,11.9,Debit Card,222.69,177.94,44.75,20.1
4850,8,57,3753,52,1,2025-09-18,147.66,5.1,Cash,140.2,98.71,41.49,29.59
4851,5,119,779,181,1,2025-03-08,227.35,8.6,Online,207.79,111.27,96.52,46.45
4852,7,84,3194,207,4,2025-12-02,272.54,10.1,Credit Card,979.74,470.2,509.54,52.01
4853,12,36,4103,784,2,2025-02-25,252.77,7.6,Debit Card,467.26,317.18,150.08,32.12
4854,10,71,1748,75,4,2025-05-18,170.37,26.2,Credit Card,502.74,257.28,245.46,48.82
4855,6,72,2960,951,1,2024-10-11,232.36,7.8,Credit Card,214.28,92.42,121.86,56.87
4856,8,9,797,222,4,2025-01-08,16.14,8.7,Cash,58.92,41.16,17.76,30.14
4857,12,108,2309,900,5,2025-06-24,82.6,6.7,Credit Card,385.13,279.8,105.33,27.35
4858,6,78,2773,248,3,2025-03-16,125.95,6.2,Credit Card,354.4,228.9,125.5,35.41
4859,7,95,3471,26,5,2025-02-11,27.97,11.9,Debit Card,123.25,78.95,44.3,35.94
4860,8,80,3287,325,1,2025-04-10,162.69,6.4,Cash,152.34,91.26,61.08,40.09
4861,5,92,4531,214,1,2024-12-02,100.41,7.0,Online,93.36,109.43,-16.07,-17.21
4862,8,109,1528,230,3,2025-07-14,99.19,4.5,Debit Card,284.3,153.93,130.37,45.86
4863,2,83,621,848,5,2025-10-08,258.74,10.4,Debit Card,1158.58,779.5,379.08,32.72
4864,6,74,3421,112,1,2025-03-15,278.71,10.0,Credit Card,250.94,140.97,109.97,43.82
4865,6,74,833,13,3,2025-05-15,235.35,9.6,Debit Card,638.36,281.7,356.66,55.87
4866,7,19,3845,144,5,2025-11-06,12.74,10.8,Online,56.81,34.3,22.51,39.62
4867,7,84,457,78,2,2025-02-14,70.94,3.2,Online,137.39,72.54,64.85,47.2
4868,4,31,993,172,4,2025-07-25,238.65,3.2,Cash,924.42,383.76,540.66,58.49
4869,9,24,2054,105,1,2025-07-11,88.31,11.8,Credit Card,77.89,44.02,33.87,43.48
4870,3,21,1625,49,5,2025-04-13,68.95,4.7,Credit Card,328.45,384.05,-55.6,-16.93
4871,9,111,4286,983,1,2024-10-23,115.74,11.0,Online,103.03,73.66,29.37,28.51
4872,9,120,3794,105,1,2025-10-29,161.68,10.2,Online,145.27,74.65,70.62,48.61
4873,3,14,1084,182,3,2025-02-10,62.49,7.7,Debit Card,173.07,106.44,66.63,38.5
4874,11,64,2857,1,2,2025-06-15,65.96,23.6,Credit Card,100.83,66.94,33.89,33.61
4875,3,53,3022,816,5,2025-11-13,102.25,4.9,Cash,486.45,228.2,258.25,53.09
4876,1,86,522,232,1,2024-11-29,82.44,33.4,Online,54.93,53.13,1.8,3.28
4877,7,19,4689,1095,2,2025-08-19,113.72,10.0,Cash,204.68,128.78,75.9,37.08
4878,8,30,326,27,1,2025-06-09,40.44,7.5,Debit Card,37.39,50.49,-13.1,-35.04
4879,7,84,3235,82,2,2025-06-30,261.87,11.9,Credit Card,461.53,206.78,254.75,55.2
4880,7,5,1975,129,5,2025-03-18,133.46,7.8,Credit Card,615.05,335.25,279.8,45.49
4881,11,44,4369,1165,5,2025-06-12,56.27,32.1,Cash,191.08,155.85,35.23,18.44
4882,5,47,3591,178,1,2024-11-02,124.83,3.9,Cash,119.96,52.88,67.08,55.92
4883,7,19,4797,94,3,2024-12-31,159.32,7.7,Online,441.08,286.8,154.28,34.98
4884,10,101,2319,905,1,2025-06-18,55.88,26.8,Cash,40.92,22.22,18.7,45.7
4885,4,42,4582,152,1,2025-06-07,117.36,4.4,Cash,112.2,69.64,42.56,37.93
4886,1,54,2234,175,2,2025-01-13,105.89,25.8,Cash,157.12,80.58,76.54,48.71
4887,11,97,1527,464,5,2025-09-08,19.59,30.4,Credit Card,68.13,46.55,21.58,31.67
4888,10,33,459,192,5,2024-12-12,18.18,26.9,Credit Card,66.45,60.1,6.35,9.56
4889,4,70,299,9,2,2024-12-09,64.16,3.1,Credit Card,124.35,88.24,36.11,29.04
4890,4,42,3893,1468,1,2025-10-25,62.76,9.7,Debit Card,56.66,34.09,22.57,39.83
4891,4,42,1259,120,2,2025-08-25,39.25,7.7,Debit Card,72.42,49.64,22.78,31.46
4892,6,107,590,123,1,2025-04-27,282.37,8.8,Debit Card,257.5,343.57,-86.07,-33.43
4893,1,118,3707,67,2,2025-11-01,289.26,25.1,Debit Card,433.56,224.36,209.2,48.25
4894,4,31,1101,79,5,2025-10-17,110.78,6.9,Debit Card,515.48,280.65,234.83,45.56
4895,1,59,2789,251,1,2024-10-03,106.9,22.2,Debit Card,83.16,56.14,27.02,32.49
4896,1,118,3277,1320,2,2025-04-19,77.61,29.5,Credit Card,109.45,79.86,29.59,27.04
4897,5,119,2159,592,5,2025-02-19,211.52,11.4,Credit Card,937.4,506.15,431.25,46.0
4898,12,36,1831,473,5,2025-08-19,225.58,3.1,Debit Card,1092.86,614.6,478.26,43.76
4899,11,12,4144,181,1,2025-07-19,82.38,30.6,Credit Card,57.16,54.2,2.96,5.18
4900,10,117,406,940,1,2025-04-30,174.82,33.0,Credit Card,117.1,102.76,14.34,12.25
4901,9,111,4901,237,1,2025-03-23,181.96,3.0,Credit Card,176.43,85.62,90.81,51.47
4902,9,111,1636,229,4,2024-12-21,188.13,11.9,Credit Card,662.65,343.08,319.57,48.23
4903,1,118,745,1484,1,2025-02-06,220.12,24.3,Credit Card,166.55,117.65,48.9,29.36
4904,6,49,4345,327,1,2025-07-03,261.81,8.7,Credit Card,239.09,134.62,104.47,43.69
4905,9,52,4651,1105,4,2025-10-16,43.36,6.3,Online,162.59,92.16,70.43,43.32
4906,11,81,45,263,2,2025-09-14,297.9,31.4,Credit Card,408.51,389.56,18.95,4.64
4907,1,68,3555,81,3,2024-12-27,215.5,22.5,Cash,501.26,286.8,214.46,42.78
4908,2,103,3706,1462,1,2025-10-19,150.71,7.9,Cash,138.78,102.88,35.9,25.87
4909,10,33,2272,468,2,2025-02-24,40.37,24.4,Credit Card,61.01,34.64,26.37,43.22
4910,3,115,644,75,1,2025-05-05,119.81,10.1,Debit Card,107.74,65.91,41.83,38.82
4911,5,113,1519,721,2,2025-03-17,208.87,8.0,Credit Card,384.45,164.66,219.79,57.17
4912,11,81,4587,220,5,2025-10-15,284.06,33.1,Debit Card,949.76,550.95,398.81,41.99
4913,10,15,2722,968,3,2024-11-29,159.13,25.2,Credit Card,356.99,331.5,25.49,7.14
4914,11,81,2215,139,5,2024-10-28,194.04,29.0,Cash,688.78,431.85,256.93,37.3
4915,8,112,1231,1327,2,2025-09-24,60.54,10.1,Credit Card,108.88,72.32,36.56,33.58
4916,11,44,423,149,1,2025-06-06,136.23,29.0,Credit Card,96.72,84.65,12.07,12.48
4917,12,108,1809,1492,3,2025-07-09,154.49,8.2,Debit Card,425.42,262.8,162.62,38.23
4918,12,108,4702,601,1,2025-11-15,231.73,9.8,Online,209.07,165.82,43.25,20.69
4919,3,46,4733,1414,1,2025-06-02,55.86,3.9,Debit Card,53.68,38.58,15.1,28.13
4920,7,104,1804,673,5,2025-09-01,271.91,8.5,Debit Card,1243.7,648.3,595.4,47.87
4921,1,29,1286,763,1,2025-06-24,225.44,26.1,Cash,166.67,113.12,53.55,32.13
4922,11,63,2461,61,1,2025-09-12,193.45,28.1,Cash,139.09,116.22,22.87,16.44
4923,11,64,3841,8,3,2025-07-11,70.34,25.9,Credit Card,156.28,120.78,35.5,22.72
4924,10,15,2476,44,3,2025-05-20,179.09,29.0,Cash,381.54,303.69,77.85,20.4
4925,5,105,4447,219,2,2025-08-22,121.73,4.8,Cash,231.77,175.28,56.49,24.37
4926,2,28,4512,202,1,2025-12-03,294.31,7.0,Online,273.58,149.48,124.1,45.36
4927,5,119,3169,92,2,2024-11-12,12.14,8.4,Online,22.24,25.5,-3.26,-14.66
4928,5,92,4052,22,2,2025-02-20,23.79,6.9,Online,44.3,32.44,11.86,26.77
4929,10,38,2053,577,1,2024-10-01,97.5,24.3,Cash,73.83,58.45,15.38,20.83
4930,6,49,3840,99,4,2025-09-21,114.48,11.1,Cash,407.09,230.0,177.09,43.5
4931,11,97,4497,1436,2,2025-10-07,170.04,33.6,Credit Card,225.86,159.6,66.26,29.34
4932,5,22,1313,52,1,2024-10-08,94.55,4.9,Online,89.91,55.33,34.58,38.46
4933,1,68,682,182,1,2025-06-10,134.09,28.3,Cash,96.13,90.52,5.61,5.84
4934,10,117,3991,240,2,2025-03-01,21.74,27.1,Debit Card,31.7,18.46,13.24,41.77
4935,2,35,4678,110,1,2025-02-02,293.67,5.8,Credit Card,276.65,119.93,156.72,56.65
4936,7,104,1330,252,2,2025-07-22,292.14,11.6,Debit Card,516.36,359.94,156.42,30.29
4937,3,14,4416,63,3,2025-08-13,282.07,7.4,Debit Card,783.29,353.91,429.38,54.82
4938,11,64,889,1,1,2025-03-27,88.92,24.0,Debit Card,67.62,48.83,18.79,27.79
4939,8,85,4070,595,2,2025-05-03,66.02,3.1,Debit Card,127.97,93.62,34.35,26.84
4940,2,83,4487,1004,1,2025-11-23,200.94,3.5,Online,193.92,126.21,67.71,34.92
4941,3,46,2639,288,4,2024-11-17,184.67,7.3,Credit Card,684.68,271.56,413.12,60.34
4942,10,75,702,115,2,2024-11-13,246.78,28.8,Credit Card,351.3,217.04,134.26,38.22
4943,7,5,2957,198,2,2024-12-29,68.04,7.3,Debit Card,126.13,95.24,30.89,24.49
4944,1,59,2877,379,2,2024-12-14,169.89,23.6,Cash,259.74,405.3,-145.56,-56.04
4945,10,117,4995,17,1,2024-12-31,166.14,30.4,Cash,115.61,99.4,16.21,14.02
4946,5,22,3518,48,2,2025-04-16,37.42,7.1,Debit Card,69.52,37.88,31.64,45.51
4947,7,95,2071,1375,2,2025-09-22,116.97,10.5,Credit Card,209.37,99.32,110.05,52.56
4948,1,17,3988,536,1,2024-12-28,41.25,29.6,Online,29.04,22.11,6.93,23.86
4949,1,118,4894,591,5,2024-10-10,268.35,28.6,Cash,958.35,740.25,218.1,22.76
4950,4,31,3822,52,4,2025-05-13,240.09,9.5,Credit Card,869.42,489.44,379.98,43.7
4951,11,97,715,117,1,2025-01-25,91.81,26.8,Cash,67.22,49.95,17.27,25.69
4952,7,95,916,196,3,2024-11-12,276.28,4.2,Cash,794.0,360.66,433.34,54.58
4953,1,98,3521,103,1,2025-05-05,281.63,27.5,Credit Card,204.15,201.12,3.03,1.48
4954,6,78,1007,929,3,2025-02-06,111.64,3.5,Credit Card,323.06,228.18,94.88,29.37
4955,4,42,3269,320,4,2025-02-19,141.64,3.0,Debit Card,549.32,277.0,272.32,49.57
4956,5,20,866,99,4,2025-02-16,10.61,10.2,Credit Card,38.09,29.96,8.13,21.34
4957,11,64,3269,813,3,2025-11-14,141.64,28.3,Cash,304.54,207.75,96.79,31.78
4958,2,32,3176,271,1,2025-07-22,145.57,4.7,Credit Card,138.71,104.08,34.63,24.97
4959,2,83,109,104,2,2025-06-07,79.84,9.5,Debit Card,144.48,96.24,48.24,33.39
4960,10,101,2504,1029,3,2025-08-20,26.2,24.7,Debit Card,59.22,29.58,29.64,50.05
4961,9,2,4932,105,5,2025-04-24,215.47,4.6,Credit Card,1027.92,729.35,298.57,29.05
4962,6,78,1323,572,3,2025-09-13,259.33,6.0,Credit Card,731.2,405.6,325.6,44.53
4963,11,81,2020,200,4,2024-11-30,14.08,25.7,Online,41.84,39.68,2.16,5.16
4964,12,93,3564,749,1,2025-08-11,294.0,9.9,Online,265.01,113.74,151.27,57.08
4965,3,88,4819,212,4,2025-07-11,169.89,8.5,Debit Card,622.1,406.24,215.86,34.7
4966,12,36,1302,144,1,2025-09-25,294.02,6.5,Credit Card,274.89,194.1,80.79,29.39
4967,12,108,4828,1384,4,2025-09-07,48.52,6.7,Online,181.0,115.72,65.28,36.07
4968,2,28,1374,777,4,2025-07-01,228.05,6.9,Debit Card,849.33,521.16,328.17,38.64
4969,9,24,966,983,1,2024-12-13,91.88,11.3,Online,81.48,56.1,25.38,31.15
4970,7,19,2281,157,4,2025-01-08,223.73,7.7,Debit Card,826.02,382.68,443.34,53.67
4971,9,24,2429,174,2,2025-02-12,265.43,7.6,Credit Card,490.53,286.18,204.35,41.66
4972,8,85,4723,87,1,2024-10-16,158.59,6.3,Debit Card,148.6,102.46,46.14,31.05
4973,8,30,2853,224,3,2025-01-29,89.78,8.7,Credit Card,245.77,134.13,111.64,45.42
4974,5,20,2716,1491,1,2025-09-24,97.71,8.0,Cash,89.91,46.03,43.88,48.8
4975,7,84,3851,295,1,2025-10-12,183.18,8.9,Debit Card,166.9,81.32,85.58,51.28
4976,5,47,4635,673,2,2024-11-27,143.89,11.5,Debit Card,254.77,168.94,85.83,33.69
4977,10,117,2379,713,1,2025-02-08,261.53,32.2,Debit Card,177.27,103.14,74.13,41.82
4978,7,41,2557,102,1,2024-11-25,275.56,3.6,Debit Card,265.73,163.69,102.04,38.4
4979,6,74,972,29,2,2025-05-30,271.6,11.9,Credit Card,478.83,328.78,150.05,31.34
4980,4,42,1083,61,5,2025-09-26,106.7,5.2,Online,505.77,375.85,129.92,25.69
4981,7,7,1980,660,1,2025-05-31,123.83,8.8,Online,112.95,75.77,37.18,32.92
4982,6,107,2878,228,4,2024-10-04,163.48,8.6,Debit Card,597.77,364.76,233.01,38.98
4983,7,19,3091,1215,2,2025-04-03,198.41,3.4,Debit Card,383.31,193.94,189.37,49.4
4984,10,55,811,184,1,2025-05-20,106.19,22.8,Debit Card,81.97,69.25,12.72,15.52
4985,1,86,4028,52,1,2024-11-18,228.98,31.6,Debit Card,156.73,116.75,39.98,25.51
4986,9,51,4180,1406,1,2025-08-31,198.19,10.3,Credit Card,177.78,103.17,74.61,41.97
4987,10,67,3904,201,1,2025-06-19,17.02,26.5,Credit Card,12.51,8.06,4.45,35.57
4988,8,85,2886,1045,1,2025-08-16,187.99,6.4,Online,176.03,88.99,87.04,49.45
4989,3,21,233,24,2,2024-11-24,160.88,9.0,Credit Card,292.84,128.06,164.78,56.27
4990,1,4,2523,180,4,2025-10-21,37.72,26.8,Online,110.45,63.6,46.85,42.42
4991,11,12,2352,298,1,2025-02-22,106.57,26.5,Debit Card,78.33,56.91,21.42,27.35
4992,2,73,2962,263,1,2025-10-01,82.84,7.3,Debit Card,76.81,105.93,-29.12,-37.91
4993,11,81,457,684,2,2025-11-01,70.94,29.2,Debit Card,100.45,72.54,27.91,27.78
4994,12,108,1475,1150,4,2025-05-04,291.8,5.8,Online,1099.72,656.24,443.48,40.33
4995,6,49,1554,776,4,2025-11-02,296.2,10.1,Debit Card,1064.61,675.0,389.61,36.6
4996,7,84,3704,156,1,2025-02-13,56.67,10.2,Debit Card,50.88,24.31,26.57,52.22
4997,11,12,2032,1409,1,2025-04-20,23.19,27.5,Debit Card,16.81,13.35,3.46,20.58
4998,2,89,3923,1258,4,2025-07-16,188.77,3.2,Cash,731.05,358.4,372.65,50.97
4999,12,108,2714,391,1,2025-07-10,173.9,7.7,Debit Card,160.58,68.64,91.94,57.25
5000,8,112,353,255,3,2025-02-07,74.09,10.3,Debit Card,199.44,114.63,84.81,42.52
5001,6,78,2337,259,1,2024-11-26,198.55,3.1,Cash,192.47,136.8,55.67,28.92
5002,5,40,3718,706,4,2025-01-08,246.76,5.1,Cash,936.28,683.4,252.88,27.01
5003,5,22,3514,242,2,2024-11-17,225.4,7.8,Debit Card,415.82,303.6,112.22,26.99
5004,6,96,2233,1460,5,2024-10-23,258.87,6.4,Credit Card,1211.39,697.6,513.79,42.41
5005,1,79,4745,632,4,2024-11-01,178.91,27.2,Debit Card,520.87,452.12,68.75,13.2
5006,3,14,1418,120,4,2025-08-27,195.33,8.0,Credit Card,718.88,368.84,350.04,48.69
5007,7,104,593,476,3,2025-11-12,232.08,9.3,Credit Card,631.6,351.21,280.39,44.39
5008,6,99,180,243,1,2025-06-02,284.78,3.3,Credit Card,275.47,171.32,104.15,37.81
5009,7,5,4948,80,1,2025-04-25,206.86,4.2,Credit Card,198.11,113.46,84.65,42.73
5010,2,35,141,260,2,2025-06-12,230.36,7.6,Credit Card,425.85,244.76,181.09,42.52
5011,6,107,977,1077,1,2025-03-02,90.31,10.4,Cash,80.9,58.39,22.51,27.82
5012,5,105,755,13,2,2025-04-08,46.13,3.6,Credit Card,88.92,64.66,24.26,27.28
5013,3,46,2225,1054,3,2025-05-02,227.26,3.2,Credit Card,660.15,372.21,287.94,43.62
5014,10,87,2251,556,3,2024-12-04,89.57,23.4,Debit Card,205.71,167.67,38.04,18.49
5015,2,26,2573,677,5,2024-10-22,188.44,7.1,Debit Card,875.26,551.0,324.26,37.05
5016,12,102,3635,1178,4,2024-10-26,147.65,5.7,Credit Card,557.13,315.8,241.33,43.32
5017,5,22,1530,1332,2,2024-12-23,10.99,4.3,Cash,21.03,8.28,12.75,60.63
5018,7,41,244,148,2,2025-11-01,54.29,5.6,Online,102.45,73.94,28.51,27.83
5019,6,66,872,1258,2,2025-09-06,254.64,5.4,Debit Card,481.9,289.98,191.92,39.83
5020,11,63,2774,109,1,2025-02-20,205.82,33.3,Debit Card,137.27,124.97,12.3,8.96
5021,3,46,2009,73,2,2025-08-21,281.07,8.4,Credit Card,514.89,337.3,177.59,34.49
5022,6,49,4115,278,1,2025-11-12,127.6,10.7,Online,113.95,54.87,59.08,51.85
5023,9,52,4893,1283,4,2024-12-30,265.5,9.5,Debit Card,960.66,486.4,474.26,49.37
5024,3,88,4695,28,2,2025-10-04,165.13,8.6,Debit Card,302.0,164.36,137.64,45.58
5025,2,28,963,265,2,2025-10-06,110.55,5.7,Credit Card,208.51,150.5,58.01,27.82
5026,9,51,659,536,3,2025-03-22,51.6,7.7,Debit Card,142.81,95.85,46.96,32.88
5027,11,63,4440,737,5,2025-11-22,87.49,31.4,Cash,299.96,180.8,119.16,39.73
5028,12,18,3617,252,5,2025-11-28,235.35,4.4,Cash,1125.44,593.8,531.64,47.24
5029,5,40,3769,288,5,2024-10-01,168.65,3.8,Online,810.79,374.9,435.89,53.76
5030,1,54,1107,227,1,2025-03-18,158.55,27.8,Online,114.52,62.23,52.29,45.66
5031,1,58,4647,670,1,2024-10-26,83.34,23.9,Credit Card,63.42,42.83,20.59,32.47
5032,9,6,4655,190,1,2025-04-22,282.77,9.5,Credit Card,255.95,195.05,60.9,23.79
5033,11,64,4443,141,2,2025-04-19,297.75,33.2,Online,397.71,298.96,98.75,24.83
5034,8,80,2738,132,2,2024-11-02,41.92,8.3,Online,76.85,54.52,22.33,29.06
5035,2,89,4641,461,4,2024-11-09,124.63,8.1,Online,458.16,610.56,-152.4,-33.26
5036,1,50,4785,1274,2,2025-09-12,40.45,24.1,Credit Card,61.38,40.0,21.38,34.83
5037,10,55,4490,137,4,2025-10-26,191.1,23.9,Debit Card,582.09,283.12,298.97,51.36
5038,9,111,3996,125,2,2025-10-07,90.06,9.6,Debit Card,162.79,116.36,46.43,28.52
5039,4,1,3161,647,1,2025-09-08,106.77,9.5,Cash,96.62,68.59,28.03,29.01
5040,6,74,3581,5,1,2025-04-04,137.36,7.6,Debit Card,126.97,56.01,70.96,55.89
5041,11,63,3465,1003,2,2025-07-25,42.05,24.2,Cash,63.74,47.24,16.5,25.89
5042,4,31,223,190,2,2025-01-05,48.1,6.9,Credit Card,89.59,36.66,52.93,59.08
5043,12,108,3485,1206,2,2025-05-15,66.19,5.0,Online,125.74,86.24,39.5,31.41
5044,10,16,2180,626,5,2025-08-15,78.78,23.1,Credit Card,302.9,488.2,-185.3,-61.18
5045,4,42,337,879,2,2025-08-02,132.77,3.9,Debit Card,255.16,145.14,110.02,43.12
5046,11,44,4049,86,4,2025-08-08,265.95,24.0,Credit Card,808.7,723.16,85.54,10.58
5047,8,112,2451,183,2,2025-03-02,181.44,9.1,Cash,329.97,231.94,98.03,29.71
5048,9,25,1219,141,5,2024-12-24,127.72,10.0,Cash,574.93,378.9,196.03,34.1
5049,5,119,3834,646,5,2025-08-21,77.1,11.4,Credit Card,341.5,152.75,188.75,55.27
5050,3,115,2529,12,2,2025-10-04,134.52,7.5,Credit Card,248.98,155.56,93.42,37.52
5051,12,18,2418,358,1,2025-01-05,16.77,8.9,Credit Card,15.28,7.04,8.24,53.93
5052,11,64,2514,1105,2,2025-04-02,50.2,29.7,Credit Card,70.56,71.56,-1.0,-1.42
5053,7,19,4565,22,5,2025-03-08,229.97,9.0,Cash,1045.82,472.35,573.47,54.83
5054,2,10,1880,146,1,2025-02-23,14.55,9.4,Cash,13.18,5.44,7.74,58.73
5055,2,89,4752,104,1,2025-05-11,172.06,10.0,Debit Card,154.81,122.47,32.34,20.89
5056,12,108,894,1495,4,2025-06-16,132.05,5.2,Online,500.75,311.44,189.31,37.81
5057,9,51,3807,1457,1,2025-01-06,121.77,10.0,Credit Card,109.65,80.58,29.07,26.51
5058,6,96,4668,63,5,2025-07-07,130.61,11.0,Credit Card,581.03,238.7,342.33,58.92
5059,9,111,3267,98,1,2025-11-29,290.08,3.6,Online,279.65,120.25,159.4,57.0
5060,5,20,192,12,1,2025-01-13,266.96,11.2,Debit Card,237.15,188.46,48.69,20.53
5061,12,93,4551,284,1,2025-07-13,181.25,5.7,Online,170.88,86.73,84.15,49.25
5062,1,54,4961,558,2,2025-08-06,211.05,24.5,Cash,318.59,201.86,116.73,36.64
5063,2,73,773,464,5,2025-04-21,31.4,3.5,Cash,151.58,91.7,59.88,39.5
5064,3,21,653,130,5,2025-09-16,28.61,11.3,Cash,126.86,84.55,42.31,33.35
5065,10,16,1758,102,1,2025-07-09,34.47,27.3,Debit Card,25.05,22.25,2.8,11.18
5066,8,9,654,28,5,2025-03-03,18.81,10.0,Online,84.69,41.95,42.74,50.47
5067,11,44,2207,398,2,2024-11-10,244.37,28.6,Cash,349.1,230.9,118.2,33.86
5068,3,53,2926,123,1,2025-03-14,97.37,10.3,Credit Card,87.36,53.18,34.18,39.13
5069,3,115,1584,45,5,2025-11-14,41.19,6.2,Cash,193.26,83.6,109.66,56.74
5070,7,7,63,178,2,2025-07-03,115.5,11.0,Online,205.54,125.56,79.98,38.91
5071,9,25,3690,75,5,2025-09-06,38.07,7.6,Credit Card,175.81,96.9,78.91,44.88
5072,4,70,4736,254,5,2024-10-13,142.61,11.2,Debit Card,633.38,471.75,161.63,25.52
5073,12,100,4868,75,3,2025-04-02,51.57,7.7,Cash,142.85,73.86,68.99,48.3
5074,4,34,4558,1466,4,2025-07-31,53.75,10.8,Credit Card,191.71,136.16,55.55,28.98
5075,9,52,4303,168,5,2025-04-28,112.61,7.6,Debit Card,520.37,340.9,179.47,34.49
5076,5,105,4665,238,5,2025-11-28,167.64,6.9,Debit Card,780.26,535.2,245.06,31.41
5077,6,96,3107,299,4,2024-12-29,116.51,9.8,Online,420.21,581.84,-161.63,-38.46
5078,7,19,1166,1052,3,2025-06-08,237.15,6.2,Debit Card,667.15,806.01,-138.86,-20.81
5079,6,107,2637,1344,3,2024-10-17,285.28,9.7,Credit Card,773.06,1065.3,-292.24,-37.8
5080,12,93,2968,184,2,2025-01-15,170.87,7.0,Credit Card,317.83,141.32,176.51,55.54
5081,2,43,3095,212,2,2025-11-26,108.63,4.7,Debit Card,207.09,140.52,66.57,32.15
5082,9,24,4474,76,1,2025-11-19,43.58,11.8,Credit Card,38.45,26.82,11.63,30.25
5083,2,35,1461,95,1,2024-12-24,46.21,5.5,Credit Card,43.69,25.41,18.28,41.84
5084,9,2,1139,667,1,2025-09-26,178.94,6.2,Credit Card,167.78,111.59,56.19,33.49
5085,6,78,3171,218,1,2025-11-21,171.62,7.7,Credit Card,158.33,119.08,39.25,24.79
5086,5,105,1534,1027,3,2025-05-23,162.83,10.2,Debit Card,438.61,178.74,259.87,59.25
5087,8,9,4565,265,2,2025-04-22,229.97,7.1,Cash,427.24,188.94,238.3,55.78
5088,2,83,1800,142,4,2025-09-08,168.36,5.2,Credit Card,638.64,343.88,294.76,46.15
5089,1,82,2721,538,5,2024-10-15,185.47,30.2,Online,646.99,655.25,-8.26,-1.28
5090,7,84,3036,237,1,2024-10-25,120.94,10.0,Online,108.84,71.81,37.03,34.02
5091,6,74,3002,1171,2,2025-09-23,277.96,10.3,Cash,498.91,260.68,238.23,47.75
5092,4,56,62,186,2,2025-09-16,120.83,7.8,Credit Card,222.73,96.12,126.61,56.84
5093,4,42,3150,128,1,2025-03-27,217.6,9.2,Credit Card,197.6,92.71,104.89,53.08
5094,11,97,3358,220,2,2025-01-01,295.84,24.1,Online,449.17,324.7,124.47,27.71
5095,6,77,2174,1048,5,2024-10-27,181.16,4.3,Debit Card,866.79,531.25,335.54,38.71
5096,7,62,2449,974,5,2025-06-21,66.96,4.4,Online,320.17,215.95,104.22,32.55
5097,2,83,998,1181,1,2025-08-12,201.38,3.4,Credit Card,194.56,88.42,106.14,54.55
5098,7,19,2755,1049,1,2024-12-11,42.0,5.1,Credit Card,39.86,19.51,20.35,51.05
5099,10,38,825,166,1,2025-07-15,249.86,28.2,Credit Card,179.35,124.26,55.09,30.72
5100,7,62,3033,297,1,2024-10-06,35.16,11.2,Credit Card,31.23,14.58,16.65,53.31
5101,12,36,2630,885,1,2025-03-05,296.21,10.1,Debit Card,266.18,121.03,145.15,54.53
5102,6,74,356,1018,1,2024-10-19,252.39,9.9,Credit Card,227.41,163.8,63.61,27.97
5103,3,88,946,201,5,2025-01-26,293.04,11.2,Credit Card,1301.32,963.35,337.97,25.97
5104,8,80,1091,257,5,2025-07-27,145.06,5.1,Online,688.66,514.0,174.66,25.36
5105,1,58,4857,146,1,2024-12-20,152.6,33.6,Credit Card,101.37,54.66,46.71,46.08
5106,8,9,2451,594,1,2024-12-27,181.44,6.8,Debit Card,169.14,115.97,53.17,31.44
5107,12,18,4427,516,1,2025-02-17,47.28,6.4,Cash,44.26,30.61,13.65,30.84
5108,12,100,4389,296,1,2024-12-28,119.29,8.4,Cash,109.3,81.42,27.88,25.51
5109,7,19,4192,382,2,2024-11-08,95.8,7.3,Credit Card,177.53,92.26,85.27,48.03
5110,2,114,4511,1196,1,2025-04-18,35.46,9.7,Credit Card,32.01,18.57,13.44,41.99
5111,1,50,439,961,2,2025-05-07,61.44,27.4,Credit Card,89.25,55.92,33.33,37.34
5112,8,80,2902,63,1,2025-08-24,280.48,8.2,Debit Card,257.5,123.48,134.02,52.05
5113,4,56,1095,429,4,2024-12-29,76.54,4.9,Online,291.25,109.88,181.37,62.27
5114,11,44,3457,81,4,2025-03-13,254.16,29.5,Cash,717.12,554.12,163.0,22.73
5115,12,108,4406,75,5,2025-11-09,59.02,5.4,Cash,279.23,371.4,-92.17,-33.01
5116,10,101,3925,225,3,2025-11-06,148.57,33.8,Debit Card,294.98,544.5,-249.52,-84.59
5117,12,93,1780,243,1,2024-10-17,296.83,7.6,Cash,274.35,184.37,89.98,32.8
5118,10,33,411,53,1,2025-07-07,138.32,27.4,Cash,100.49,58.92,41.57,41.37
5119,9,65,4395,256,1,2025-12-06,44.9,4.5,Cash,42.9,17.02,25.88,60.33
5120,12,93,511,89,5,2024-12-26,106.74,8.1,Debit Card,490.28,211.8,278.48,56.8
5121,11,63,1907,276,1,2024-10-15,7.63,27.6,Debit Card,5.52,9.56,-4.04,-73.19
5122,4,1,1532,997,1,2025-07-23,209.28,6.9,Cash,194.77,96.6,98.17,50.4
5123,11,63,537,43,1,2025-08-29,144.1,30.9,Credit Card,99.58,70.8,28.78,28.9
5124,12,36,2629,200,2,2024-12-28,175.95,5.4,Credit Card,332.82,158.68,174.14,52.32
5125,11,63,2563,117,1,2024-11-09,237.23,26.3,Credit Card,174.77,115.45,59.32,33.94
5126,11,12,708,288,5,2024-12-08,73.02,24.1,Online,277.09,430.35,-153.26,-55.31
5127,8,9,2237,1181,5,2025-03-16,270.66,6.9,Credit Card,1259.27,862.25,397.02,31.53
5128,8,116,3414,99,1,2025-06-18,126.68,7.5,Debit Card,117.21,51.03,66.18,56.46
5129,1,48,1420,529,2,2025-02-19,45.11,23.3,Cash,69.23,35.94,33.29,48.09
5130,5,40,2968,47,1,2025-04-11,170.87,10.7,Credit Card,152.59,70.66,81.93,53.69
5131,11,12,3655,273,2,2025-07-18,158.07,30.9,Cash,218.35,119.1,99.25,45.45
5132,4,34,4632,529,3,2025-05-24,216.47,10.4,Credit Card,582.15,455.67,126.48,21.73
5133,4,31,4030,513,3,2024-12-28,84.15,10.8,Cash,225.27,166.2,59.07,26.22
5134,9,52,2821,715,1,2025-04-30,125.34,7.6,Cash,115.83,148.16,-32.33,-27.91
5135,12,100,2157,209,2,2025-07-28,242.12,11.0,Credit Card,431.19,188.18,243.01,56.36
5136,11,81,815,781,1,2025-09-18,259.91,27.9,Cash,187.35,108.69,78.66,41.99
5137,12,102,4597,237,2,2025-10-13,260.21,11.6,Debit Card,459.83,658.22,-198.39,-43.14
5138,3,53,136,162,4,2025-05-12,208.37,6.9,Credit Card,776.25,552.32,223.93,28.85
5139,8,30,1075,161,4,2025-07-10,72.42,10.0,Cash,260.71,112.68,148.03,56.78
5140,12,102,2766,88,3,2025-01-03,239.4,6.2,Credit Card,674.01,306.21,367.8,54.57
5141,9,106,4460,662,1,2024-12-20,253.12,4.1,Debit Card,242.62,139.54,103.08,42.49
5142,8,109,2597,79,2,2025-02-28,294.03,10.8,Online,524.74,238.9,285.84,54.47
5143,4,1,81,409,1,2025-08-25,68.7,9.3,Debit Card,62.32,48.92,13.4,21.5
5144,2,89,171,497,4,2024-10-05,173.62,8.2,Debit Card,637.23,472.04,165.19,25.92
5145,10,33,3257,144,4,2025-05-18,239.56,25.9,Online,710.52,488.68,221.84,31.22
5146,7,5,1473,245,2,2025-05-31,197.08,10.1,Credit Card,354.36,236.48,117.88,33.27
5147,3,53,689,513,4,2025-05-13,133.87,3.7,Debit Card,515.93,197.28,318.65,61.76
5148,6,77,1319,1,1,2025-11-30,140.37,3.4,Credit Card,135.62,84.91,50.71,37.39
5149,3,115,4300,138,2,2024-11-25,175.0,8.2,Credit Card,321.32,190.52,130.8,40.71
5150,4,56,1912,190,2,2025-06-16,72.02,7.1,Credit Card,133.81,89.7,44.11,32.96
5151,2,26,3805,1293,5,2025-03-04,63.43,3.5,Cash,306.17,132.45,173.72,56.74
5152,12,108,336,233,1,2025-07-29,171.31,3.9,Credit Card,164.66,209.36,-44.7,-27.15
5153,11,97,748,254,4,2024-10-22,205.91,23.4,Credit Card,630.58,573.08,57.5,9.12
5154,5,40,4943,493,1,2025-08-13,292.37,6.8,Credit Card,272.35,138.31,134.04,49.22
5155,10,16,1838,226,3,2025-09-29,90.68,33.3,Online,181.54,131.94,49.6,27.32
5156,7,62,5000,217,1,2025-05-31,197.5,9.9,Online,177.93,88.51,89.42,50.26
5157,2,89,1414,1424,1,2025-07-31,149.86,7.8,Credit Card,138.17,171.86,-33.69,-24.38
5158,5,113,2235,937,1,2025-11-01,142.02,4.3,Debit Card,135.89,82.11,53.78,39.58
5159,6,78,2382,606,5,2025-05-10,133.7,6.2,Credit Card,627.06,328.4,298.66,47.63
5160,6,49,2884,241,3,2025-03-06,279.02,10.3,Cash,751.11,563.01,188.1,25.04
5161,2,73,2671,174,2,2025-06-26,247.76,11.2,Cash,439.93,219.72,220.21,50.06
5162,2,35,4483,296,3,2024-11-16,59.72,5.7,Cash,168.88,107.58,61.3,36.3
5163,2,114,2848,224,2,2024-10-25,52.71,3.5,Credit Card,101.73,73.24,28.49,28.01
5164,3,21,1139,234,2,2025-10-15,178.94,5.5,Debit Card,338.24,223.18,115.06,34.02
5165,2,73,3902,111,3,2025-05-26,67.12,10.4,Cash,180.44,109.56,70.88,39.28
5166,9,106,1496,874,3,2025-01-13,268.49,6.6,Debit Card,752.45,431.76,320.69,42.62
5167,10,39,4382,874,2,2024-11-21,188.98,23.4,Credit Card,289.49,147.2,142.29,49.15
5168,5,22,2188,151,5,2025-01-10,22.6,9.2,Credit Card,102.62,60.55,42.07,41.0
5169,9,61,601,145,2,2025-02-18,152.35,10.5,Debit Card,272.75,173.62,99.13,36.34
5170,8,112,3506,140,1,2025-05-14,103.97,8.7,Credit Card,94.93,73.85,21.08,22.21
5171,5,40,466,82,2,2025-07-22,134.11,10.0,Credit Card,241.33,189.0,52.33,21.68
5172,7,19,303,1075,2,2025-07-11,262.69,10.6,Cash,469.63,266.9,202.73,43.17
5173,12,36,4930,133,3,2025-12-02,188.76,5.5,Debit Card,535.31,399.03,136.28,25.46
5174,2,32,4384,596,1,2025-08-23,173.26,9.2,Online,157.28,99.47,57.81,36.76
5175,10,75,2398,50,2,2024-12-24,76.97,33.8,Cash,101.84,86.08,15.76,15.48
5176,10,16,3245,707,2,2025-07-25,34.71,29.3,Credit Card,49.05,48.64,0.41,0.84
5177,7,84,1589,74,1,2025-01-26,34.84,10.3,Cash,31.24,16.3,14.94,47.82
5178,5,119,764,80,1,2025-07-08,57.21,9.4,Cash,51.86,37.09,14.77,28.48
5179,6,72,4764,995,2,2025-11-27,40.41,8.0,Cash,74.37,48.0,26.37,35.46
5180,9,2,1511,146,3,2024-12-18,287.82,3.0,Credit Card,837.26,529.86,307.4,36.71
5181,8,91,3613,87,2,2024-11-05,191.36,3.8,Credit Card,368.09,229.36,138.73,37.69
5182,2,114,3005,269,1,2025-09-30,127.03,6.2,Cash,119.17,57.44,61.73,51.8
5183,10,15,686,38,5,2024-11-23,14.71,31.9,Credit Card,50.08,29.35,20.73,41.39
5184,6,74,2370,632,1,2024-10-20,79.21,4.6,Debit Card,75.56,35.34,40.22,53.23
5185,1,86,4414,1025,4,2024-12-04,157.22,26.7,Credit Card,460.92,300.32,160.6,34.84
5186,8,112,2834,125,3,2024-12-24,132.75,3.1,Online,386.02,162.06,223.96,58.02
5187,1,58,4070,594,5,2025-03-21,66.02,24.4,Debit Card,249.43,234.05,15.38,6.17
5188,2,32,2646,27,5,2024-12-16,264.0,6.8,Online,1229.91,582.8,647.11,52.61
5189,4,70,3411,240,1,2025-08-17,47.45,9.0,Credit Card,43.17,29.15,14.02,32.48
5190,10,39,334,1356,1,2025-10-20,277.83,24.0,Credit Card,211.1,120.59,90.51,42.88
5191,2,110,275,270,1,2024-11-12,183.25,11.8,Debit Card,161.58,128.92,32.66,20.21
5192,5,119,4653,206,1,2025-08-12,105.45,3.3,Online,101.98,43.55,58.43,57.3
5193,11,44,3853,3,2,2025-11-15,192.74,31.5,Cash,263.99,206.3,57.69,21.85
5194,7,5,560,128,5,2025-04-20,68.68,8.8,Debit Card,313.12,144.6,168.52,53.82
5195,7,62,2833,215,4,2025-09-07,5.39,9.2,Credit Card,19.59,15.16,4.43,22.61
5196,10,33,3744,189,4,2025-03-25,144.12,26.2,Credit Card,425.65,218.08,207.57,48.77
5197,5,105,178,220,1,2025-08-04,64.88,6.4,Cash,60.71,23.23,37.48,61.74
5198,3,14,3177,12,2,2025-07-28,220.44,10.8,Credit Card,393.2,224.62,168.58,42.87
5199,5,76,3262,266,1,2025-03-06,275.31,4.4,Debit Card,263.15,182.96,80.19,30.47
5200,4,56,1423,126,2,2025-05-30,219.25,5.7,Debit Card,413.33,297.38,115.95,28.05
5201,6,96,4010,201,5,2025-04-30,286.68,4.4,Cash,1370.98,815.7,555.28,40.5
5202,1,58,37,1160,1,2025-11-06,87.09,25.7,Credit Card,64.72,59.25,5.47,8.45
5203,1,98,2024,985,2,2025-11-01,203.71,28.5,Cash,291.15,529.32,-238.17,-81.8
5204,8,109,196,199,2,2024-10-14,109.52,11.3,Cash,194.35,115.42,78.93,40.61
5205,6,49,1318,28,1,2025-06-07,170.1,11.2,Cash,151.08,220.23,-69.15,-45.77
5206,9,25,4689,1167,4,2025-10-20,113.72,9.0,Debit Card,414.1,257.56,156.54,37.8
5207,10,55,445,200,1,2025-07-04,213.06,28.9,Debit Card,151.49,120.41,31.08,20.52
5208,12,36,1373,240,1,2025-03-04,120.71,8.2,Cash,110.8,56.24,54.56,49.24
5209,12,102,2831,43,2,2025-02-27,246.38,8.8,Debit Card,449.32,315.82,133.5,29.71
5210,1,98,2716,578,2,2025-04-21,97.71,24.8,Debit Card,146.97,92.06,54.91,37.36
5211,7,19,3159,637,3,2024-12-01,138.56,7.8,Debit Card,383.42,273.66,109.76,28.63
5212,1,118,4629,205,2,2025-04-20,220.22,32.6,Cash,296.74,197.82,98.92,33.34
5213,12,36,2749,1167,1,2025-10-02,231.38,10.6,Cash,206.94,106.55,100.39,48.51
5214,7,104,4368,25,4,2024-10-20,28.62,7.7,Credit Card,105.67,125.32,-19.65,-18.6
5215,7,95,1323,154,1,2024-11-02,259.33,8.2,Cash,238.05,135.2,102.85,43.21
5216,8,112,3224,104,3,2025-11-17,192.18,4.6,Debit Card,550.22,259.8,290.42,52.78
5217,5,76,3833,594,1,2025-05-19,88.08,6.4,Debit Card,82.47,57.91,24.56,29.78
5218,8,85,1782,103,1,2024-10-06,259.8,7.9,Cash,239.31,134.15,105.16,43.94
5219,10,101,3615,609,1,2025-10-15,290.56,33.2,Debit Card,194.08,106.89,87.19,44.92
5220,5,76,341,890,1,2025-06-26,287.43,9.9,Debit Card,258.93,150.62,108.31,41.83
5221,9,61,1139,850,1,2025-03-11,178.94,4.9,Cash,170.08,111.59,58.49,34.39
5222,11,81,262,15,1,2025-07-25,234.31,24.8,Credit Card,176.19,257.82,-81.63,-46.33
5223,8,80,4822,1292,1,2025-10-31,171.4,11.3,Debit Card,151.97,105.0,46.97,30.91
5224,11,64,4687,644,1,2024-10-21,232.09,29.8,Debit Card,162.82,96.08,66.74,40.99
5225,7,19,82,939,2,2025-10-25,165.09,5.1,Credit Card,313.19,233.5,79.69,25.44
5226,7,104,4575,438,2,2025-11-15,240.32,9.7,Credit Card,434.2,559.34,-125.14,-28.82
5227,3,53,4531,265,2,2025-04-28,100.41,7.7,Cash,185.3,218.86,-33.56,-18.11
5228,6,99,2137,435,2,2025-01-05,24.23,4.1,Credit Card,46.48,29.34,17.14,36.88
5229,6,96,3282,181,2,2024-10-06,101.03,8.8,Credit Card,184.26,119.5,64.76,35.15
5230,11,44,1129,229,4,2025-09-27,294.82,26.8,Credit Card,863.77,463.52,400.25,46.34
5231,5,47,3116,638,1,2025-09-24,244.28,4.7,Cash,232.75,169.09,63.66,27.35
5232,2,11,2062,503,2,2025-11-05,273.94,5.6,Debit Card,517.46,378.36,139.1,26.88
5233,10,67,2541,297,1,2025-04-17,179.21,24.3,Credit Card,135.66,128.48,7.18,5.29
5234,7,5,3512,25,1,2025-08-12,101.8,11.1,Credit Card,90.47,62.04,28.43,31.42
5235,5,92,2772,144,2,2025-06-15,274.94,7.6,Cash,508.23,271.72,236.51,46.54
5236,2,13,183,311,3,2025-07-25,148.4,4.5,Online,425.0,278.31,146.69,34.52
5237,4,34,293,232,2,2025-06-28,244.23,11.7,Cash,431.21,171.6,259.61,60.21
5238,12,102,1186,170,1,2025-05-21,244.66,6.4,Cash,228.89,112.95,115.94,50.65
5239,11,64,4327,652,2,2025-03-08,290.19,26.9,Online,423.97,396.06,27.91,6.58
5240,1,17,4008,194,1,2024-12-13,27.14,30.7,Online,18.8,15.27,3.53,18.78
5241,12,100,1984,1226,3,2025-08-12,236.49,3.8,Cash,682.67,825.75,-143.08,-20.96
5242,12,100,1687,266,2,2025-10-18,172.37,8.7,Debit Card,314.66,191.02,123.64,39.29
5243,8,85,563,242,4,2025-05-24,275.33,11.4,Cash,975.33,568.52,406.81,41.71
5244,5,105,4019,169,1,2025-04-11,280.45,9.3,Credit Card,254.33,106.2,148.13,58.24
5245,8,85,4736,68,1,2024-11-22,142.61,3.4,Cash,137.81,94.35,43.46,31.54
5246,1,3,2819,5,5,2024-11-09,249.34,28.3,Credit Card,894.5,1562.6,-668.1,-74.69
5247,8,94,519,531,2,2024-12-21,197.12,8.1,Online,362.12,262.48,99.64,27.52
5248,5,105,2028,33,1,2025-01-16,51.18,3.1,Credit Card,49.62,30.08,19.54,39.38
5249,7,7,1044,163,5,2025-04-02,188.22,7.8,Cash,867.46,476.45,391.01,45.08
5250,3,46,186,1127,1,2025-05-21,253.91,10.2,Credit Card,227.98,111.87,116.11,50.93
5251,3,115,4635,240,2,2025-08-15,143.89,11.9,Cash,253.56,168.94,84.62,33.37
5252,9,27,2253,1151,1,2025-04-16,209.72,7.8,Online,193.34,78.72,114.62,59.28
5253,7,5,1444,31,1,2025-08-15,195.67,9.1,Cash,177.83,85.18,92.65,52.1
5254,11,64,3840,1031,5,2025-09-25,114.48,27.1,Debit Card,417.24,287.5,129.74,31.09
5255,6,66,4510,1295,1,2025-11-12,153.02,4.1,Cash,146.81,74.77,72.04,49.07
5256,4,70,2779,1241,2,2024-10-10,261.33,8.8,Credit Card,476.73,214.34,262.39,55.04
5257,5,22,1831,169,2,2025-11-25,225.58,4.4,Debit Card,431.12,245.84,185.28,42.98
5258,8,109,3699,48,4,2025-09-27,164.54,9.9,Debit Card,593.19,448.12,145.07,24.46
5259,1,86,2338,1246,5,2025-08-19,158.91,26.8,Credit Card,581.27,545.15,36.12,6.21
5260,2,26,3180,79,1,2025-09-10,289.25,6.3,Cash,270.89,143.72,127.17,46.95
5261,3,46,2416,274,3,2025-03-27,79.57,9.0,Online,217.19,159.39,57.8,26.61
5262,11,12,1608,204,5,2024-11-23,71.69,27.3,Debit Card,260.54,234.1,26.44,10.15
5263,5,22,4821,1374,2,2025-11-27,60.08,8.6,Online,109.86,153.7,-43.84,-39.91
5264,11,44,2561,208,2,2025-08-25,134.01,26.1,Debit Card,197.97,143.76,54.21,27.38
5265,8,30,4354,186,4,2025-02-12,279.33,9.4,Credit Card,1012.33,703.92,308.41,30.47
5266,5,76,4037,294,4,2025-01-26,220.05,7.7,Online,812.1,1128.32,-316.22,-38.94
5267,5,76,2122,264,1,2024-10-22,17.7,6.3,Cash,16.58,11.67,4.91,29.61
5268,6,66,941,227,1,2025-04-18,26.3,8.6,Cash,24.05,9.52,14.53,60.42
5269,9,52,538,252,3,2025-10-12,188.69,7.3,Debit Card,524.57,311.97,212.6,40.53
5270,9,106,2767,50,4,2025-11-04,240.2,3.5,Online,926.83,387.84,538.99,58.15
5271,9,6,497,1305,3,2025-07-26,10.55,7.4,Debit Card,29.31,14.04,15.27,52.1
5272,12,108,1383,126,1,2025-05-05,245.92,6.3,Credit Card,230.42,97.6,132.82,57.64
5273,11,97,359,286,2,2025-11-10,265.57,22.7,Cash,410.51,294.96,115.55,28.15
5274,11,12,3843,18,1,2024-12-30,144.84,32.5,Credit Card,97.74,61.98,35.76,36.59
5275,5,76,3758,148,5,2025-06-27,7.33,8.1,Debit Card,33.67,20.05,13.62,40.45
5276,6,96,2430,567,5,2024-11-18,26.43,10.4,Debit Card,118.46,53.75,64.71,54.63
5277,7,19,3941,229,3,2025-02-20,111.71,7.3,Cash,310.71,205.98,104.73,33.71
5278,3,46,3792,691,1,2025-01-08,49.1,3.4,Credit Card,47.41,24.25,23.16,48.85
5279,1,98,2391,78,1,2025-04-23,225.26,33.5,Credit Card,149.86,123.89,25.97,17.33
5280,2,35,2195,1465,3,2025-11-12,242.86,9.0,Credit Card,663.15,495.99,167.16,25.21
5281,4,1,609,223,1,2024-12-07,65.2,11.2,Cash,57.87,25.47,32.4,55.99
5282,9,106,1101,270,2,2025-07-04,110.78,11.9,Credit Card,195.17,112.26,82.91,42.48
5283,1,54,331,129,1,2025-03-04,288.25,30.7,Credit Card,199.86,189.36,10.5,5.25
5284,6,77,3627,170,1,2025-06-07,241.86,11.2,Debit Card,214.79,144.97,69.82,32.51
5285,4,42,3272,464,1,2025-06-13,96.34,9.9,Debit Card,86.79,120.35,-33.56,-38.67
5286,6,74,549,171,2,2025-02-04,96.77,11.3,Cash,171.76,81.38,90.38,52.62
5287,2,110,981,656,1,2024-10-19,185.08,7.2,Debit Card,171.68,105.62,66.06,38.48
5288,2,110,488,143,1,2025-02-23,221.62,11.3,Debit Card,196.51,257.34,-60.83,-30.96
5289,7,104,3187,797,3,2025-10-18,192.28,4.9,Debit Card,548.51,277.95,270.56,49.33
5290,5,92,2226,525,3,2025-09-28,72.47,4.1,Debit Card,208.58,137.4,71.18,34.13
5291,6,49,2199,107,5,2025-10-25,297.15,7.2,Debit Card,1378.07,861.6,516.47,37.48
5292,4,34,4358,26,1,2025-04-20,178.31,5.3,Credit Card,168.83,124.31,44.52,26.37
5293,1,48,1913,1291,1,2024-12-11,70.34,24.6,Credit Card,53.01,36.34,16.67,31.45
5294,8,109,3365,118,5,2025-02-25,172.42,10.3,Online,772.92,561.1,211.82,27.41
5295,1,3,3673,289,5,2024-10-04,286.09,30.0,Cash,1001.01,706.9,294.11,29.38
5296,8,116,1667,149,3,2025-06-01,292.31,3.6,Online,845.12,333.0,512.12,60.6
5297,11,63,2748,475,1,2025-04-21,78.05,32.5,Credit Card,52.72,48.4,4.32,8.19
5298,1,68,2083,604,1,2025-09-18,24.97,30.4,Online,17.37,11.93,5.44,31.32
5299,10,87,2289,38,4,2025-06-30,122.31,31.1,Credit Card,337.04,226.96,110.08,32.66
5300,10,33,2747,26,5,2025-01-26,237.46,25.7,Online,881.67,575.15,306.52,34.77
5301,4,42,1924,1473,2,2025-08-05,200.51,3.5,Credit Card,386.91,478.14,-91.23,-23.58
5302,6,99,2103,805,3,2025-09-23,241.65,9.2,Credit Card,658.54,346.38,312.16,47.4
5303,1,86,1089,131,5,2025-09-06,174.13,31.5,Online,596.71,319.55,277.16,46.45
5304,9,65,572,246,1,2025-01-23,254.34,5.6,Debit Card,240.13,133.92,106.21,44.23
5305,7,104,1707,1374,2,2025-03-25,51.77,7.0,Online,96.33,42.54,53.79,55.84
5306,1,118,3081,272,2,2025-10-15,278.13,24.2,Online,421.92,361.36,60.56,14.35
5307,10,16,2907,210,2,2024-10-11,198.18,30.4,Debit Card,275.74,238.64,37.1,13.45
5308,2,10,4454,19,2,2025-05-05,19.96,4.8,Cash,38.02,49.12,-11.1,-29.2
5309,5,76,2490,293,4,2025-03-25,94.75,7.6,Debit Card,350.31,226.28,124.03,35.41
5310,3,14,912,1145,2,2025-09-29,214.99,7.0,Online,400.02,216.42,183.6,45.9
5311,1,58,4550,272,4,2025-10-20,235.6,24.7,Debit Card,709.24,539.56,169.68,23.92
5312,5,119,1017,846,1,2025-09-29,155.62,11.1,Online,138.33,82.64,55.69,40.26
5313,8,80,3362,1158,4,2025-07-06,84.88,5.2,Debit Card,321.83,148.04,173.79,54.0
5314,12,108,4719,204,3,2025-02-08,197.14,6.8,Online,551.34,417.99,133.35,24.19
5315,1,98,3619,206,2,2024-12-21,203.19,29.3,Cash,287.22,145.54,141.68,49.33
5316,6,66,2677,1265,5,2025-06-25,37.87,6.6,Debit Card,176.87,116.45,60.42,34.16
5317,1,79,2016,171,2,2025-10-16,60.02,26.7,Credit Card,87.94,72.92,15.02,17.08
5318,8,94,3789,485,1,2025-05-23,33.2,5.1,Debit Card,31.52,11.73,19.79,62.79
5319,5,76,4774,360,1,2025-08-22,273.16,8.4,Debit Card,250.18,185.54,64.64,25.84
5320,3,115,3576,243,2,2025-11-07,15.56,9.8,Credit Card,28.06,11.22,16.84,60.01
5321,12,102,3678,426,5,2025-04-18,245.62,4.2,Debit Card,1177.11,633.65,543.46,46.17
5322,12,36,4193,610,1,2025-04-22,177.26,11.8,Online,156.33,78.87,77.46,49.55
5323,12,102,4510,1275,5,2024-12-26,153.02,9.2,Debit Card,694.86,373.85,321.01,46.2
5324,8,57,4268,903,2,2024-10-08,106.32,3.6,Debit Card,204.97,149.16,55.81,27.23
5325,10,33,727,180,2,2025-06-17,274.11,29.1,Cash,388.76,271.78,116.98,30.09
5326,8,9,1118,217,1,2024-10-06,154.85,5.7,Credit Card,145.96,103.82,42.14,28.87
5327,3,14,3808,1211,1,2025-01-28,85.33,11.7,Online,75.35,42.11,33.24,44.11
5328,7,19,3294,136,1,2024-11-26,166.37,10.5,Credit Card,148.86,69.14,79.72,53.55
5329,1,58,4983,163,5,2025-07-10,152.36,25.3,Cash,569.06,827.95,-258.89,-45.49
5330,3,21,1916,568,4,2025-08-14,115.34,5.3,Cash,437.04,262.8,174.24,39.87
5331,7,104,4828,56,2,2025-05-02,48.52,10.6,Credit Card,86.71,57.86,28.85,33.27
5332,3,88,1912,862,2,2024-11-27,72.02,7.9,Online,132.68,89.7,42.98,32.39
5333,11,64,4610,1346,4,2024-10-21,60.85,33.6,Online,161.61,97.88,63.73,39.43
5334,7,95,1482,430,5,2025-10-28,116.63,5.5,Online,551.36,279.1,272.26,49.38
5335,3,21,4452,37,4,2025-06-17,53.98,10.9,Cash,192.31,140.8,51.51,26.78
5336,3,46,1801,120,4,2025-08-10,59.05,3.5,Cash,227.82,131.48,96.34,42.29
5337,2,13,780,49,1,2025-11-17,130.8,10.4,Credit Card,117.21,80.01,37.2,31.74
5338,5,76,930,155,5,2025-03-21,19.01,8.2,Online,87.3,67.25,20.05,22.97
5339,11,64,3249,1319,5,2025-04-25,171.19,32.0,Credit Card,582.37,361.2,221.17,37.98
5340,1,118,4464,180,4,2025-07-12,200.71,30.9,Credit Card,554.59,520.2,34.39,6.2
5341,11,63,638,93,1,2025-05-13,121.64,28.7,Online,86.71,58.88,27.83,32.1
5342,12,102,2054,485,5,2025-08-25,88.31,6.2,Cash,414.04,220.1,193.94,46.84
5343,4,1,2501,1199,2,2024-12-17,53.29,4.5,Online,101.81,51.52,50.29,49.4
5344,12,36,4145,18,3,2024-11-06,115.47,5.2,Debit Card,328.55,206.85,121.7,37.04
5345,12,102,4426,506,5,2025-05-03,55.1,11.9,Cash,242.76,136.35,106.41,43.83
5346,11,97,2645,145,2,2025-05-09,83.04,31.7,Online,113.38,89.18,24.2,21.34
5347,4,42,3804,188,4,2025-01-30,47.41,3.4,Credit Card,183.25,74.96,108.29,59.09
5348,10,16,618,119,1,2025-05-07,188.5,30.4,Cash,131.12,109.03,22.09,16.85
5349,3,53,1422,1219,5,2025-02-11,78.41,4.5,Debit Card,374.46,229.3,145.16,38.77
5350,5,119,3372,1159,4,2025-08-19,296.88,4.6,Credit Card,1132.51,574.08,558.43,49.31
5351,4,31,2702,315,1,2025-11-27,222.73,4.5,Credit Card,212.78,153.44,59.34,27.89
5352,8,94,3313,9,1,2025-02-12,56.59,8.1,Cash,52.01,31.77,20.24,38.92
5353,11,97,2505,1340,1,2025-07-30,126.81,26.0,Credit Card,93.9,85.32,8.58,9.14
5354,8,30,3203,234,1,2024-11-24,211.08,12.0,Cash,185.82,90.26,95.56,51.43
5355,10,33,2008,245,1,2025-09-11,212.69,24.0,Debit Card,161.73,129.96,31.77,19.64
5356,1,54,4913,819,2,2024-10-11,96.45,27.4,Credit Card,139.96,68.82,71.14,50.83
5357,8,85,297,342,5,2025-02-24,47.8,10.1,Credit Card,214.82,120.55,94.27,43.88
5358,11,64,4115,61,2,2025-07-02,127.6,30.0,Debit Card,178.63,109.74,68.89,38.57
5359,9,106,1399,53,2,2025-02-02,58.08,11.5,Cash,102.85,44.94,57.91,56.31
5360,4,42,2188,127,1,2025-10-05,22.6,7.7,Cash,20.87,12.11,8.76,41.97
5361,11,12,4663,36,5,2025-08-05,254.52,27.0,Credit Card,928.97,469.65,459.32,49.44
5362,8,109,2406,999,4,2025-08-21,93.68,11.2,Debit Card,332.87,226.88,105.99,31.84
5363,12,102,1538,20,3,2024-10-20,96.04,7.3,Cash,267.01,325.38,-58.37,-21.86
5364,9,27,796,1338,3,2024-10-09,65.24,7.3,Credit Card,181.51,230.67,-49.16,-27.08
5365,2,110,682,56,1,2025-10-05,134.09,9.6,Credit Card,121.28,90.52,30.76,25.36
5366,11,97,3671,1073,2,2025-02-04,176.23,31.5,Debit Card,241.38,162.64,78.74,32.62
5367,9,24,4942,119,2,2025-02-16,203.77,11.1,Debit Card,362.29,274.18,88.11,24.32
5368,6,74,2716,483,5,2025-09-18,97.71,4.0,Debit Card,469.17,230.15,239.02,50.95
5369,9,120,4565,172,4,2025-10-13,229.97,11.6,Cash,813.58,377.88,435.7,53.55
5370,11,44,890,34,1,2024-11-12,243.24,25.5,Credit Card,181.3,156.43,24.87,13.72
5371,11,12,4995,692,1,2025-11-29,166.14,26.6,Debit Card,121.87,99.4,22.47,18.44
5372,8,85,1171,924,1,2024-12-07,117.61,9.1,Online,106.9,57.81,49.09,45.92
5373,4,31,3332,150,1,2025-03-13,110.01,3.2,Debit Card,106.49,72.04,34.45,32.35
5374,11,97,1879,854,3,2025-05-22,89.26,33.1,Cash,179.01,137.73,41.28,23.06
5375,7,19,4231,229,5,2025-10-02,208.48,9.8,Debit Card,939.97,459.1,480.87,51.16
5376,3,115,41,689,1,2025-03-05,175.14,4.4,Online,167.41,94.48,72.93,43.56
5377,1,68,912,436,1,2024-12-27,214.99,25.0,Debit Card,161.34,108.21,53.13,32.93
5378,4,70,2741,1290,4,2025-06-04,53.61,4.8,Debit Card,204.09,132.72,71.37,34.97
5379,4,34,3930,164,5,2025-12-01,45.62,11.3,Credit Card,202.38,110.0,92.38,45.65
5380,5,119,549,56,2,2025-08-17,96.77,6.1,Credit Card,181.69,81.38,100.31,55.21
5381,4,31,4374,865,1,2024-11-27,22.67,11.5,Debit Card,20.06,15.65,4.41,21.98
5382,9,111,3884,939,1,2025-09-04,274.47,6.3,Cash,257.16,133.8,123.36,47.97
5383,5,92,2658,14,4,2025-10-13,188.73,6.3,Credit Card,707.17,432.64,274.53,38.82
5384,5,92,871,64,2,2025-05-02,182.24,6.0,Cash,342.7,155.96,186.74,54.49
5385,8,80,1582,997,1,2025-11-04,128.4,10.5,Credit Card,114.87,80.99,33.88,29.49
5386,7,104,282,302,1,2025-11-10,147.18,4.9,Online,140.0,96.22,43.78,31.27
5387,12,93,1923,227,3,2025-01-10,56.62,9.2,Online,154.22,107.94,46.28,30.01
5388,2,45,3929,981,1,2024-12-27,16.62,3.7,Credit Card,16.0,11.65,4.35,27.19
5389,1,98,1719,124,1,2025-07-06,270.8,24.0,Credit Card,205.82,135.6,70.22,34.12
5390,1,118,3631,163,2,2025-05-08,128.43,24.0,Cash,195.26,126.14,69.12,35.4
5391,1,4,4516,821,5,2025-01-07,244.25,24.3,Cash,924.86,744.45,180.41,19.51
5392,10,117,2575,296,1,2025-02-01,47.01,22.4,Debit Card,36.47,25.74,10.73,29.42
5393,6,66,903,105,1,2025-10-22,109.39,3.7,Credit Card,105.33,59.97,45.36,43.06
5394,5,119,671,1182,2,2024-11-10,30.82,9.1,Online,56.0,42.66,13.34,23.82
5395,9,52,3246,1484,1,2025-04-03,63.47,7.4,Debit Card,58.76,25.24,33.52,57.05
5396,6,77,1039,73,2,2025-01-27,289.65,4.1,Online,555.43,318.36,237.07,42.68
5397,10,101,3318,149,1,2025-03-09,295.68,27.1,Credit Card,215.42,177.83,37.59,17.45
5398,10,33,2198,749,1,2025-07-31,263.37,28.5,Online,188.24,117.98,70.26,37.32
5399,12,100,946,62,1,2025-06-30,293.04,11.5,Credit Card,259.4,192.67,66.73,25.72
5400,12,93,1204,233,2,2025-01-29,149.13,8.9,Debit Card,271.72,110.18,161.54,59.45
5401,5,40,4024,110,1,2025-04-28,65.39,6.6,Credit Card,61.04,78.09,-17.05,-27.93
5402,7,95,4035,494,4,2025-12-03,212.58,4.3,Debit Card,814.16,497.24,316.92,38.93
5403,5,76,2836,180,2,2025-06-23,86.11,9.3,Credit Card,156.21,94.54,61.67,39.48
5404,1,58,1619,1045,1,2025-05-11,191.55,30.4,Online,133.39,72.54,60.85,45.62
5405,9,24,3886,230,4,2025-01-22,192.14,9.7,Debit Card,693.69,378.8,314.89,45.39
5406,4,34,3742,269,2,2024-11-05,141.25,8.8,Debit Card,257.53,114.12,143.41,55.69
5407,5,47,2303,1167,2,2025-10-25,155.59,8.6,Cash,284.42,110.34,174.08,61.21
5408,4,1,4394,806,2,2024-12-09,96.82,9.6,Debit Card,175.03,76.52,98.51,56.28
5409,6,74,1760,927,2,2025-07-08,186.34,6.2,Debit Card,349.57,151.3,198.27,56.72
5410,9,27,4137,7,1,2024-11-26,267.87,11.7,Online,236.51,185.58,50.93,21.53
5411,1,29,4199,473,1,2024-10-16,246.88,22.7,Credit Card,190.78,90.64,100.14,52.49
5412,4,42,4632,233,1,2024-11-21,216.47,9.5,Credit Card,196.0,151.89,44.11,22.51
5413,10,101,613,1152,1,2024-12-17,197.12,28.5,Cash,141.03,91.12,49.91,35.39
5414,3,115,300,20,2,2025-08-19,147.94,10.3,Debit Card,265.33,124.66,140.67,53.02
5415,3,115,1169,1035,1,2024-11-12,163.32,5.9,Debit Card,153.66,95.46,58.2,37.88
5416,12,102,1225,68,5,2025-08-05,174.43,4.2,Debit Card,835.42,480.75,354.67,42.45
5417,8,85,2132,296,1,2025-07-06,162.21,9.0,Credit Card,147.54,83.97,63.57,43.09
5418,8,94,1582,680,2,2025-01-17,128.4,10.0,Debit Card,231.22,161.98,69.24,29.95
5419,7,62,3633,99,3,2025-04-04,26.64,10.7,Debit Card,71.34,38.49,32.85,46.05
5420,10,33,4397,84,3,2025-10-05,171.56,31.5,Debit Card,352.68,257.67,95.01,26.94
5421,12,60,2981,547,5,2025-08-17,232.92,4.9,Credit Card,1108.09,804.3,303.79,27.42
5422,5,40,3318,84,2,2025-11-03,295.68,11.1,Debit Card,525.63,355.66,169.97,32.34
5423,2,13,3611,257,2,2025-08-13,139.82,5.0,Cash,265.67,188.28,77.39,29.13
5424,5,22,2334,132,1,2025-08-29,13.67,8.3,Online,12.53,5.39,7.14,56.98
5425,4,70,2457,16,4,2025-04-25,111.78,4.7,Debit Card,426.21,231.6,194.61,45.66
5426,8,109,2536,34,1,2024-10-02,137.54,4.2,Debit Card,131.74,165.18,-33.44,-25.38
5427,6,107,2140,66,1,2024-12-24,166.2,5.2,Credit Card,157.62,62.65,94.97,60.25
5428,1,29,3576,273,5,2024-12-28,15.56,28.9,Credit Card,55.32,28.05,27.27,49.3
5429,5,47,47,106,1,2025-02-10,45.13,4.8,Online,42.98,24.76,18.22,42.39
5430,8,9,2855,1049,1,2025-07-10,290.43,3.9,Credit Card,279.18,158.74,120.44,43.14
5431,1,59,2644,14,1,2025-04-03,11.79,25.1,Debit Card,8.84,8.16,0.68,7.69
5432,1,4,4727,479,2,2025-09-03,261.31,29.8,Cash,366.75,266.22,100.53,27.41
5433,12,93,4561,45,2,2025-11-16,241.18,5.9,Debit Card,453.73,229.8,223.93,49.35
5434,12,93,2714,1172,1,2025-11-19,173.9,10.0,Cash,156.48,68.64,87.84,56.13
5435,3,115,821,21,2,2025-08-11,248.14,10.5,Credit Card,444.28,274.5,169.78,38.21
5436,1,86,1463,72,4,2025-11-19,216.97,26.3,Credit Card,639.61,434.48,205.13,32.07
5437,6,99,3981,139,1,2025-09-07,18.18,10.1,Online,16.34,6.85,9.49,58.08
5438,5,22,1015,51,1,2025-11-16,7.74,5.4,Credit Card,7.32,2.98,4.34,59.29
5439,12,102,3092,1235,1,2025-06-30,44.58,7.5,Debit Card,41.24,24.93,16.31,39.55
5440,5,20,4185,67,4,2025-07-02,43.27,3.8,Debit Card,166.55,75.52,91.03,54.66
5441,3,21,85,42,1,2025-06-18,101.72,6.6,Credit Card,95.02,46.99,48.03,50.55
5442,2,28,612,30,1,2025-01-20,245.35,3.5,Cash,236.82,121.9,114.92,48.53
5443,1,4,1016,919,5,2025-10-13,17.53,29.3,Debit Card,61.95,53.6,8.35,13.48
5444,2,26,394,450,5,2024-11-24,244.68,11.4,Cash,1084.04,685.25,398.79,36.79
5445,10,117,3295,771,5,2024-12-01,261.9,33.5,Debit Card,870.79,683.25,187.54,21.54
5446,9,65,2123,615,2,2025-10-02,226.97,4.9,Debit Card,431.63,580.78,-149.15,-34.56
5447,10,33,3984,1404,1,2025-09-03,232.69,25.1,Debit Card,174.22,129.07,45.15,25.92
5448,5,119,3557,806,3,2025-04-11,48.26,4.2,Online,138.76,71.88,66.88,48.2
5449,12,93,3475,192,5,2025-01-21,223.04,4.4,Debit Card,1066.62,489.8,576.82,54.08
5450,11,64,1900,145,4,2025-09-21,59.34,30.3,Online,165.48,160.72,4.76,2.88
5451,8,30,4200,146,1,2025-04-25,92.05,8.2,Credit Card,84.51,62.23,22.28,26.36
5452,3,115,4647,157,1,2024-11-28,83.34,8.1,Debit Card,76.61,42.83,33.78,44.09
5453,5,22,3421,94,2,2025-10-19,278.71,3.3,Cash,538.85,281.94,256.91,47.68
5454,12,102,816,197,1,2025-01-21,264.98,9.2,Online,240.68,103.18,137.5,57.13
5455,7,7,475,56,2,2024-12-07,83.7,3.2,Debit Card,161.99,109.04,52.95,32.69
5456,12,36,860,149,1,2024-11-12,272.38,11.9,Credit Card,239.93,195.13,44.8,18.67
5457,2,10,2477,88,1,2025-09-20,155.14,10.5,Credit Card,138.89,72.86,66.03,47.54
5458,3,46,1056,1259,3,2024-10-23,89.56,11.3,Cash,238.26,116.34,121.92,51.17
5459,3,88,2130,231,4,2025-02-04,87.02,10.2,Online,312.7,221.6,91.1,29.13
5460,11,12,4250,968,4,2024-10-31,67.08,28.7,Debit Card,191.4,303.92,-112.52,-58.79
5461,9,2,4688,295,3,2025-09-26,29.07,4.8,Cash,83.06,49.02,34.04,40.98
5462,11,97,3552,300,3,2024-12-14,206.13,26.7,Credit Card,453.34,402.69,50.65,11.17
5463,1,79,4523,2,2,2025-05-07,209.54,22.0,Credit Card,326.74,237.86,88.88,27.2
5464,9,65,820,7,2,2025-10-17,185.2,7.7,Credit Card,341.76,261.44,80.32,23.5
5465,1,58,2364,140,3,2025-06-10,244.66,32.7,Debit Card,493.64,491.64,2.0,0.41
5466,12,36,1108,30,1,2025-11-30,263.23,5.4,Online,249.14,185.29,63.85,25.63
5467,10,71,4991,139,5,2024-11-07,203.57,32.1,Debit Card,690.64,1259.9,-569.26,-82.42
5468,7,95,4442,355,3,2025-08-21,13.09,6.6,Credit Card,36.68,21.48,15.2,41.44
5469,12,93,3056,628,1,2025-06-08,122.11,8.6,Credit Card,111.57,65.63,45.94,41.18
5470,11,97,2604,337,4,2024-10-21,113.66,33.3,Debit Card,303.24,298.16,5.08,1.68
5471,4,1,3567,278,1,2025-02-18,286.13,8.7,Debit Card,261.26,167.72,93.54,35.8
5472,10,38,1347,41,1,2024-12-15,139.34,29.8,Online,97.82,50.69,47.13,48.18
5473,8,109,4904,65,1,2025-11-06,42.62,10.2,Online,38.27,25.48,12.79,33.42
5474,1,58,660,21,2,2025-09-10,129.42,28.4,Credit Card,185.37,97.64,87.73,47.33
5475,1,50,2457,938,1,2025-01-21,111.78,23.8,Debit Card,85.14,57.9,27.24,31.99
5476,6,96,1246,162,5,2025-01-24,100.06,11.6,Credit Card,442.23,249.1,193.13,43.67
5477,5,20,4334,202,4,2025-02-14,243.26,7.1,Debit Card,904.11,600.04,304.07,33.63
5478,5,22,2887,373,1,2024-12-24,99.77,6.3,Credit Card,93.5,47.42,46.08,49.28
5479,2,43,4660,1407,2,2025-05-23,284.0,10.7,Credit Card,507.22,330.48,176.74,34.84
5480,2,23,2865,346,5,2025-04-07,131.43,5.1,Credit Card,623.5,726.85,-103.35,-16.58
5481,4,42,279,59,3,2025-11-03,96.69,9.6,Debit Card,262.24,360.12,-97.88,-37.32
5482,2,23,3520,1208,2,2025-11-24,38.12,8.2,Online,70.02,54.02,16.0,22.85
5483,4,56,1363,115,2,2024-11-25,12.4,6.9,Cash,23.09,10.44,12.65,54.79
5484,5,40,223,872,5,2024-12-13,48.1,4.7,Online,229.13,91.65,137.48,60.0
5485,4,70,2608,743,1,2024-11-30,54.02,3.1,Credit Card,52.33,31.76,20.57,39.31
5486,6,49,2178,208,1,2025-12-06,167.67,7.8,Cash,154.52,70.41,84.11,54.43
5487,12,93,3266,262,2,2025-02-01,278.87,3.5,Credit Card,538.1,381.24,156.86,29.15
5488,3,21,1227,115,3,2025-12-05,73.42,4.0,Cash,211.54,78.66,132.88,62.82
5489,2,43,707,608,1,2025-05-18,34.75,8.4,Online,31.82,24.37,7.45,23.41
5490,1,98,978,1438,1,2024-12-07,140.71,27.5,Cash,101.96,181.28,-79.32,-77.8
5491,5,47,2552,214,1,2025-01-27,166.48,9.2,Cash,151.16,99.35,51.81,34.27
5492,4,42,4030,1494,1,2025-09-29,84.15,4.3,Debit Card,80.5,55.4,25.1,31.18
5493,9,61,2655,127,1,2025-04-26,49.05,3.6,Online,47.27,20.06,27.21,57.56
5494,10,15,208,61,5,2025-06-02,288.82,27.0,Debit Card,1054.05,656.6,397.45,37.71
5495,1,82,2669,1496,2,2025-10-02,96.31,25.0,Cash,144.43,98.8,45.63,31.59
5496,9,61,1307,189,2,2025-10-12,85.63,6.8,Credit Card,159.54,108.86,50.68,31.77
5497,8,109,1988,1079,1,2025-08-01,76.68,4.0,Debit Card,73.63,52.16,21.47,29.16
5498,10,87,4918,15,1,2025-03-31,67.56,31.9,Credit Card,45.99,38.19,7.8,16.96
5499,12,60,4033,385,2,2025-05-26,227.19,3.5,Cash,438.33,316.06,122.27,27.89
5500,12,36,2606,2,3,2025-01-05,40.27,10.3,Debit Card,108.37,81.36,27.01,24.92
5501,11,97,3212,253,1,2025-05-18,213.17,30.0,Online,149.25,105.22,44.03,29.5
5502,4,31,439,710,2,2024-12-14,61.44,11.6,Debit Card,108.58,55.92,52.66,48.5
5503,11,64,2158,365,2,2025-05-08,117.03,30.8,Credit Card,162.07,293.62,-131.55,-81.17
5504,2,28,4794,383,3,2025-08-26,74.56,3.7,Online,215.4,129.45,85.95,39.9
5505,3,14,3563,164,5,2024-11-26,272.79,10.7,Debit Card,1218.05,1523.55,-305.5,-25.08
5506,10,87,302,402,4,2025-10-29,169.12,30.4,Credit Card,470.91,472.12,-1.21,-0.26
5507,9,25,1363,1065,2,2025-04-26,12.4,10.7,Cash,22.15,10.44,11.71,52.87
5508,10,33,3917,249,4,2025-10-14,125.84,23.2,Credit Card,386.4,180.64,205.76,53.25
5509,2,13,2542,271,2,2025-06-20,156.7,5.3,Cash,296.73,349.06,-52.33,-17.64
5510,8,91,73,1016,2,2025-03-07,207.0,3.9,Credit Card,397.91,147.5,250.41,62.93
5511,10,33,534,61,4,2025-11-21,209.14,31.0,Credit Card,577.16,1008.36,-431.2,-74.71
5512,1,59,2037,304,3,2025-02-09,134.21,32.2,Debit Card,273.13,157.05,116.08,42.5
5513,4,31,2969,238,3,2024-10-05,164.44,7.0,Cash,458.68,184.59,274.09,59.76
5514,3,14,4489,209,1,2025-11-07,264.78,6.0,Credit Card,248.92,94.14,154.78,62.18
5515,10,38,2111,204,4,2025-08-09,27.97,27.6,Debit Card,80.99,53.0,27.99,34.56
5516,2,35,3513,399,2,2025-10-30,9.45,8.8,Credit Card,17.24,7.46,9.78,56.73
5517,3,21,3335,1193,3,2025-06-02,242.34,4.4,Online,695.3,307.65,387.65,55.75
5518,3,88,2769,451,1,2025-05-16,134.08,11.3,Cash,118.98,78.07,40.91,34.38
5519,9,61,1353,133,2,2025-07-17,279.53,4.5,Debit Card,533.69,213.76,319.93,59.95
5520,3,53,600,69,1,2025-10-30,221.61,11.0,Credit Card,197.17,153.86,43.31,21.97
5521,9,65,3347,1435,1,2025-03-16,218.52,3.4,Credit Card,211.14,95.06,116.08,54.98
5522,4,42,3392,153,1,2025-10-10,263.44,11.7,Debit Card,232.52,147.32,85.2,36.64
5523,1,98,1263,234,1,2024-12-18,263.42,31.9,Debit Card,179.34,134.72,44.62,24.88
5524,8,116,696,9,2,2025-08-21,90.38,4.1,Online,173.33,69.54,103.79,59.88
5525,10,33,850,934,1,2025-08-23,123.8,26.8,Credit Card,90.65,74.15,16.5,18.2
5526,5,22,658,880,1,2025-09-16,278.78,6.8,Debit Card,259.93,124.02,135.91,52.29
5527,2,73,3467,585,1,2025-09-06,19.2,6.8,Credit Card,17.89,12.36,5.53,30.91
5528,9,52,3315,179,2,2025-09-04,7.49,8.2,Credit Card,13.75,8.86,4.89,35.56
5529,7,62,1381,187,3,2025-02-18,230.22,6.2,Cash,647.73,355.47,292.26,45.12
5530,6,78,3008,249,4,2025-01-02,136.74,7.6,Debit Card,505.48,355.72,149.76,29.63
5531,2,10,2754,202,5,2025-10-10,99.4,8.4,Cash,455.06,221.55,233.51,51.31
5532,6,72,3099,85,1,2025-07-05,236.72,10.8,Debit Card,211.25,113.03,98.22,46.49
5533,12,36,3802,116,1,2025-01-12,126.29,11.6,Online,111.6,58.78,52.82,47.33
5534,7,62,4575,166,2,2025-06-28,240.32,10.9,Cash,428.02,559.34,-131.32,-30.68
5535,12,60,3172,10,2,2025-09-03,191.61,3.7,Debit Card,368.9,181.78,187.12,50.72
5536,5,47,3523,171,1,2025-03-12,112.61,5.7,Cash,106.18,75.45,30.73,28.94
5537,5,22,3009,964,3,2024-12-21,41.06,4.2,Debit Card,118.05,77.13,40.92,34.66
5538,12,108,2692,235,1,2025-05-25,91.52,8.3,Debit Card,83.91,58.85,25.06,29.87
5539,4,31,1633,93,2,2025-04-17,93.1,9.4,Credit Card,168.61,91.54,77.07,45.71
5540,10,55,2887,585,5,2024-10-31,99.77,30.9,Credit Card,344.74,237.1,107.64,31.22
5541,12,18,1103,11,5,2024-12-06,13.51,7.1,Debit Card,62.76,44.05,18.71,29.81
5542,1,86,4041,78,5,2025-05-15,293.9,30.2,Debit Card,1026.34,622.85,403.49,39.31
5543,10,67,756,292,2,2025-03-06,66.34,32.7,Debit Card,89.34,57.48,31.86,35.66
5544,7,104,2429,518,5,2025-07-21,265.43,9.1,Debit Card,1206.88,715.45,491.43,40.72
5545,3,53,1821,148,5,2025-08-31,38.82,4.4,Credit Card,185.57,128.2,57.37,30.92
5546,5,22,4343,139,1,2024-12-05,11.33,3.9,Cash,10.89,5.05,5.84,53.63
5547,8,94,703,11,2,2025-08-22,130.44,6.4,Cash,244.28,125.4,118.88,48.67
5548,2,8,4889,143,1,2025-01-19,122.69,10.1,Credit Card,110.36,58.74,51.62,46.77
5549,4,1,4049,1378,1,2025-04-23,265.95,5.4,Credit Card,251.68,180.79,70.89,28.17
5550,9,27,1437,199,2,2025-11-03,268.15,4.8,Debit Card,510.62,644.08,-133.46,-26.14
5551,11,63,1103,164,2,2025-11-04,13.51,28.3,Cash,19.38,17.62,1.76,9.08
5552,2,13,1754,380,2,2025-05-03,281.01,8.1,Online,516.37,343.66,172.71,33.45
5553,8,94,4096,1468,3,2025-10-03,113.28,4.8,Debit Card,323.67,142.32,181.35,56.03
5554,9,2,670,219,1,2025-01-11,59.13,4.7,Cash,56.36,23.83,32.53,57.72
5555,12,102,1105,48,1,2025-03-16,134.88,4.1,Debit Card,129.4,93.9,35.5,27.43
5556,3,21,1101,653,4,2025-08-12,110.78,4.1,Credit Card,424.89,224.52,200.37,47.16
5557,5,40,4688,1193,5,2025-08-06,29.07,10.2,Debit Card,130.49,81.7,48.79,37.39
5558,4,42,2753,542,1,2024-11-14,78.55,10.2,Cash,70.52,55.82,14.7,20.85
5559,10,87,713,249,1,2024-12-25,22.61,24.1,Credit Card,17.15,9.3,7.85,45.77
5560,10,39,3826,124,2,2024-12-21,36.83,25.4,Cash,54.93,31.8,23.13,42.11
5561,12,102,4173,223,3,2025-06-17,238.89,8.2,Cash,658.19,461.04,197.15,29.95
5562,8,9,1336,212,3,2025-07-19,80.03,7.8,Online,221.28,137.04,84.24,38.07
5563,8,85,4552,1389,2,2024-12-23,66.2,3.9,Cash,127.21,55.5,71.71,56.37
5564,11,63,4759,19,4,2025-02-16,132.53,27.6,Debit Card,383.71,370.76,12.95,3.37
5565,5,119,3873,183,2,2025-02-06,282.74,4.9,Debit Card,537.73,228.8,308.93,57.45
5566,5,113,3422,156,2,2025-08-22,228.7,5.2,Credit Card,433.66,194.32,239.34,55.19
5567,1,68,4504,1447,2,2025-06-29,109.51,27.6,Credit Card,158.61,89.14,69.47,43.8
5568,5,40,855,4,2,2025-10-01,109.71,5.7,Credit Card,206.94,129.22,77.72,37.56
5569,1,29,533,147,1,2024-11-24,230.31,29.8,Debit Card,161.63,136.75,24.88,15.39
5570,12,102,3405,1422,1,2025-03-30,26.44,3.6,Online,25.5,16.12,9.38,36.78
5571,4,31,1394,80,1,2025-01-08,235.11,7.9,Online,216.6,124.8,91.8,42.38
5572,7,95,2914,868,4,2024-12-03,97.53,8.8,Credit Card,355.72,138.24,217.48,61.14
5573,11,64,4567,282,4,2024-10-24,129.83,22.3,Debit Card,403.53,216.28,187.25,46.4
5574,12,18,4838,1218,1,2024-12-02,291.87,9.9,Credit Card,263.03,179.32,83.71,31.83
5575,11,64,3157,1120,1,2025-08-27,195.54,27.8,Credit Card,141.18,235.59,-94.41,-66.87
5576,2,35,4088,289,2,2024-12-05,60.1,8.8,Credit Card,109.61,58.52,51.09,46.61
5577,1,29,2838,278,5,2025-09-09,221.6,28.9,Credit Card,787.29,716.75,70.54,8.96
5578,2,73,3049,76,2,2025-08-04,253.33,4.4,Credit Card,484.18,206.2,277.98,57.41
5579,7,84,3125,31,1,2025-06-17,6.16,4.8,Credit Card,5.87,4.0,1.87,31.86
5580,3,88,1303,697,5,2025-04-12,141.84,4.9,Credit Card,674.69,440.1,234.59,34.77
5581,5,92,3606,338,4,2025-11-28,240.42,4.4,Debit Card,919.55,426.4,493.15,53.63
5582,1,58,2146,887,4,2025-04-19,271.54,29.7,Online,763.68,717.16,46.52,6.09
5583,10,101,904,10,1,2024-11-09,150.38,30.8,Cash,104.1,55.98,48.12,46.22
5584,10,75,4847,1302,3,2025-03-16,16.42,30.2,Credit Card,34.38,21.12,13.26,38.57
5585,10,16,2079,37,5,2025-02-14,53.26,31.0,Debit Card,183.75,169.3,14.45,7.86
5586,8,9,2030,1214,4,2025-10-15,38.05,9.5,Credit Card,137.67,97.88,39.79,28.9
5587,4,56,3558,96,4,2025-03-21,34.06,9.9,Debit Card,122.7,83.88,38.82,31.64
5588,10,16,1631,130,4,2025-11-17,46.21,32.2,Debit Card,125.24,125.32,-0.08,-0.06
5589,2,13,1588,1116,5,2025-10-16,9.17,12.0,Credit Card,40.37,18.25,22.12,54.79
5590,8,91,4534,226,3,2025-04-27,280.19,8.0,Credit Card,773.55,505.59,267.96,34.64
5591,10,117,4931,584,5,2025-05-20,136.97,23.0,Credit Card,527.2,423.35,103.85,19.7
5592,5,76,3661,1200,1,2025-12-09,262.96,3.9,Cash,252.69,169.7,82.99,32.84
5593,2,103,3116,146,3,2025-10-24,244.28,8.1,Cash,673.64,507.27,166.37,24.7
5594,9,25,2189,68,5,2025-11-27,245.33,9.6,Online,1108.95,509.05,599.9,54.1
5595,6,99,374,271,1,2024-11-13,212.02,7.8,Cash,195.51,85.4,110.11,56.32
5596,8,57,2067,195,2,2025-02-20,115.99,10.6,Cash,207.31,83.98,123.33,59.49
5597,12,18,3514,897,3,2025-05-05,225.4,3.7,Online,651.42,455.4,196.02,30.09
5598,12,18,701,3,1,2025-08-14,143.36,11.0,Online,127.61,97.8,29.81,23.36
5599,2,28,220,291,1,2024-12-24,30.1,9.9,Cash,27.11,17.75,9.36,34.53
5600,5,47,3226,258,2,2024-11-09,52.47,3.0,Cash,101.76,65.24,36.52,35.89
5601,11,44,297,1050,2,2025-07-10,47.8,27.3,Cash,69.5,48.22,21.28,30.62
5602,3,21,1278,289,1,2025-05-03,13.79,4.0,Credit Card,13.25,9.44,3.81,28.75
5603,8,9,263,1488,1,2025-11-06,169.82,6.7,Credit Card,158.46,96.15,62.31,39.32
5604,1,59,3418,14,3,2025-11-01,205.41,24.3,Credit Card,466.38,262.17,204.21,43.79
5605,9,24,3513,252,1,2025-11-29,9.45,3.4,Credit Card,9.13,3.73,5.4,59.15
5606,6,74,2072,1429,4,2025-05-01,202.15,10.4,Debit Card,724.39,524.6,199.79,27.58
5607,1,29,3601,1337,1,2024-11-21,194.57,22.1,Debit Card,151.6,140.08,11.52,7.6
5608,3,14,4794,110,2,2025-09-11,74.56,8.4,Debit Card,136.55,86.3,50.25,36.8
5609,8,80,2880,982,3,2025-03-11,29.19,8.3,Cash,80.3,53.82,26.48,32.98
5610,8,116,2318,917,5,2024-12-10,8.63,10.2,Credit Card,38.74,16.75,21.99,56.76
5611,3,53,3280,1388,4,2025-06-15,26.19,7.9,Online,96.52,61.4,35.12,36.39
5612,10,16,3860,255,1,2025-08-30,218.79,26.3,Debit Card,161.24,235.11,-73.87,-45.81
5613,8,80,3046,265,4,2025-07-29,73.04,7.8,Debit Card,269.44,164.68,104.76,38.88
5614,6,96,4380,860,2,2024-10-08,288.08,9.1,Credit Card,523.95,203.9,320.05,61.08
5615,7,104,850,1497,5,2025-08-14,123.8,11.2,Debit Card,549.94,370.75,179.19,32.58
5616,2,110,3125,155,4,2024-12-31,6.16,9.5,Debit Card,22.3,16.0,6.3,28.25
5617,1,29,1529,550,4,2025-04-20,286.69,34.0,Debit Card,757.31,444.64,312.67,41.29
5618,11,97,3596,514,4,2025-01-06,155.56,25.2,Debit Card,465.44,289.0,176.44,37.91
5619,1,50,485,1072,3,2025-07-02,258.24,27.6,Credit Card,561.09,403.74,157.35,28.04
5620,3,46,113,449,2,2025-05-09,281.07,5.5,Cash,531.38,613.38,-82.0,-15.43
5621,7,84,4692,230,1,2025-06-29,194.61,8.1,Credit Card,178.91,116.26,62.65,35.02
5622,9,37,3434,156,2,2024-11-02,141.5,11.0,Debit Card,251.98,184.68,67.3,26.71
5623,2,26,4282,1408,1,2025-04-16,121.26,3.8,Debit Card,116.67,45.71,70.96,60.82
5624,6,78,2852,168,1,2025-01-21,14.34,4.3,Credit Card,13.73,9.55,4.18,30.44
5625,8,109,1651,128,5,2024-11-14,277.52,7.8,Debit Card,1279.93,596.45,683.48,53.4
5626,11,63,2848,878,2,2025-04-22,52.71,32.8,Debit Card,70.82,73.24,-2.42,-3.42
5627,9,6,641,249,1,2025-05-07,55.87,7.2,Online,51.84,29.82,22.02,42.48
5628,10,15,2486,92,5,2025-12-09,81.99,24.2,Credit Card,310.91,221.1,89.81,28.89
5629,12,102,4557,180,3,2024-12-04,173.01,9.7,Cash,468.57,255.93,212.64,45.38
5630,3,115,1199,102,1,2025-11-07,256.72,9.7,Debit Card,231.77,93.5,138.27,59.66
5631,5,105,3920,105,1,2025-09-09,153.34,6.8,Cash,142.98,93.18,49.8,34.83
5632,5,119,1054,38,3,2025-06-06,245.44,9.1,Credit Card,669.52,870.3,-200.78,-29.99
5633,12,60,1370,436,1,2025-08-23,5.02,9.6,Debit Card,4.54,1.79,2.75,60.57
5634,11,12,4819,186,1,2024-12-10,169.89,23.8,Credit Card,129.47,101.56,27.91,21.56
5635,8,91,4233,30,1,2025-02-28,169.21,10.3,Credit Card,151.73,86.81,64.92,42.79
5636,1,68,4534,453,3,2025-02-13,280.19,26.0,Credit Card,621.94,505.59,116.35,18.71
5637,11,81,3195,149,2,2025-09-26,33.32,29.8,Debit Card,46.79,39.36,7.43,15.88
5638,3,88,4874,82,3,2025-10-25,210.93,10.6,Credit Card,565.91,424.86,141.05,24.92
5639,6,74,2145,1381,2,2025-03-18,113.59,6.2,Credit Card,213.04,145.3,67.74,31.8
5640,6,96,2810,38,3,2025-08-07,76.38,5.9,Credit Card,215.71,104.91,110.8,51.37
5641,4,56,729,194,2,2025-01-15,44.51,8.4,Debit Card,81.5,32.62,48.88,59.98
5642,5,47,2842,347,1,2025-10-20,235.94,10.3,Debit Card,211.62,255.71,-44.09,-20.83
5643,10,87,4108,1481,4,2025-02-06,33.87,29.2,Credit Card,95.87,53.72,42.15,43.97
5644,3,21,1446,42,5,2025-08-12,12.5,8.7,Online,57.06,34.85,22.21,38.92
5645,4,42,1312,1295,1,2024-12-28,223.63,10.5,Cash,200.24,136.76,63.48,31.7
5646,10,87,3714,1143,1,2025-02-18,123.41,25.5,Cash,91.98,53.2,38.78,42.16
5647,10,75,2526,838,1,2025-01-15,279.38,32.9,Credit Card,187.59,102.9,84.69,45.15
5648,1,58,167,52,1,2025-07-08,53.52,23.1,Online,41.15,27.57,13.58,33.0
5649,6,74,4451,146,1,2025-06-29,156.67,8.7,Credit Card,142.98,112.4,30.58,21.39
5650,5,47,3284,136,3,2025-07-31,257.32,9.2,Cash,700.81,378.57,322.24,45.98
5651,5,119,1943,268,5,2025-11-03,176.22,6.8,Debit Card,821.01,415.7,405.31,49.37
5652,12,108,3041,60,1,2025-02-05,204.17,3.2,Credit Card,197.67,82.06,115.61,58.49
5653,4,70,2676,949,4,2025-11-23,153.76,6.1,Cash,577.72,263.96,313.76,54.31
5654,9,111,2492,547,1,2024-11-08,178.22,9.6,Debit Card,161.04,124.16,36.88,22.9
5655,11,12,4648,1084,1,2025-03-26,223.94,32.5,Cash,151.09,103.43,47.66,31.54
5656,11,64,4078,112,1,2024-12-25,53.2,24.1,Credit Card,40.39,34.55,5.84,14.46
5657,9,2,2925,362,3,2025-07-02,216.07,5.1,Online,615.3,242.43,372.87,60.6
5658,5,76,1529,1053,1,2025-09-22,286.69,8.9,Credit Card,261.28,111.16,150.12,57.46
5659,7,41,3200,26,1,2025-06-17,83.88,4.8,Credit Card,79.84,48.96,30.88,38.68
5660,3,14,2114,276,2,2025-10-19,173.73,4.5,Cash,331.7,196.08,135.62,40.89
5661,1,48,289,682,5,2025-03-27,219.33,28.3,Debit Card,786.05,497.15,288.9,36.75
5662,1,118,453,186,1,2025-04-02,39.45,29.3,Credit Card,27.88,27.56,0.32,1.15
5663,3,21,4218,177,3,2024-12-28,130.28,3.3,Debit Card,377.98,220.05,157.93,41.78
5664,3,46,728,17,2,2025-05-20,198.78,8.5,Online,363.94,229.06,134.88,37.06
5665,5,119,4051,245,5,2024-10-06,201.34,3.3,Credit Card,973.4,557.15,416.25,42.76
5666,8,109,4125,299,1,2025-10-14,288.83,7.8,Debit Card,266.21,128.66,137.55,51.67
5667,6,77,4201,722,1,2025-10-15,155.8,10.2,Debit Card,139.84,106.09,33.75,24.13
5668,8,57,364,44,5,2025-09-30,46.25,3.4,Debit Card,223.39,85.45,137.94,61.75
5669,7,19,3784,209,2,2025-10-08,168.07,9.0,Debit Card,305.79,150.3,155.49,50.85
5670,1,17,1510,129,1,2025-06-15,30.16,33.2,Cash,20.14,19.53,0.61,3.03
5671,10,16,1074,104,3,2025-03-24,292.78,25.5,Debit Card,654.74,557.46,97.28,14.86
5672,8,9,580,123,1,2025-04-21,170.29,10.8,Debit Card,151.83,99.9,51.93,34.2
5673,1,118,2119,181,1,2025-01-10,55.58,33.0,Credit Card,37.24,25.99,11.25,30.21
5674,5,20,1753,699,1,2025-04-20,137.84,6.4,Credit Card,129.02,82.02,47.0,36.43
5675,3,14,4026,218,5,2024-10-21,11.28,10.4,Credit Card,50.53,20.05,30.48,60.32
5676,7,95,2760,32,1,2024-12-21,172.97,8.6,Credit Card,158.01,113.05,44.96,28.45
5677,5,105,447,174,2,2025-02-01,67.75,7.1,Cash,125.95,68.72,57.23,45.44
5678,2,69,2810,55,1,2025-09-21,76.38,8.7,Cash,69.76,34.97,34.79,49.87
5679,1,98,541,106,1,2025-02-11,84.94,33.6,Debit Card,56.39,50.14,6.25,11.08
5680,10,16,445,65,1,2025-12-03,213.06,33.5,Credit Card,141.66,120.41,21.25,15.0
5681,6,74,1749,1416,4,2024-12-19,181.25,3.1,Online,702.83,472.8,230.03,32.73
5682,6,99,366,1141,2,2024-11-30,84.21,5.4,Online,159.3,108.52,50.78,31.88
5683,8,91,3033,375,3,2025-01-03,35.16,10.5,Online,94.36,43.74,50.62,53.65
5684,9,25,927,126,5,2025-06-07,64.58,4.8,Cash,307.43,113.35,194.08,63.13
5685,2,43,935,88,2,2025-09-02,158.63,5.1,Credit Card,301.04,217.38,83.66,27.79
5686,5,40,4366,1026,2,2025-06-25,218.46,8.1,Cash,401.73,232.52,169.21,42.12
5687,5,22,2207,37,4,2025-09-05,244.37,9.1,Credit Card,888.68,461.8,426.88,48.04
5688,10,117,432,580,1,2025-03-01,8.92,28.2,Online,6.41,4.0,2.41,37.6
5689,8,80,2789,148,2,2024-10-09,106.9,10.5,Cash,191.45,112.28,79.17,41.35
5690,9,25,1306,245,5,2025-04-02,235.49,8.1,Credit Card,1081.9,690.9,391.0,36.14
5691,5,20,4829,687,1,2025-03-23,248.57,3.4,Debit Card,240.05,146.53,93.52,38.96
5692,5,113,2740,19,2,2025-09-07,293.62,7.9,Credit Card,541.14,379.78,161.36,29.82
5693,3,115,1140,88,4,2025-03-07,284.25,4.5,Credit Card,1086.13,580.32,505.81,46.57
5694,6,77,4128,442,4,2025-12-08,136.58,4.3,Credit Card,523.0,646.56,-123.56,-23.63
5695,7,5,1972,1260,1,2025-04-07,239.91,8.1,Credit Card,220.6,122.06,98.54,44.67
5696,3,53,2430,130,1,2024-10-07,26.43,9.4,Debit Card,23.96,10.75,13.21,55.13
5697,2,103,701,75,3,2025-01-31,143.36,5.6,Online,406.11,293.4,112.71,27.75
5698,12,60,3859,1275,2,2025-11-03,161.61,11.2,Online,287.08,175.06,112.02,39.02
5699,2,114,1353,1096,2,2025-04-11,279.53,6.8,Online,521.1,213.76,307.34,58.98
5700,9,65,2453,1230,1,2025-02-20,279.05,6.3,Debit Card,261.49,159.08,102.41,39.16
5701,6,72,3086,63,2,2025-07-01,85.65,8.2,Debit Card,157.28,63.26,94.02,59.78
5702,2,28,3283,1271,1,2025-11-09,218.74,10.1,Cash,196.73,150.34,46.39,23.58
5703,5,119,1845,291,3,2025-03-24,223.92,3.7,Debit Card,646.78,432.21,214.57,33.18
5704,7,41,4296,501,4,2025-08-17,34.96,10.6,Debit Card,124.97,94.76,30.21,24.17
5705,1,50,3519,228,1,2025-08-27,150.93,23.9,Cash,114.84,60.15,54.69,47.62
5706,11,44,2329,178,1,2025-05-25,122.04,28.3,Debit Card,87.49,80.91,6.58,7.52
5707,8,80,3700,57,5,2024-10-16,110.95,10.5,Credit Card,496.6,258.0,238.6,48.05
5708,11,44,1554,112,5,2025-11-22,296.2,31.8,Debit Card,1010.59,843.75,166.84,16.51
5709,6,74,2520,294,5,2025-04-21,273.62,7.0,Debit Card,1272.07,1487.35,-215.28,-16.92
5710,1,82,3209,159,3,2025-06-22,117.05,26.3,Debit Card,258.68,138.3,120.38,46.54
5711,8,109,4314,60,2,2025-02-09,154.25,11.7,Credit Card,272.45,204.52,67.93,24.93
5712,5,113,1920,629,2,2025-08-18,181.2,9.8,Online,327.05,394.92,-67.87,-20.75
5713,7,7,3095,265,2,2025-08-12,108.63,11.2,Debit Card,192.85,140.52,52.33,27.14
5714,10,75,2530,21,2,2025-07-05,270.38,31.2,Credit Card,371.77,314.5,57.27,15.4
5715,4,42,2829,518,4,2024-10-06,257.02,10.1,Online,924.12,699.08,225.04,24.35
5716,2,13,232,1085,1,2025-07-12,106.73,5.0,Credit Card,101.4,57.49,43.91,43.3
5717,12,100,3239,828,1,2024-10-12,212.25,11.4,Cash,188.15,152.12,36.03,19.15
5718,8,109,1934,1275,5,2025-06-05,283.26,4.0,Credit Card,1359.26,547.25,812.01,59.74
5719,4,34,4829,169,4,2025-02-23,248.57,7.8,Debit Card,916.9,586.12,330.78,36.08
5720,8,85,4187,45,1,2025-05-13,56.23,3.1,Cash,54.48,24.3,30.18,55.4
5721,9,65,3670,643,4,2025-10-11,60.46,6.3,Credit Card,226.64,307.24,-80.6,-35.56
5722,11,44,4777,1206,1,2025-10-19,61.61,29.0,Debit Card,43.75,28.61,15.14,34.61
5723,4,31,2878,160,2,2025-04-12,163.48,3.3,Cash,316.12,182.38,133.74,42.31
5724,8,91,2040,133,1,2025-11-11,60.12,3.6,Credit Card,57.93,41.04,16.89,29.16
5725,4,56,3499,645,5,2024-11-11,297.78,7.8,Online,1372.71,628.15,744.56,54.24
5726,8,116,3481,685,1,2025-03-10,275.89,3.5,Online,266.15,185.53,80.62,30.29
5727,1,79,4246,989,2,2025-08-16,245.11,28.5,Debit Card,350.74,322.46,28.28,8.06
5728,2,114,2125,738,3,2025-06-05,227.4,9.9,Credit Card,615.0,441.84,173.16,28.16
5729,12,108,860,201,2,2024-10-05,272.38,5.9,Credit Card,512.74,390.26,122.48,23.89
5730,12,93,86,212,2,2024-10-31,227.22,6.6,Debit Card,424.61,204.24,220.37,51.9
5731,10,39,4782,914,2,2025-06-10,192.06,26.7,Debit Card,281.62,211.32,70.3,24.96
5732,3,88,3313,134,3,2025-08-13,56.59,4.3,Cash,162.41,95.31,67.1,41.32
5733,2,103,1118,55,2,2025-05-28,154.85,10.5,Cash,277.08,207.64,69.44,25.06
5734,10,15,3497,109,1,2024-10-14,20.48,30.2,Cash,14.29,8.67,5.62,39.33
5735,8,109,4095,253,2,2024-11-21,85.36,5.1,Cash,161.96,100.26,61.7,38.1
5736,10,16,4147,286,1,2025-10-24,42.14,26.4,Debit Card,31.0,25.67,5.33,17.19
5737,12,93,3720,36,1,2025-07-05,100.68,4.9,Online,95.72,44.56,51.16,53.45
5738,11,64,4986,152,4,2025-02-27,74.9,27.4,Online,217.46,148.8,68.66,31.57
5739,9,51,4786,748,2,2025-07-11,269.4,11.4,Debit Card,477.6,369.92,107.68,22.55
5740,9,27,160,1088,1,2025-05-31,149.43,5.6,Debit Card,141.04,78.6,62.44,44.27
5741,1,29,879,65,1,2024-10-09,254.97,23.4,Cash,195.4,154.4,41.0,20.98
5742,9,6,1963,260,5,2025-09-13,81.2,10.3,Online,364.24,202.4,161.84,44.43
5743,8,80,1365,75,2,2025-04-13,117.61,11.9,Cash,207.12,143.94,63.18,30.5
5744,8,91,4310,667,5,2025-10-09,26.38,8.4,Cash,120.8,64.25,56.55,46.81
5745,3,14,1368,79,1,2025-06-10,34.29,11.9,Credit Card,30.22,15.98,14.24,47.12
5746,8,85,4772,49,1,2025-09-29,251.16,3.2,Debit Card,243.12,123.73,119.39,49.11
5747,2,89,3780,221,2,2025-02-01,251.54,10.0,Cash,452.94,361.04,91.9,20.29
5748,2,11,3339,48,1,2025-07-22,47.51,7.5,Online,43.93,33.05,10.88,24.77
5749,4,56,1610,949,3,2025-05-21,246.42,6.6,Cash,690.72,920.28,-229.56,-33.23
5750,7,62,12,981,2,2024-12-29,18.71,8.3,Credit Card,34.33,13.58,20.75,60.44
5751,12,93,4433,256,1,2024-12-17,68.77,5.2,Credit Card,65.22,49.14,16.08,24.66
5752,4,56,1064,287,1,2024-12-04,124.36,7.3,Credit Card,115.32,68.73,46.59,40.4
5753,2,8,1528,67,4,2025-10-29,99.19,7.5,Credit Card,366.86,205.24,161.62,44.05
5754,5,40,3352,139,2,2025-11-19,62.44,9.8,Credit Card,112.58,85.1,27.48,24.41
5755,8,85,1362,61,5,2024-11-17,218.5,8.0,Debit Card,1004.59,492.6,511.99,50.97
5756,7,41,2320,108,1,2025-09-24,255.47,8.0,Credit Card,235.04,98.06,136.98,58.28
5757,7,104,3635,198,1,2024-11-18,147.65,3.3,Online,142.75,78.95,63.8,44.69
5758,9,120,3088,546,1,2025-04-27,30.08,10.6,Cash,26.89,15.3,11.59,43.1
5759,12,18,2106,684,1,2024-11-06,221.01,7.0,Credit Card,205.57,145.82,59.75,29.07
5760,5,76,2723,223,5,2024-12-07,76.03,10.9,Debit Card,338.74,213.25,125.49,37.05
5761,4,1,4322,147,1,2025-01-13,74.96,10.6,Debit Card,66.99,48.69,18.3,27.32
5762,10,117,2209,929,2,2025-06-17,235.74,31.2,Debit Card,324.44,246.44,78.0,24.04
5763,11,44,727,219,4,2024-12-18,274.11,29.3,Credit Card,775.37,543.56,231.81,29.9
5764,12,93,3658,281,1,2025-11-24,91.63,6.9,Credit Card,85.33,65.9,19.43,22.77
5765,9,37,3140,134,1,2024-12-23,171.49,5.4,Credit Card,162.29,87.56,74.73,46.05
5766,11,12,4828,34,1,2025-06-01,48.52,30.7,Online,33.61,28.93,4.68,13.92
5767,11,81,1804,83,2,2025-09-26,271.91,33.5,Debit Card,361.54,259.32,102.22,28.27
5768,11,63,1297,640,5,2025-11-22,145.73,25.1,Debit Card,546.02,471.35,74.67,13.68
5769,1,58,3552,139,2,2025-08-28,206.13,30.6,Online,286.12,268.46,17.66,6.17
5770,6,49,4621,64,1,2024-10-08,163.86,5.2,Debit Card,155.31,209.47,-54.16,-34.87
5771,11,44,3259,427,2,2024-11-05,85.2,26.0,Debit Card,126.17,120.76,5.41,4.29
5772,3,21,2479,240,1,2025-03-07,198.56,7.5,Online,183.58,120.9,62.68,34.14
5773,6,72,4183,12,1,2025-03-14,13.52,6.7,Debit Card,12.62,7.96,4.66,36.93
5774,7,62,2253,1473,3,2025-03-02,209.72,10.8,Cash,561.49,236.16,325.33,57.94
5775,1,48,3205,192,5,2025-04-24,164.78,24.4,Debit Card,622.67,575.1,47.57,7.64
5776,6,78,1769,466,5,2025-05-13,106.37,9.9,Online,478.96,378.05,100.91,21.07
5777,8,57,3840,1451,1,2024-11-02,114.48,10.3,Debit Card,102.7,57.5,45.2,44.01
5778,5,92,688,404,2,2025-07-11,190.29,4.3,Online,364.09,136.36,227.73,62.55
5779,5,92,2102,156,2,2024-10-06,261.65,3.7,Credit Card,504.14,228.94,275.2,54.59
5780,7,7,3862,245,3,2025-01-06,142.08,3.8,Cash,410.19,185.31,224.88,54.82
5781,8,57,201,52,1,2024-12-27,276.76,7.1,Debit Card,257.13,188.09,69.04,26.85
5782,7,41,4368,85,2,2024-10-24,28.62,6.5,Cash,53.53,62.66,-9.13,-17.06
5783,3,53,696,156,2,2024-10-16,90.38,11.5,Online,159.89,69.54,90.35,56.51
5784,6,49,2226,43,5,2025-08-13,72.47,6.9,Credit Card,337.52,229.0,108.52,32.15
5785,9,120,2754,57,1,2025-12-09,99.4,4.3,Online,95.11,44.31,50.8,53.41
5786,2,103,97,1019,1,2025-02-04,177.41,4.5,Cash,169.46,92.45,77.01,45.44
5787,9,2,3046,125,4,2025-02-10,73.04,6.0,Debit Card,274.49,164.68,109.81,40.01
5788,3,115,597,162,3,2025-04-16,276.53,10.7,Credit Card,741.23,494.85,246.38,33.24
5789,3,53,2638,87,2,2025-03-18,63.77,9.2,Credit Card,115.79,47.92,67.87,58.61
5790,10,71,4242,203,1,2025-04-20,30.94,28.5,Cash,22.14,14.26,7.88,35.59
5791,2,35,1241,594,1,2025-08-25,240.2,5.8,Cash,226.19,84.17,142.02,62.79
5792,3,115,3016,1336,1,2025-08-12,265.68,7.5,Credit Card,245.69,104.05,141.64,57.65
5793,7,41,2626,270,4,2025-01-10,103.93,11.1,Credit Card,369.63,255.44,114.19,30.89
5794,3,53,2132,151,4,2025-10-05,162.21,9.1,Credit Card,589.91,335.88,254.03,43.06
5795,1,17,1465,255,4,2025-09-19,268.5,33.5,Credit Card,713.71,687.28,26.43,3.7
5796,4,1,2458,64,1,2025-10-24,266.68,4.3,Debit Card,255.22,114.27,140.95,55.23
5797,7,104,2920,532,2,2025-08-17,17.82,8.8,Debit Card,32.51,19.78,12.73,39.16
5798,6,74,4596,165,1,2025-11-28,135.8,8.7,Cash,124.0,76.62,47.38,38.21
5799,12,36,503,1335,2,2025-05-18,283.11,9.9,Credit Card,510.2,265.7,244.5,47.92
5800,12,93,4200,476,2,2025-09-03,92.05,9.0,Credit Card,167.52,124.46,43.06,25.7
5801,10,67,1118,239,1,2025-02-04,154.85,33.5,Online,103.05,103.82,-0.77,-0.75
5802,3,46,559,116,2,2024-11-11,217.05,10.3,Debit Card,389.57,225.8,163.77,42.04
5803,1,58,4944,46,3,2024-11-10,57.99,32.9,Online,116.74,69.42,47.32,40.53
5804,8,112,4115,95,2,2025-04-09,127.6,9.2,Debit Card,231.81,109.74,122.07,52.66
5805,2,8,2051,286,2,2024-10-28,103.01,6.8,Debit Card,192.09,86.56,105.53,54.94
5806,5,92,4237,260,5,2025-03-20,199.43,4.1,Debit Card,956.21,505.95,450.26,47.09
5807,3,46,809,5,1,2025-11-13,34.16,5.9,Cash,32.16,17.11,15.05,46.8
5808,4,31,2423,733,1,2025-08-28,54.43,9.3,Cash,49.37,26.46,22.91,46.4
5809,3,115,1449,21,1,2025-04-26,255.16,11.9,Cash,224.89,119.45,105.44,46.89
5810,3,14,4127,40,1,2025-04-02,287.08,4.9,Debit Card,273.14,194.67,78.47,28.73
5811,3,46,637,636,5,2025-02-12,242.17,4.4,Cash,1157.9,599.6,558.3,48.22
5812,10,101,47,439,3,2025-03-26,45.13,27.9,Credit Card,97.56,74.28,23.28,23.86
5813,11,44,3215,108,2,2025-04-07,231.0,29.7,Cash,324.56,204.52,120.04,36.99
5814,11,12,4552,489,4,2025-10-14,66.2,22.8,Debit Card,204.38,111.0,93.38,45.69
5815,8,116,4078,10,2,2025-10-06,53.2,10.7,Debit Card,94.99,69.1,25.89,27.26
5816,11,64,1904,140,3,2025-08-29,31.02,24.0,Credit Card,70.75,34.23,36.52,51.62
5817,1,48,4061,779,2,2025-02-24,266.85,25.2,Cash,399.02,186.84,212.18,53.18
5818,2,73,3896,238,2,2024-11-12,278.29,8.3,Online,510.3,204.68,305.62,59.89
5819,2,73,624,1067,1,2025-05-30,32.54,6.1,Credit Card,30.56,22.61,7.95,26.01
5820,9,51,3122,72,2,2025-03-31,207.43,7.7,Credit Card,382.96,254.22,128.74,33.62
5821,7,41,1493,1088,2,2025-07-08,296.27,6.5,Credit Card,553.82,231.34,322.48,58.23
5822,10,33,285,244,3,2025-03-01,110.19,25.0,Debit Card,247.97,134.58,113.39,45.73
5823,7,62,1992,51,2,2025-05-15,170.86,3.2,Cash,330.73,133.06,197.67,59.77
5824,8,109,372,24,1,2025-05-16,110.95,10.8,Debit Card,98.95,39.62,59.33,59.96
5825,2,114,1542,1,3,2024-11-14,32.57,3.7,Online,94.1,53.16,40.94,43.51
5826,10,39,721,412,2,2025-05-20,114.48,32.7,Cash,154.1,147.78,6.32,4.1
5827,11,81,1893,112,2,2025-01-23,230.97,28.1,Debit Card,332.09,331.84,0.25,0.08
5828,1,59,3163,73,4,2025-08-20,184.56,27.1,Cash,537.88,364.24,173.64,32.28
5829,12,108,1271,305,1,2024-12-01,61.73,6.8,Online,57.51,36.08,21.43,37.26
5830,6,99,3799,205,5,2025-02-14,169.85,7.1,Credit Card,789.34,443.2,346.14,43.85
5831,3,14,2553,225,2,2025-04-24,100.22,9.1,Debit Card,182.28,136.9,45.38,24.9
5832,2,43,2316,68,1,2024-12-28,227.53,5.8,Cash,214.3,244.47,-30.17,-14.08
5833,3,21,4033,127,3,2025-11-02,227.19,10.4,Credit Card,610.53,474.09,136.44,22.35
5834,4,70,3429,50,1,2025-09-28,85.57,4.9,Debit Card,81.38,36.51,44.87,55.14
5835,5,105,845,168,1,2025-05-27,27.1,12.0,Cash,23.86,14.61,9.25,38.77
5836,10,15,415,155,3,2024-12-26,61.74,23.1,Debit Card,142.48,122.88,19.6,13.76
5837,10,117,1823,833,1,2025-08-27,184.56,31.3,Debit Card,126.72,211.8,-85.08,-67.14
5838,4,70,1184,1461,2,2025-04-28,194.16,9.3,Online,352.19,242.16,110.03,31.24
5839,8,57,3496,1498,1,2025-02-26,43.54,4.4,Online,41.64,20.4,21.24,51.01
5840,6,96,4868,193,4,2025-01-02,51.57,10.3,Debit Card,184.99,98.48,86.51,46.76
5841,7,7,2407,880,2,2025-09-11,40.4,6.4,Online,75.62,44.62,31.0,40.99
5842,4,1,3821,140,2,2025-11-24,256.33,5.3,Debit Card,485.49,306.86,178.63,36.79
5843,12,60,3385,72,1,2025-06-29,243.99,3.8,Cash,234.62,118.88,115.74,49.33
5844,7,5,1966,420,2,2025-03-07,9.22,5.4,Cash,17.44,11.96,5.48,31.42
5845,5,47,2481,239,2,2025-04-19,290.57,3.5,Online,560.71,336.94,223.77,39.91
5846,11,81,4988,297,4,2024-12-14,157.65,22.0,Credit Card,491.6,421.96,69.64,14.17
5847,12,60,1969,184,1,2025-07-07,129.69,5.4,Online,122.73,50.35,72.38,58.97
5848,2,45,4350,152,4,2024-12-28,291.72,5.7,Credit Card,1100.24,634.56,465.68,42.33
5849,9,37,1601,1284,1,2025-10-28,158.74,6.2,Online,148.93,76.83,72.1,48.41
5850,2,69,1926,1151,1,2025-02-07,158.62,6.8,Debit Card,147.8,107.77,40.03,27.08
5851,12,100,854,62,1,2025-06-02,109.48,6.0,Cash,102.92,122.32,-19.4,-18.85
5852,2,110,1310,457,1,2025-05-13,19.16,8.2,Credit Card,17.58,11.56,6.02,34.24
5853,3,14,840,179,2,2025-01-09,40.89,8.5,Cash,74.84,31.78,43.06,57.54
5854,4,70,492,284,5,2025-09-25,253.16,3.4,Debit Card,1222.66,802.05,420.61,34.4
5855,7,84,3274,104,1,2025-08-23,69.63,8.1,Cash,64.01,24.94,39.07,61.04
5856,5,20,281,671,1,2025-08-24,37.98,10.8,Debit Card,33.86,18.27,15.59,46.04
5857,7,104,3452,155,1,2025-08-24,110.17,4.4,Cash,105.31,52.7,52.61,49.96
5858,1,68,1352,566,2,2024-11-22,284.13,32.2,Debit Card,385.55,395.92,-10.37,-2.69
5859,4,56,1663,72,2,2024-12-25,77.88,8.5,Debit Card,142.58,64.44,78.14,54.8
5860,2,13,2601,67,1,2025-03-20,227.75,8.6,Debit Card,208.11,139.22,68.89,33.1
5861,6,77,2800,174,5,2024-12-05,126.39,3.7,Online,608.78,313.9,294.88,48.44
5862,2,103,3234,1492,5,2025-02-01,187.48,6.8,Cash,873.32,547.5,325.82,37.31
5863,4,31,4664,1084,5,2024-12-07,69.1,3.3,Credit Card,333.96,191.85,142.11,42.55
5864,5,119,3142,363,1,2025-01-14,74.54,11.4,Cash,66.08,28.91,37.17,56.25
5865,8,80,4682,155,2,2024-10-05,132.6,9.1,Cash,241.09,154.12,86.97,36.07
5866,5,119,4855,83,1,2025-06-02,25.56,3.9,Debit Card,24.56,11.94,12.62,51.38
5867,12,36,3595,732,1,2024-11-30,194.44,8.9,Online,177.18,85.81,91.37,51.57
5868,2,43,1261,103,1,2025-08-12,187.6,3.9,Debit Card,180.31,82.72,97.59,54.12
5869,10,75,1276,206,5,2025-01-16,123.84,24.2,Credit Card,469.52,357.1,112.42,23.94
5870,8,112,4230,265,1,2025-08-11,180.26,4.9,Credit Card,171.36,121.94,49.42,28.84
5871,8,57,642,47,2,2025-04-06,263.88,11.8,Credit Card,465.72,301.88,163.84,35.18
5872,10,101,2559,839,1,2025-08-31,207.06,28.0,Credit Card,149.1,249.63,-100.53,-67.42
5873,1,29,3523,1324,1,2025-08-23,112.61,26.2,Credit Card,83.06,75.45,7.61,9.16
5874,9,120,1396,74,2,2025-04-22,257.53,3.6,Credit Card,496.56,341.36,155.2,31.26
5875,8,85,4224,1103,2,2024-11-08,88.62,3.1,Online,171.67,71.82,99.85,58.16
5876,1,50,1852,243,1,2025-05-29,178.15,33.2,Debit Card,119.04,127.52,-8.48,-7.12
5877,9,65,1348,68,1,2025-11-13,210.11,7.3,Credit Card,194.72,101.59,93.13,47.83
5878,11,97,3180,324,1,2025-06-20,289.25,33.6,Credit Card,192.07,143.72,48.35,25.17
5879,9,111,3911,1291,4,2025-05-20,24.87,7.9,Cash,91.61,57.88,33.73,36.82
5880,8,116,3378,1373,2,2024-12-12,217.93,3.6,Debit Card,420.23,211.58,208.65,49.65
5881,11,12,4352,660,3,2025-10-05,85.98,31.7,Cash,176.07,106.8,69.27,39.34
5882,10,38,4367,247,5,2024-10-04,87.4,29.4,Debit Card,308.49,462.05,-153.56,-49.78
5883,7,104,2554,94,5,2025-02-19,166.98,11.3,Debit Card,740.25,380.3,359.95,48.63
5884,6,96,3053,300,2,2025-01-16,128.99,11.6,Debit Card,228.13,164.1,64.03,28.07
5885,5,113,1083,341,1,2025-07-13,106.7,4.3,Debit Card,102.13,75.17,26.96,26.4
5886,6,99,2281,56,1,2025-02-12,223.73,4.7,Cash,213.33,95.67,117.66,55.15
5887,1,50,3920,127,1,2024-11-28,153.34,28.1,Credit Card,110.22,93.18,17.04,15.46
5888,1,17,410,154,5,2025-04-19,123.62,24.8,Cash,464.74,386.9,77.84,16.75
5889,9,25,2983,1079,1,2025-02-02,29.96,3.1,Credit Card,29.03,12.21,16.82,57.94
5890,6,74,328,292,3,2025-04-17,261.9,9.3,Online,712.7,489.99,222.71,31.25
5891,3,88,1179,122,4,2025-12-05,246.97,7.0,Credit Card,918.8,474.28,444.52,48.38
5892,9,37,3699,156,2,2025-01-06,164.54,10.2,Credit Card,295.41,224.06,71.35,24.15
5893,3,53,3060,73,1,2025-04-20,134.02,4.4,Debit Card,128.13,93.74,34.39,26.84
5894,9,27,1662,23,2,2025-06-15,80.07,6.9,Credit Card,149.04,80.7,68.34,45.85
5895,5,92,3497,255,5,2025-02-16,20.48,10.4,Debit Card,91.8,43.35,48.45,52.78
5896,1,79,3773,16,4,2025-02-14,217.48,29.1,Online,616.47,568.2,48.27,7.83
5897,11,63,749,1477,4,2025-02-11,145.37,29.9,Online,407.36,413.68,-6.32,-1.55
5898,5,40,4867,818,2,2025-02-27,35.87,8.6,Cash,65.57,40.94,24.63,37.56
5899,10,67,251,834,5,2025-06-27,62.2,33.2,Credit Card,207.66,215.45,-7.79,-3.75
5900,2,110,4241,764,1,2024-10-16,70.31,7.7,Credit Card,64.9,49.46,15.44,23.79
5901,2,13,3721,424,2,2025-04-29,104.79,9.5,Cash,189.66,89.34,100.32,52.89
5902,1,17,4978,35,3,2024-10-06,146.63,29.3,Credit Card,310.79,231.78,79.01,25.42
5903,10,117,2567,228,4,2024-12-16,66.16,32.3,Debit Card,179.29,108.32,70.97,39.58
5904,4,56,3360,140,2,2025-10-22,204.32,11.2,Cash,362.98,227.06,135.92,37.45
5905,4,31,4701,150,5,2025-03-29,229.97,9.3,Debit Card,1042.61,668.3,374.31,35.9
5906,5,119,3026,186,5,2025-10-16,132.4,11.1,Cash,588.68,343.4,245.28,41.67
5907,4,56,655,161,1,2025-05-13,60.05,3.5,Debit Card,57.92,22.57,35.35,61.03
5908,2,83,4328,487,1,2025-11-23,81.0,4.2,Credit Card,77.62,34.06,43.56,56.12
5909,5,47,2924,4,5,2025-01-23,295.14,6.6,Debit Card,1377.73,855.95,521.78,37.87
5910,8,80,4533,184,2,2025-03-11,272.4,4.5,Cash,520.3,296.6,223.7,42.99
5911,6,96,955,1334,2,2025-01-25,126.3,6.0,Debit Card,237.35,97.06,140.29,59.11
5912,5,47,4995,129,2,2025-06-28,166.14,11.0,Credit Card,295.89,198.8,97.09,32.81
5913,7,7,3225,364,3,2025-10-16,16.69,4.1,Cash,48.02,24.63,23.39,48.71
5914,1,58,57,281,2,2025-04-07,94.02,27.0,Online,137.3,122.76,14.54,10.59
5915,6,49,2023,245,4,2024-12-31,24.17,5.1,Credit Card,91.79,44.32,47.47,51.72
5916,2,69,762,62,1,2025-01-17,254.2,7.4,Online,235.32,114.36,120.96,51.4
5917,5,92,4271,1008,1,2025-02-18,143.94,6.6,Credit Card,134.49,80.75,53.74,39.96
5918,10,101,3491,284,2,2025-04-10,158.97,28.4,Cash,227.59,187.38,40.21,17.67
5919,4,1,3974,270,1,2025-06-04,76.8,7.9,Debit Card,70.77,50.8,19.97,28.22
5920,12,100,409,1348,4,2025-03-24,271.38,10.4,Online,972.69,572.64,400.05,41.13
5921,7,62,1975,42,4,2025-02-17,133.46,6.7,Debit Card,497.93,268.2,229.73,46.14
5922,9,25,926,246,2,2025-05-14,108.82,9.0,Online,198.15,114.88,83.27,42.02
5923,9,61,3996,619,4,2025-11-21,90.06,11.2,Cash,319.96,232.72,87.24,27.27
5924,10,16,4803,892,3,2025-01-06,43.51,33.0,Cash,87.45,89.43,-1.98,-2.26
5925,1,118,1152,1,5,2025-05-01,200.82,31.0,Cash,693.16,1069.8,-376.64,-54.34
5926,7,5,4051,547,4,2025-03-21,201.34,8.7,Credit Card,735.39,445.72,289.67,39.39
5927,7,84,1361,1368,1,2024-11-15,178.53,8.6,Credit Card,163.26,71.42,91.84,56.25
5928,5,113,2345,691,2,2024-11-28,229.47,8.0,Debit Card,422.4,294.82,127.58,30.2
5929,8,80,61,210,1,2025-10-25,294.97,10.2,Cash,265.03,140.02,125.01,47.17
5930,10,117,2076,1129,3,2025-09-15,159.48,33.1,Online,320.22,212.16,108.06,33.75
5931,4,42,2452,1136,4,2024-11-09,51.91,9.0,Debit Card,189.02,105.88,83.14,43.98
5932,11,44,3675,565,1,2025-04-24,44.84,23.7,Credit Card,34.23,23.44,10.79,31.52
5933,1,3,3735,499,2,2025-09-12,16.23,24.4,Online,24.53,21.7,2.83,11.54
5934,4,70,1079,173,5,2025-04-03,255.15,4.6,Debit Card,1217.09,793.2,423.89,34.83
5935,11,97,608,122,3,2024-10-05,105.15,25.5,Cash,235.07,111.18,123.89,52.7
5936,2,103,1936,390,1,2025-02-25,74.28,5.5,Online,70.18,29.74,40.44,57.62
5937,3,21,2571,4,4,2024-12-21,115.75,9.5,Debit Card,418.99,317.4,101.59,24.25
5938,4,56,2969,1029,1,2025-04-23,164.44,3.7,Cash,158.33,61.53,96.8,61.14
5939,7,95,1133,1209,2,2024-11-12,29.5,4.1,Cash,56.57,23.86,32.71,57.82
5940,12,60,2084,83,1,2024-12-01,181.74,9.1,Debit Card,165.29,86.46,78.83,47.69
5941,9,6,238,287,5,2024-10-14,120.67,7.9,Credit Card,555.49,283.15,272.34,49.03
5942,4,31,1709,90,2,2025-10-12,59.42,11.1,Cash,105.69,75.04,30.65,29.0
5943,2,110,4916,248,4,2025-05-12,220.14,3.3,Debit Card,851.91,389.6,462.31,54.27
5944,10,75,675,416,2,2025-04-13,76.81,32.0,Debit Card,104.43,101.9,2.53,2.42
5945,10,101,25,196,5,2025-11-21,43.62,26.7,Debit Card,159.79,138.45,21.34,13.36
5946,4,1,642,1185,3,2025-08-25,263.88,10.5,Debit Card,708.81,452.82,255.99,36.12
5947,8,109,1458,1174,1,2024-11-01,35.99,9.9,Debit Card,32.41,23.65,8.76,27.03
5948,11,97,539,266,1,2025-08-02,264.03,22.2,Online,205.4,138.13,67.27,32.75
5949,2,83,2596,291,1,2025-02-13,34.51,5.6,Credit Card,32.58,22.0,10.58,32.47
5950,12,18,1898,2,3,2025-11-08,263.04,6.5,Cash,737.45,526.29,211.16,28.63
5951,12,18,794,169,1,2025-03-01,239.21,7.7,Online,220.78,98.42,122.36,55.42
5952,8,80,1441,783,5,2025-01-13,50.53,3.0,Credit Card,244.97,128.7,116.27,47.46
5953,5,105,900,1483,1,2025-10-06,124.35,3.8,Credit Card,119.61,57.05,62.56,52.3
5954,2,83,1730,1336,1,2025-06-02,297.71,7.9,Debit Card,274.25,138.4,135.85,49.54
5955,8,80,3230,48,2,2025-03-17,21.51,12.0,Cash,37.87,20.44,17.43,46.03
5956,2,83,4809,209,5,2025-06-05,243.37,6.4,Cash,1139.11,793.45,345.66,30.34
5957,4,1,184,28,3,2025-11-06,91.17,10.2,Cash,245.64,195.48,50.16,20.42
5958,2,89,266,1013,3,2025-01-10,131.06,6.4,Credit Card,367.86,254.04,113.82,30.94
5959,6,74,2472,691,1,2025-01-26,222.23,4.1,Debit Card,213.07,79.86,133.21,62.52
5960,3,46,3656,1266,2,2025-04-15,38.9,10.6,Debit Card,69.57,48.66,20.91,30.06
5961,7,19,3385,251,3,2025-06-30,243.99,8.9,Debit Card,666.69,356.64,310.05,46.51
5962,6,78,3778,52,1,2025-07-16,130.82,4.2,Cash,125.33,86.31,39.02,31.13
5963,1,58,2909,292,3,2025-01-20,254.38,25.5,Credit Card,568.27,468.03,100.24,17.64
5964,9,6,3477,1102,1,2025-06-30,98.03,5.0,Debit Card,93.1,68.57,24.53,26.35
5965,12,108,4040,26,2,2025-10-07,30.06,9.0,Credit Card,54.71,33.24,21.47,39.24
5966,7,5,2360,945,1,2025-07-06,146.08,7.2,Credit Card,135.59,81.82,53.77,39.66
5967,1,98,3773,371,5,2025-08-30,217.48,23.3,Cash,834.34,710.25,124.09,14.87
5968,4,56,1688,67,4,2025-08-24,25.28,8.0,Debit Card,93.02,52.92,40.1,43.11
5969,4,70,480,478,2,2025-01-05,108.9,11.1,Credit Card,193.52,124.6,68.92,35.61
5970,6,72,2566,32,2,2025-01-25,113.97,6.7,Credit Card,212.58,87.86,124.72,58.67
5971,3,53,4140,88,1,2025-10-24,85.73,11.7,Credit Card,75.7,33.3,42.4,56.01
5972,2,28,2157,30,3,2024-10-07,242.12,9.4,Credit Card,658.04,282.27,375.77,57.1
5973,3,115,4224,293,2,2024-12-04,88.62,8.4,Online,162.31,71.82,90.49,55.75
5974,4,1,4116,144,1,2025-06-21,98.72,3.5,Debit Card,95.23,52.59,42.64,44.78
5975,8,85,2949,145,3,2024-11-15,277.1,10.3,Cash,745.75,306.27,439.48,58.93
5976,11,81,681,440,1,2025-07-26,264.89,31.1,Cash,182.49,172.21,10.28,5.63
5977,12,100,4042,55,5,2025-05-04,72.76,4.1,Credit Card,348.73,130.05,218.68,62.71
5978,8,116,2654,400,1,2024-12-27,272.42,3.1,Credit Card,263.99,182.26,81.73,30.96
5979,1,54,3022,594,5,2024-10-13,102.25,25.8,Cash,379.36,228.2,151.16,39.85
5980,12,108,4701,1073,2,2025-12-08,229.97,4.8,Debit Card,437.93,267.32,170.61,38.96
5981,9,120,4293,515,3,2025-09-21,180.83,6.8,Credit Card,505.61,369.09,136.52,27.0
5982,4,56,3076,461,4,2025-03-28,276.54,6.8,Credit Card,1031.28,631.28,400.0,38.79
5983,4,70,2912,470,4,2025-04-28,230.4,3.8,Credit Card,886.82,531.68,355.14,40.05
5984,12,93,155,21,2,2024-11-14,275.61,10.2,Credit Card,494.79,283.78,211.01,42.65
5985,12,100,717,221,4,2024-10-28,247.69,8.4,Online,907.21,549.44,357.77,39.44
5986,4,1,1138,276,2,2025-11-24,185.95,7.8,Credit Card,342.83,152.46,190.37,55.53
5987,7,7,3579,496,2,2024-10-14,150.11,10.8,Debit Card,267.9,213.12,54.78,20.45
5988,2,89,4902,146,3,2025-11-17,224.17,11.2,Cash,597.24,429.93,167.31,28.01
5989,7,7,4304,534,4,2024-10-04,59.34,4.2,Cash,227.49,165.16,62.33,27.4
5990,10,39,3671,198,2,2025-09-14,176.23,30.0,Credit Card,246.63,162.64,83.99,34.06
5991,11,63,1256,646,1,2025-08-31,124.31,26.4,Debit Card,91.49,84.05,7.44,8.13
5992,2,23,4068,93,1,2025-09-29,256.26,10.0,Credit Card,230.57,149.3,81.27,35.25
5993,3,115,3412,153,1,2025-06-02,33.22,4.1,Debit Card,31.87,16.35,15.52,48.7
5994,11,63,2852,1349,4,2025-02-25,14.34,33.2,Credit Card,38.29,38.2,0.09,0.24
5995,11,81,3118,774,5,2025-11-27,247.64,25.1,Debit Card,927.81,605.9,321.91,34.7
5996,5,113,4356,1196,2,2025-11-21,147.87,8.6,Cash,270.29,147.82,122.47,45.31
5997,1,29,4415,101,1,2024-10-17,94.13,28.9,Credit Card,66.91,49.76,17.15,25.63
5998,11,64,2210,1329,1,2024-11-15,89.1,28.9,Debit Card,63.39,34.49,28.9,45.59
5999,8,85,2973,733,5,2025-11-15,220.39,3.7,Credit Card,1061.54,530.65,530.89,50.01
6000,6,99,215,296,1,2024-11-04,120.02,9.2,Credit Card,109.03,68.97,40.06,36.74
6001,4,42,2001,7,5,2025-09-23,63.17,3.1,Credit Card,306.02,212.7,93.32,30.49
6002,3,115,2553,26,2,2024-10-06,100.22,7.6,Cash,185.24,136.9,48.34,26.1
6003,7,84,958,818,3,2024-12-24,76.1,7.1,Debit Card,211.99,112.8,99.19,46.79
6004,12,60,2930,507,3,2025-03-15,71.49,3.4,Debit Card,207.17,129.15,78.02,37.66
6005,6,78,787,107,1,2024-12-25,74.9,4.7,Online,71.39,92.4,-21.01,-29.43
6006,9,51,1236,221,1,2025-08-09,91.66,10.2,Cash,82.3,43.83,38.47,46.74
6007,2,23,3485,468,1,2025-06-09,66.19,5.7,Debit Card,62.39,43.12,19.27,30.89
6008,6,74,2171,8,2,2025-08-17,20.35,7.3,Debit Card,37.71,20.84,16.87,44.74
6009,10,87,2647,532,1,2024-11-01,255.29,29.1,Online,180.88,127.26,53.62,29.64
6010,1,68,283,201,3,2025-10-27,271.3,24.6,Cash,613.52,520.5,93.02,15.16
6011,4,70,18,48,3,2024-11-30,15.6,11.5,Debit Card,41.43,25.11,16.32,39.39
6012,4,31,4700,82,1,2025-07-05,107.24,3.5,Credit Card,103.51,58.68,44.83,43.31
6013,9,25,2569,214,1,2024-10-13,180.38,7.2,Cash,167.46,88.58,78.88,47.1
6014,9,24,4953,380,2,2025-04-04,283.48,6.0,Debit Card,532.79,303.78,229.01,42.98
6015,8,30,1384,173,5,2025-04-01,41.97,9.0,Debit Card,190.96,130.35,60.61,31.74
6016,8,116,273,56,1,2025-08-11,174.55,8.8,Debit Card,159.15,107.15,52.0,32.67
6017,11,97,4736,979,1,2025-07-22,142.61,25.9,Credit Card,105.68,94.35,11.33,10.72
6018,5,20,4933,251,1,2025-09-14,242.09,7.5,Credit Card,223.95,167.05,56.9,25.41
6019,11,97,1783,142,5,2024-10-21,33.94,24.5,Online,128.09,107.05,21.04,16.43
6020,3,88,3618,550,2,2025-06-04,31.38,7.5,Debit Card,58.03,34.96,23.07,39.76
6021,10,16,1320,169,4,2025-07-26,101.16,22.3,Credit Card,314.49,279.92,34.57,10.99
6022,5,76,2774,181,1,2025-09-11,205.82,6.0,Credit Card,193.56,124.97,68.59,35.44
6023,10,67,1182,139,3,2025-08-02,183.23,29.7,Debit Card,386.43,230.76,155.67,40.28
6024,7,41,3612,181,4,2024-11-26,6.98,9.3,Credit Card,25.32,17.92,7.4,29.23
6025,8,9,1324,132,5,2025-02-10,209.57,11.5,Credit Card,926.96,427.85,499.11,53.84
6026,8,85,3616,1448,4,2025-08-29,24.31,7.4,Credit Card,90.05,65.4,24.65,27.37
6027,2,8,2341,129,2,2025-01-05,50.44,5.5,Debit Card,95.32,70.96,24.36,25.56
6028,7,104,1246,442,2,2024-10-01,100.06,3.7,Online,192.8,99.64,93.16,48.32
6029,4,56,4322,97,4,2024-10-06,74.96,3.1,Credit Card,290.62,194.76,95.86,32.98
6030,4,34,1598,279,1,2025-05-07,108.06,11.1,Credit Card,96.02,72.03,23.99,24.98
6031,9,106,3820,255,4,2024-12-06,233.4,8.1,Cash,858.17,519.96,338.21,39.41
6032,7,84,416,277,1,2025-01-31,193.86,4.0,Online,186.17,94.85,91.32,49.05
6033,12,36,188,179,4,2025-06-05,202.34,6.2,Debit Card,759.5,462.32,297.18,39.13
6034,5,22,2137,1113,4,2024-10-17,24.23,8.3,Debit Card,88.91,58.68,30.23,34.0
6035,5,20,4140,149,1,2024-12-17,85.73,11.3,Cash,76.04,33.3,42.74,56.21
6036,7,7,2167,1115,2,2025-09-04,67.63,9.7,Credit Card,122.18,75.04,47.14,38.58
6037,12,60,2579,204,2,2024-12-17,49.74,6.8,Debit Card,92.75,49.2,43.55,46.95
6038,9,6,2943,457,1,2025-11-28,16.79,3.4,Cash,16.23,6.62,9.61,59.21
6039,6,99,1913,6,2,2025-10-20,70.34,8.8,Debit Card,128.34,72.68,55.66,43.37
6040,10,39,3838,221,1,2024-12-10,263.49,34.0,Credit Card,174.03,169.31,4.72,2.71
6041,7,95,1387,449,2,2025-06-01,235.25,3.6,Cash,453.42,318.42,135.0,29.77
6042,4,31,3350,149,1,2025-01-21,83.88,10.5,Credit Card,75.09,56.46,18.63,24.81
6043,9,52,4289,161,4,2025-06-26,162.3,11.4,Credit Card,575.01,256.56,318.45,55.38
6044,8,9,586,199,4,2025-01-30,223.17,7.7,Online,823.64,331.16,492.48,59.79
6045,9,25,4294,135,4,2025-09-16,235.35,4.0,Debit Card,903.33,609.92,293.41,32.48
6046,5,105,3446,310,2,2025-03-22,73.94,6.6,Credit Card,138.09,67.74,70.35,50.95
6047,11,63,2479,25,5,2024-11-26,198.56,30.3,Credit Card,691.62,604.5,87.12,12.6
6048,12,18,2109,994,1,2024-10-15,175.51,10.2,Online,157.58,114.9,42.68,27.08
6049,1,17,2637,1380,1,2025-07-12,285.28,31.6,Credit Card,195.26,355.1,-159.84,-81.86
6050,8,57,2738,83,2,2025-07-31,41.92,6.5,Online,78.36,54.52,23.84,30.42
6051,12,100,4830,113,2,2025-04-07,275.48,9.6,Debit Card,498.24,243.06,255.18,51.22
6052,8,57,3241,1347,1,2025-09-30,288.91,10.5,Credit Card,258.48,194.1,64.38,24.91
6053,7,41,1393,83,1,2024-12-26,242.53,10.0,Online,218.16,141.38,76.78,35.19
6054,7,41,2680,54,1,2025-11-11,225.53,10.4,Cash,202.1,125.66,76.44,37.82
6055,5,92,4907,880,5,2025-08-20,217.45,10.8,Debit Card,969.7,1224.4,-254.7,-26.27
6056,8,80,1915,533,2,2025-09-01,11.36,7.2,Online,21.08,15.16,5.92,28.08
6057,3,14,3378,540,1,2025-05-26,217.93,8.9,Online,198.46,105.79,92.67,46.69
6058,11,81,4255,114,1,2025-08-02,162.81,22.5,Credit Card,126.11,78.59,47.52,37.68
6059,5,105,1915,188,1,2025-08-04,11.36,4.2,Credit Card,10.89,7.58,3.31,30.39
6060,10,67,2539,80,3,2025-04-03,123.88,30.8,Cash,257.3,202.32,54.98,21.37
6061,10,15,4578,81,5,2025-03-17,119.35,28.4,Cash,427.16,339.75,87.41,20.46
6062,9,52,2749,248,1,2025-11-10,231.38,8.8,Online,210.92,106.55,104.37,49.48
6063,11,12,1744,519,2,2025-03-09,214.82,25.4,Debit Card,320.71,203.26,117.45,36.62
6064,8,9,1538,161,1,2024-11-06,96.04,9.8,Credit Card,86.6,108.46,-21.86,-25.24
6065,9,106,346,238,3,2025-04-12,80.72,6.4,Credit Card,226.67,98.79,127.88,56.42
6066,8,116,3836,175,3,2025-03-18,108.06,8.9,Credit Card,295.25,212.1,83.15,28.16
6067,6,49,4206,1245,2,2025-11-15,190.35,6.7,Credit Card,355.23,254.06,101.17,28.48
6068,7,62,4326,611,2,2024-11-12,171.58,5.5,Credit Card,324.39,182.6,141.79,43.71
6069,12,108,147,376,3,2025-11-06,280.48,11.0,Debit Card,748.53,436.26,312.27,41.72
6070,6,72,1940,691,5,2025-07-12,168.44,4.8,Credit Card,801.42,331.4,470.02,58.65
6071,2,73,73,134,2,2025-07-12,207.0,8.7,Cash,377.94,147.5,230.44,60.97
6072,1,82,2277,1290,1,2025-11-03,127.96,29.2,Online,90.6,86.82,3.78,4.17
6073,1,4,2462,100,1,2025-05-01,15.65,30.5,Cash,10.87,8.64,2.23,20.52
6074,12,18,4257,70,2,2025-04-13,241.69,4.1,Credit Card,463.65,174.18,289.47,62.43
6075,7,84,3226,1219,1,2025-05-02,52.47,5.4,Debit Card,49.62,32.62,17.0,34.26
6076,8,116,2622,130,4,2025-04-22,112.97,3.1,Cash,437.73,185.72,252.01,57.57
6077,1,29,3376,1046,2,2025-02-08,32.03,33.3,Credit Card,42.76,37.96,4.8,11.23
6078,12,93,1145,149,1,2024-11-06,95.4,4.7,Credit Card,90.95,35.07,55.88,61.44
6079,1,4,1636,148,1,2025-07-02,188.13,24.4,Cash,142.23,85.77,56.46,39.7
6080,7,5,4239,1374,5,2025-02-01,112.01,4.5,Credit Card,534.91,285.05,249.86,46.71
6081,11,12,3471,1396,3,2025-07-22,27.97,30.3,Online,58.52,47.37,11.15,19.05
6082,12,100,973,1386,1,2025-03-20,200.51,4.3,Online,191.93,137.4,54.53,28.41
6083,5,76,1594,69,1,2025-07-03,128.6,7.8,Credit Card,118.58,89.63,28.95,24.41
6084,9,61,2265,286,5,2025-10-19,34.54,8.3,Online,158.29,99.95,58.34,36.86
6085,9,106,3550,19,5,2024-11-09,212.85,5.1,Debit Card,1010.44,497.0,513.44,50.81
6086,7,104,4816,560,1,2025-08-27,211.39,6.7,Online,197.3,97.21,100.09,50.73
6087,12,108,2807,514,5,2025-09-02,135.26,4.1,Debit Card,648.88,340.35,308.53,47.55
6088,7,41,192,1477,1,2024-10-19,266.96,10.1,Cash,240.02,188.46,51.56,21.48
6089,2,89,2983,1134,1,2025-05-18,29.96,10.1,Debit Card,26.94,12.21,14.73,54.68
6090,2,10,587,110,1,2025-07-07,236.77,5.3,Credit Card,224.16,132.26,91.9,41.0
6091,10,55,4511,222,2,2025-10-26,35.46,28.9,Debit Card,50.45,37.14,13.31,26.38
6092,11,97,2695,129,2,2025-06-14,155.22,29.1,Credit Card,220.09,114.4,105.69,48.02
6093,1,68,662,24,2,2024-11-29,115.22,23.2,Credit Card,177.06,144.48,32.58,18.4
6094,7,5,2492,192,1,2025-07-31,178.22,9.6,Debit Card,161.11,124.16,36.95,22.93
6095,5,22,1607,54,1,2025-08-26,222.78,3.9,Cash,214.16,102.15,112.01,52.3
6096,1,4,413,795,2,2025-09-05,65.05,27.3,Cash,94.61,62.2,32.41,34.26
6097,7,5,3697,195,5,2025-01-07,242.32,9.6,Credit Card,1095.05,844.1,250.95,22.92
6098,7,104,3022,16,2,2025-12-07,102.25,5.5,Cash,193.23,91.28,101.95,52.76
6099,10,55,1655,136,1,2024-10-07,179.38,29.5,Cash,126.44,125.91,0.53,0.42
6100,3,115,4499,167,1,2024-12-24,192.36,9.0,Debit Card,175.08,80.16,94.92,54.22
6101,3,46,4167,227,1,2025-12-06,177.45,4.0,Debit Card,170.26,127.47,42.79,25.13
6102,4,1,4758,544,4,2024-10-31,174.1,7.9,Credit Card,641.56,382.16,259.4,40.43
6103,7,104,4507,864,2,2024-11-20,296.97,7.5,Credit Card,549.29,210.64,338.65,61.65
6104,7,41,4044,1458,2,2025-04-27,248.48,9.1,Credit Card,451.97,259.48,192.49,42.59
6105,11,97,3065,1063,2,2025-04-06,10.14,24.5,Cash,15.32,12.3,3.02,19.71
6106,8,85,1441,229,4,2025-04-22,50.53,10.3,Online,181.24,102.96,78.28,43.19
6107,9,24,1481,53,5,2025-08-24,229.95,3.5,Credit Card,1108.96,460.55,648.41,58.47
6108,5,105,1810,492,3,2024-11-29,199.71,8.8,Cash,546.29,411.33,134.96,24.7
6109,10,55,466,212,1,2025-05-12,134.11,24.8,Online,100.83,94.5,6.33,6.28
6110,11,44,434,203,3,2024-12-18,155.48,29.2,Credit Card,330.24,269.13,61.11,18.5
6111,8,85,3017,169,1,2025-08-27,105.07,6.3,Credit Card,98.42,63.2,35.22,35.79
6112,1,48,1259,85,1,2025-04-13,39.25,30.3,Debit Card,27.34,24.82,2.52,9.22
6113,11,63,2155,45,2,2024-11-26,286.89,24.4,Credit Card,433.62,295.64,137.98,31.82
6114,2,69,1735,957,1,2025-05-18,285.39,7.6,Credit Card,263.6,106.28,157.32,59.68
6115,8,30,993,93,4,2025-11-12,238.65,6.4,Cash,893.63,383.76,509.87,57.06
6116,8,30,682,600,4,2025-05-30,134.09,9.7,Credit Card,484.3,362.08,122.22,25.24
6117,9,111,2849,681,2,2025-11-11,44.98,7.3,Credit Card,83.37,63.86,19.51,23.4
6118,12,100,3815,154,1,2024-12-31,259.27,7.1,Credit Card,240.81,108.71,132.1,54.86
6119,7,104,4417,279,5,2025-08-23,289.64,6.2,Debit Card,1358.02,1619.55,-261.53,-19.26
6120,8,9,4258,635,1,2025-10-10,197.16,3.4,Cash,190.37,97.16,93.21,48.96
6121,2,89,320,68,2,2025-07-15,146.02,10.5,Cash,261.37,138.26,123.11,47.1
6122,8,112,4189,85,4,2024-12-10,186.02,6.1,Credit Card,698.81,418.2,280.61,40.16
6123,12,18,1402,653,4,2025-10-13,106.26,6.9,Debit Card,395.59,162.6,232.99,58.9
6124,3,88,4067,140,1,2025-08-01,152.07,4.1,Debit Card,145.89,78.1,67.79,46.47
6125,10,101,1582,54,1,2025-12-04,128.4,29.1,Online,91.04,80.99,10.05,11.04
6126,4,34,3219,261,2,2025-07-23,203.26,8.4,Cash,372.57,164.2,208.37,55.93
6127,12,60,3291,920,5,2025-06-01,254.69,5.7,Credit Card,1200.37,556.25,644.12,53.66
6128,7,7,1832,154,2,2024-12-13,296.79,6.2,Online,556.64,287.12,269.52,48.42
6129,7,62,3195,131,2,2024-11-22,33.32,9.7,Credit Card,60.15,39.36,20.79,34.56
6130,6,72,1066,104,1,2025-04-08,294.56,7.8,Credit Card,271.56,126.74,144.82,53.33
6131,1,4,512,239,1,2025-02-08,54.78,27.2,Debit Card,39.9,35.93,3.97,9.95
6132,9,120,4652,287,1,2024-10-02,271.26,8.1,Online,249.36,135.58,113.78,45.63
6133,3,46,1454,68,1,2025-03-31,47.1,10.9,Online,41.98,21.06,20.92,49.83
6134,10,101,852,905,2,2025-01-10,142.86,24.0,Debit Card,217.19,186.34,30.85,14.2
6135,4,34,4265,266,1,2024-11-20,226.0,3.8,Debit Card,217.38,141.2,76.18,35.04
6136,2,28,4751,282,2,2025-09-20,211.42,7.0,Online,393.12,210.32,182.8,46.5
6137,5,76,2449,59,4,2024-11-15,66.96,7.0,Debit Card,249.03,172.76,76.27,30.63
6138,6,66,4404,370,2,2025-05-11,222.63,11.5,Credit Card,394.08,169.48,224.6,56.99
6139,11,81,3970,535,1,2024-10-19,19.72,23.2,Cash,15.14,13.01,2.13,14.07
6140,6,49,391,202,4,2025-02-27,250.5,7.0,Debit Card,931.42,589.84,341.58,36.67
6141,11,63,1939,300,3,2025-11-07,217.37,31.3,Debit Card,447.75,233.01,214.74,47.96
6142,1,54,3254,117,2,2025-02-26,218.41,25.6,Debit Card,324.94,183.08,141.86,43.66
6143,4,1,4684,418,5,2025-07-10,81.94,4.1,Debit Card,392.96,186.45,206.51,52.55
6144,10,67,2430,267,2,2025-02-04,26.43,23.6,Credit Card,40.38,21.5,18.88,46.76
6145,4,70,5,292,1,2025-02-26,87.09,10.4,Debit Card,78.03,109.66,-31.63,-40.54
6146,3,115,3738,126,2,2024-12-19,68.85,10.5,Cash,123.19,77.6,45.59,37.01
6147,7,41,202,868,1,2024-10-29,99.79,11.1,Credit Card,88.67,116.98,-28.31,-31.93
6148,4,31,1269,978,2,2025-07-16,238.02,9.7,Cash,429.82,288.9,140.92,32.79
6149,7,84,3340,53,1,2025-06-23,258.23,4.5,Debit Card,246.6,172.0,74.6,30.25
6150,3,53,1607,1103,1,2025-11-09,222.78,5.6,Cash,210.25,102.15,108.1,51.41
6151,4,56,792,828,3,2025-02-22,68.38,7.2,Online,190.44,121.74,68.7,36.07
6152,3,46,513,277,4,2025-08-10,132.35,5.9,Credit Card,498.28,354.68,143.6,28.82
6153,4,31,2418,28,2,2025-04-09,16.77,7.8,Credit Card,30.92,14.08,16.84,54.46
6154,12,18,140,262,2,2025-08-26,145.26,3.9,Online,279.32,154.84,124.48,44.57
6155,10,15,4676,235,1,2025-09-14,218.62,29.7,Credit Card,153.7,140.16,13.54,8.81
6156,4,56,55,112,2,2025-06-19,116.23,11.8,Credit Card,204.99,145.26,59.73,29.14
6157,12,18,2810,1001,1,2025-02-15,76.38,3.7,Cash,73.58,34.97,38.61,52.47
6158,4,56,4281,161,2,2025-07-29,139.99,3.4,Cash,270.56,116.9,153.66,56.79
6159,3,21,4742,291,4,2025-08-23,27.94,7.4,Cash,103.51,45.72,57.79,55.83
6160,11,97,2348,226,5,2024-10-11,191.86,26.1,Credit Card,708.62,489.0,219.62,30.99
6161,6,72,4673,1136,5,2025-12-01,115.64,4.2,Debit Card,553.64,267.8,285.84,51.63
6162,12,93,1231,251,2,2025-05-23,60.54,6.3,Cash,113.44,72.32,41.12,36.25
6163,5,47,4685,139,1,2024-11-07,71.5,11.6,Cash,63.19,28.31,34.88,55.2
6164,6,66,4119,667,4,2025-11-11,94.99,11.4,Credit Card,336.53,173.16,163.37,48.55
6165,12,100,4274,803,5,2024-11-15,109.33,11.4,Online,484.6,263.15,221.45,45.7
6166,7,5,2891,1304,3,2025-02-02,239.92,4.5,Online,687.27,493.89,193.38,28.14
6167,4,34,3290,739,2,2025-07-15,19.98,3.8,Online,38.46,27.04,11.42,29.69
6168,11,97,4786,25,2,2025-05-05,269.4,22.5,Cash,417.8,369.92,47.88,11.46
6169,9,111,3324,988,2,2025-01-22,81.07,8.3,Debit Card,148.66,103.56,45.1,30.34
6170,1,79,690,242,3,2025-05-08,85.77,33.3,Cash,171.55,115.17,56.38,32.87
6171,12,36,1973,74,4,2025-02-14,140.72,10.9,Online,501.65,398.56,103.09,20.55
6172,8,109,2465,1436,1,2025-06-17,111.69,8.9,Credit Card,101.72,41.47,60.25,59.23
6173,2,11,375,451,5,2024-11-19,172.89,12.0,Debit Card,760.86,401.55,359.31,47.22
6174,3,14,4755,1177,5,2024-12-16,148.31,11.2,Credit Card,658.68,455.0,203.68,30.92
6175,2,26,52,89,2,2024-12-12,283.93,8.1,Cash,521.66,293.88,227.78,43.66
6176,10,75,445,830,1,2024-10-15,213.06,30.1,Debit Card,148.99,120.41,28.58,19.18
6177,6,49,869,299,5,2025-09-27,198.56,4.4,Credit Card,948.69,551.65,397.04,41.85
6178,5,20,3750,194,3,2025-10-05,135.19,10.7,Online,362.0,163.2,198.8,54.92
6179,7,84,1112,107,5,2024-10-20,170.64,9.4,Credit Card,772.63,579.25,193.38,25.03
6180,9,106,4458,171,5,2025-05-23,110.65,6.5,Cash,517.37,330.95,186.42,36.03
6181,7,19,1941,268,5,2025-04-14,249.47,10.3,Credit Card,1119.33,826.25,293.08,26.18
6182,11,64,3804,700,4,2025-09-29,47.41,24.3,Debit Card,143.57,74.96,68.61,47.79
6183,9,120,4577,218,2,2024-11-23,129.33,3.8,Cash,248.88,171.66,77.22,31.03
6184,5,119,2484,197,3,2025-11-01,129.29,11.8,Credit Card,342.06,225.69,116.37,34.02
6185,3,115,1779,5,2,2025-06-10,287.83,5.4,Credit Card,544.34,344.24,200.1,36.76
6186,3,21,3864,1348,5,2025-06-22,195.84,7.9,Cash,901.6,671.4,230.2,25.53
6187,4,1,1447,813,1,2025-10-31,96.65,10.8,Credit Card,86.19,38.93,47.26,54.83
6188,12,36,2259,1488,5,2025-03-01,125.25,5.6,Debit Card,591.19,413.3,177.89,30.09
6189,2,10,157,1261,1,2024-10-28,26.75,5.1,Online,25.39,13.93,11.46,45.14
6190,3,115,2954,1089,2,2025-06-20,41.41,8.0,Cash,76.2,46.38,29.82,39.13
6191,11,12,1441,30,1,2024-11-17,50.53,22.6,Cash,39.12,25.74,13.38,34.2
6192,9,111,1067,347,1,2025-01-12,61.52,9.2,Online,55.84,22.92,32.92,58.95
6193,9,52,2516,113,1,2024-10-15,242.08,5.9,Online,227.81,105.84,121.97,53.54
6194,12,36,1639,1145,1,2024-10-17,89.41,11.9,Debit Card,78.77,47.87,30.9,39.23
6195,8,112,2350,960,1,2025-03-28,178.12,5.5,Debit Card,168.24,83.86,84.38,50.15
6196,2,89,1409,86,1,2025-08-25,227.44,8.7,Online,207.57,101.22,106.35,51.24
6197,12,18,4836,860,1,2025-05-14,82.61,5.4,Debit Card,78.11,47.06,31.05,39.75
6198,9,61,1188,1461,5,2025-11-28,74.04,7.2,Debit Card,343.72,214.65,129.07,37.55
6199,5,92,4414,179,1,2025-08-19,157.22,5.6,Debit Card,148.38,75.08,73.3,49.4
6200,8,109,3187,183,1,2025-03-11,192.28,6.7,Credit Card,179.31,92.65,86.66,48.33
6201,6,72,277,13,3,2025-01-22,52.13,8.7,Cash,142.8,58.17,84.63,59.26
6202,2,45,527,682,2,2025-10-01,79.46,9.4,Credit Card,144.06,103.8,40.26,27.95
6203,1,82,1074,981,5,2025-02-11,292.78,27.9,Online,1055.29,929.1,126.19,11.96
6204,4,56,2246,24,1,2025-04-22,204.23,11.1,Online,181.58,94.11,87.47,48.17
6205,4,1,3484,1336,5,2025-06-21,253.29,5.9,Credit Card,1191.73,810.95,380.78,31.95
6206,7,5,3327,37,2,2025-03-04,146.15,3.6,Debit Card,281.9,129.1,152.8,54.2
6207,2,43,1518,285,4,2025-08-30,295.3,11.5,Online,1045.1,455.04,590.06,56.46
6208,4,56,4154,1283,4,2024-12-25,154.53,5.5,Online,584.43,219.44,364.99,62.45
6209,10,101,1318,1286,2,2025-01-13,170.1,34.0,Debit Card,224.7,440.46,-215.76,-96.02
6210,11,12,2240,67,1,2024-12-09,192.75,26.5,Credit Card,141.75,94.19,47.56,33.55
6211,1,68,4782,1414,2,2025-05-09,192.06,32.6,Debit Card,259.06,211.32,47.74,18.43
6212,7,104,4652,136,3,2025-05-28,271.26,4.0,Online,781.43,406.74,374.69,47.95
6213,11,64,4107,171,3,2025-06-19,60.86,30.6,Credit Card,126.77,73.44,53.33,42.07
6214,3,88,1629,526,1,2025-12-04,87.1,3.2,Cash,84.34,46.75,37.59,44.57
6215,12,108,2431,57,4,2024-11-14,75.15,6.4,Online,281.31,173.76,107.55,38.23
6216,8,116,2526,268,1,2025-11-28,279.38,3.4,Credit Card,269.96,102.9,167.06,61.88
6217,12,93,4110,948,1,2025-10-23,177.23,7.2,Credit Card,164.54,95.83,68.71,41.76
6218,1,48,1238,249,4,2025-06-13,56.65,25.1,Credit Card,169.75,160.72,9.03,5.32
6219,12,18,2113,31,1,2025-03-17,240.65,10.9,Credit Card,214.42,104.39,110.03,51.32
6220,1,48,1235,916,1,2025-07-07,256.13,22.5,Credit Card,198.43,122.63,75.8,38.2
6221,9,6,3056,121,2,2025-12-08,122.11,9.5,Credit Card,220.95,131.26,89.69,40.59
6222,5,20,3214,917,1,2024-11-22,228.52,5.0,Debit Card,217.18,128.21,88.97,40.97
6223,11,63,2431,1315,1,2025-11-07,75.15,32.6,Credit Card,50.66,43.44,7.22,14.25
6224,4,31,68,765,1,2025-05-23,246.76,11.4,Debit Card,218.53,88.3,130.23,59.59
6225,4,34,325,17,5,2025-04-05,129.75,4.5,Debit Card,619.76,737.5,-117.74,-19.0
6226,8,109,4026,479,2,2024-10-19,11.28,11.9,Debit Card,19.87,8.02,11.85,59.64
6227,9,120,1054,137,1,2025-09-17,245.44,10.6,Debit Card,219.51,290.1,-70.59,-32.16
6228,7,84,1894,100,5,2025-07-21,258.75,10.2,Debit Card,1161.51,802.5,359.01,30.91
6229,8,91,2675,783,2,2025-10-15,33.31,10.3,Credit Card,59.77,41.84,17.93,30.0
6230,2,35,406,145,1,2025-10-06,174.82,6.4,Credit Card,163.71,102.76,60.95,37.23
6231,10,16,3658,72,2,2025-09-25,91.63,31.7,Credit Card,125.16,131.8,-6.64,-5.31
6232,7,5,3224,86,5,2025-11-09,192.18,6.2,Credit Card,901.43,433.0,468.43,51.97
6233,4,56,1393,532,2,2024-11-06,242.53,6.3,Credit Card,454.52,282.76,171.76,37.79
6234,8,80,1011,229,1,2025-09-08,294.24,10.1,Credit Card,264.39,179.87,84.52,31.97
6235,10,38,2823,105,3,2025-04-03,55.64,30.5,Credit Card,116.04,71.58,44.46,38.31
6236,8,109,4065,40,2,2025-07-30,260.33,10.3,Credit Card,467.18,256.02,211.16,45.2
6237,10,16,790,1312,1,2025-04-27,161.37,33.7,Debit Card,106.92,113.03,-6.11,-5.71
6238,2,83,2390,1493,2,2025-07-14,159.09,4.5,Cash,303.72,147.14,156.58,51.55
6239,9,2,671,198,1,2024-11-07,30.82,11.4,Debit Card,27.31,21.33,5.98,21.9
6240,6,66,443,125,1,2024-10-03,59.21,8.7,Cash,54.08,26.63,27.45,50.76
6241,11,63,4326,21,1,2025-10-28,171.58,33.3,Debit Card,114.47,91.3,23.17,20.24
6242,5,119,4185,154,3,2025-12-05,43.27,8.2,Cash,119.14,56.64,62.5,52.46
6243,9,106,4956,292,4,2025-10-14,215.49,6.6,Debit Card,804.91,570.36,234.55,29.14
6244,3,46,2833,263,5,2025-08-28,5.39,4.2,Debit Card,25.82,18.95,6.87,26.61
6245,5,47,456,206,1,2025-02-14,36.28,11.0,Credit Card,32.28,13.4,18.88,58.49
6246,5,119,1796,182,1,2025-12-05,247.45,9.8,Debit Card,223.23,150.91,72.32,32.4
6247,8,116,2299,1435,1,2025-03-08,201.73,9.3,Credit Card,183.01,250.68,-67.67,-36.98
6248,9,65,408,251,2,2025-09-06,56.96,10.6,Credit Card,101.85,51.46,50.39,49.47
6249,12,100,2345,5,1,2025-07-23,229.47,9.7,Credit Card,207.19,147.41,59.78,28.85
6250,9,37,2161,598,5,2025-01-11,23.67,7.6,Credit Card,109.31,78.1,31.21,28.55
6251,5,113,1637,292,1,2025-08-01,54.2,4.2,Credit Card,51.91,24.03,27.88,53.71
6252,2,45,2820,80,1,2025-09-21,205.92,4.0,Credit Card,197.75,119.72,78.03,39.46
6253,10,87,3740,626,1,2025-08-04,184.87,24.3,Online,139.91,116.93,22.98,16.42
6254,6,66,1262,10,1,2025-06-02,25.32,7.4,Online,23.44,16.98,6.46,27.56
6255,4,56,4466,677,2,2025-07-25,137.77,4.4,Debit Card,263.32,139.12,124.2,47.17
6256,9,106,2117,75,5,2024-12-25,119.24,5.5,Credit Card,563.67,384.2,179.47,31.84
6257,8,116,2212,1454,3,2024-10-06,219.35,10.9,Debit Card,586.32,322.65,263.67,44.97
6258,6,107,4651,256,2,2025-06-28,43.36,8.5,Cash,79.38,46.08,33.3,41.95
6259,2,89,1030,6,5,2024-10-28,104.1,11.9,Credit Card,458.72,205.75,252.97,55.15
6260,3,53,3124,1015,2,2025-12-08,203.66,11.5,Cash,360.28,195.82,164.46,45.65
6261,2,73,3879,975,4,2025-04-10,170.84,7.0,Cash,635.67,411.96,223.71,35.19
6262,6,99,622,791,1,2025-04-21,18.06,8.9,Debit Card,16.45,11.98,4.47,27.17
6263,4,31,3214,269,1,2025-02-15,228.52,11.5,Credit Card,202.16,128.21,73.95,36.58
6264,1,54,4465,110,4,2025-07-22,209.9,28.3,Online,601.96,337.16,264.8,43.99
6265,9,24,4698,420,1,2025-07-03,34.58,8.9,Online,31.5,20.24,11.26,35.75
6266,6,78,763,1044,1,2025-02-02,129.32,8.3,Cash,118.54,77.22,41.32,34.86
6267,2,114,1453,247,3,2025-06-17,197.77,7.9,Cash,546.55,357.66,188.89,34.56
6268,3,46,2034,34,5,2025-03-23,97.64,4.2,Online,467.46,350.3,117.16,25.06
6269,8,116,784,1426,4,2025-03-04,168.58,4.0,Credit Card,647.65,874.68,-227.03,-35.05
6270,9,111,3177,531,1,2025-12-07,220.44,5.2,Cash,209.05,112.31,96.74,46.28
6271,9,111,3453,1446,3,2024-10-06,78.61,8.2,Debit Card,216.58,100.71,115.87,53.5
6272,5,105,4673,94,3,2025-07-19,115.64,11.4,Debit Card,307.46,160.68,146.78,47.74
6273,4,1,1151,102,4,2025-01-27,55.42,6.5,Credit Card,207.17,118.48,88.69,42.81
6274,5,105,1510,51,1,2024-10-22,30.16,10.7,Online,26.92,19.53,7.39,27.45
6275,12,108,3123,106,1,2025-06-04,126.19,3.2,Debit Card,122.16,75.82,46.34,37.93
6276,1,59,1855,55,1,2025-05-05,202.15,24.5,Credit Card,152.65,125.1,27.55,18.05
6277,3,53,4597,137,1,2025-10-09,260.21,3.8,Credit Card,250.31,329.11,-78.8,-31.48
6278,11,81,4311,291,3,2025-07-15,76.57,32.7,Credit Card,154.61,151.89,2.72,1.76
6279,9,111,1154,960,4,2024-12-16,89.79,7.4,Cash,332.75,155.68,177.07,53.21
6280,12,60,3844,49,2,2024-11-21,221.23,7.6,Credit Card,408.97,201.18,207.79,50.81
6281,8,109,602,79,1,2025-08-05,209.93,11.3,Credit Card,186.27,135.69,50.58,27.15
6282,4,42,62,145,2,2025-10-01,120.83,7.0,Cash,224.86,96.12,128.74,57.25
6283,1,82,108,172,2,2025-11-18,122.06,22.5,Cash,189.19,174.9,14.29,7.55
6284,3,46,2638,1168,5,2025-03-06,63.77,9.1,Cash,289.74,119.8,169.94,58.65
6285,4,1,385,114,1,2025-09-18,109.3,5.5,Online,103.24,55.37,47.87,46.37
6286,4,56,4180,64,2,2025-08-12,198.19,3.5,Online,382.32,206.34,175.98,46.03
6287,1,4,2067,1122,2,2024-10-31,115.99,30.4,Online,161.44,83.98,77.46,47.98
6288,6,77,3395,1149,2,2025-11-19,16.63,5.9,Online,31.29,22.66,8.63,27.58
6289,11,44,2036,856,1,2025-03-07,176.2,30.1,Credit Card,123.14,76.78,46.36,37.65
6290,11,64,702,191,5,2024-12-17,246.78,24.6,Debit Card,929.75,542.6,387.15,41.64
6291,12,18,3150,1239,1,2025-02-28,217.6,7.8,Credit Card,200.64,92.71,107.93,53.79
6292,9,25,1032,220,1,2024-10-28,57.56,9.3,Cash,52.22,29.97,22.25,42.61
6293,8,94,2663,875,3,2025-06-06,161.74,11.6,Debit Card,429.04,299.31,129.73,30.24
6294,2,43,510,218,1,2025-03-17,209.58,4.8,Debit Card,199.57,80.3,119.27,59.76
6295,7,95,881,241,5,2025-07-15,240.45,8.7,Debit Card,1097.87,635.0,462.87,42.16
6296,3,14,3512,1081,2,2025-05-25,101.8,4.6,Debit Card,194.32,124.08,70.24,36.15
6297,6,66,3709,1,1,2025-09-11,134.43,5.3,Credit Card,127.26,89.93,37.33,29.33
6298,2,32,1903,137,2,2025-04-14,110.13,7.9,Credit Card,202.93,86.44,116.49,57.4
6299,8,80,2266,432,4,2025-07-06,135.32,5.0,Credit Card,514.18,378.68,135.5,26.35
6300,4,31,718,1266,2,2025-02-19,39.1,7.2,Debit Card,72.54,28.1,44.44,61.26
6301,6,78,3351,7,5,2025-01-05,287.75,3.1,Debit Card,1393.51,520.7,872.81,62.63
6302,3,14,4658,233,1,2025-04-20,79.3,8.8,Cash,72.28,53.45,18.83,26.05
6303,1,98,179,259,2,2025-01-30,258.75,33.1,Credit Card,346.37,280.7,65.67,18.96
6304,2,13,4677,1499,4,2025-08-25,144.65,5.1,Credit Card,549.11,407.56,141.55,25.78
6305,10,87,3162,592,5,2025-06-21,92.24,29.1,Credit Card,326.9,210.7,116.2,35.55
6306,8,30,3343,64,2,2025-04-23,86.21,3.6,Credit Card,166.2,103.48,62.72,37.74
6307,12,102,691,278,4,2025-04-03,29.43,8.7,Cash,107.5,44.04,63.46,59.03
6308,6,77,341,78,2,2025-03-25,287.43,12.0,Credit Card,505.89,301.24,204.65,40.45
6309,12,18,3017,679,2,2024-10-02,105.07,9.2,Cash,190.86,126.4,64.46,33.77
6310,4,70,3713,182,4,2025-07-17,44.17,3.1,Cash,171.23,89.08,82.15,47.98
6311,9,24,4191,483,3,2024-11-23,111.6,11.4,Cash,296.5,146.52,149.98,50.58
6312,7,19,1108,1184,1,2025-08-04,263.23,10.7,Online,235.01,185.29,49.72,21.16
6313,1,79,1077,875,2,2025-05-17,216.86,32.9,Cash,290.96,262.32,28.64,9.84
6314,6,96,3844,891,3,2025-02-17,221.23,10.3,Online,595.37,301.77,293.6,49.31
6315,4,42,2658,141,4,2024-11-24,188.73,5.6,Debit Card,712.29,432.64,279.65,39.26
6316,6,96,2439,296,1,2024-12-08,28.23,4.1,Online,27.07,14.77,12.3,45.44
6317,11,97,386,94,1,2025-09-27,46.05,27.6,Debit Card,33.34,26.79,6.55,19.65
6318,8,94,4229,111,1,2024-11-15,279.06,5.1,Cash,264.76,195.51,69.25,26.16
6319,9,37,2756,624,2,2025-03-10,153.36,5.4,Credit Card,290.02,125.68,164.34,56.67
6320,3,46,195,204,1,2024-12-25,234.28,6.8,Online,218.36,145.13,73.23,33.54
6321,2,11,767,1166,5,2025-07-11,239.95,9.2,Online,1089.27,639.15,450.12,41.32
6322,10,87,2860,244,4,2025-01-29,40.76,31.7,Online,111.33,67.4,43.93,39.46
6323,7,104,2920,35,1,2024-10-11,17.82,4.8,Debit Card,16.97,9.89,7.08,41.72
6324,7,62,675,208,1,2025-04-01,76.81,4.0,Credit Card,73.72,50.95,22.77,30.89
6325,3,21,4616,67,4,2025-03-14,49.04,7.4,Online,181.74,116.08,65.66,36.13
6326,5,47,909,1484,2,2025-07-06,135.48,9.4,Online,245.43,162.86,82.57,33.64
6327,10,117,4204,12,2,2025-09-21,83.16,31.8,Cash,113.49,93.0,20.49,18.05
6328,8,30,1559,281,2,2025-07-22,171.19,9.7,Credit Card,309.18,211.58,97.6,31.57
6329,3,21,4138,183,4,2025-05-03,173.74,8.1,Cash,638.59,245.76,392.83,61.52
6330,8,9,2477,321,1,2024-12-16,155.14,5.8,Online,146.07,72.86,73.21,50.12
6331,3,14,4645,270,3,2024-11-26,110.39,7.9,Cash,304.99,179.19,125.8,41.25
6332,4,1,2111,1255,2,2025-08-30,27.97,10.5,Debit Card,50.08,26.5,23.58,47.08
6333,3,14,113,92,1,2025-05-13,281.07,4.6,Debit Card,268.26,306.69,-38.43,-14.33
6334,5,40,3896,60,1,2025-10-07,278.29,8.1,Cash,255.83,102.34,153.49,60.0
6335,12,108,1055,1112,1,2025-06-30,152.92,9.1,Credit Card,139.05,70.54,68.51,49.27
6336,8,85,1627,1296,1,2024-10-15,90.78,11.1,Cash,80.67,35.89,44.78,55.51
6337,5,105,4969,178,4,2025-10-12,129.35,8.4,Debit Card,473.76,283.2,190.56,40.22
6338,7,95,4270,1369,1,2025-10-16,198.43,3.4,Credit Card,191.72,79.69,112.03,58.43
6339,4,56,3577,172,3,2024-12-10,13.15,8.1,Credit Card,36.25,27.06,9.19,25.35
6340,12,102,1602,293,2,2025-07-21,266.44,4.8,Debit Card,507.15,229.38,277.77,54.77
6341,10,117,1364,501,4,2025-05-29,59.28,30.0,Online,166.09,160.44,5.65,3.4
6342,2,83,4764,1482,2,2025-09-15,40.41,8.1,Credit Card,74.27,48.0,26.27,35.37
6343,6,77,4815,86,2,2025-10-04,232.98,8.9,Cash,424.36,316.62,107.74,25.39
6344,12,18,3768,148,1,2025-11-16,238.65,3.7,Debit Card,229.92,102.57,127.35,55.39
6345,5,105,3073,274,1,2025-08-19,82.31,10.6,Debit Card,73.57,39.72,33.85,46.01
6346,8,9,984,108,5,2024-12-04,271.91,11.5,Debit Card,1203.28,854.6,348.68,28.98
6347,8,109,3485,291,1,2025-06-16,66.19,9.3,Credit Card,60.04,43.12,16.92,28.18
6348,1,4,3115,835,1,2025-05-16,258.79,27.1,Credit Card,188.6,128.33,60.27,31.96
6349,11,81,2138,1138,5,2025-09-17,92.48,32.8,Credit Card,310.52,234.25,76.27,24.56
6350,12,100,1107,169,5,2024-12-17,158.55,9.3,Cash,719.17,311.15,408.02,56.73
6351,8,85,802,87,3,2025-09-20,106.33,10.9,Debit Card,284.14,223.65,60.49,21.29
6352,3,46,4417,558,1,2025-02-27,289.64,4.4,Cash,277.03,323.91,-46.88,-16.92
6353,2,103,2512,560,3,2025-02-27,209.53,3.3,Cash,607.79,432.93,174.86,28.77
6354,11,44,1528,219,1,2025-09-13,99.19,32.0,Debit Card,67.46,51.31,16.15,23.94
6355,10,87,2136,297,5,2024-10-05,129.56,24.8,Debit Card,487.36,403.3,84.06,17.25
6356,4,31,856,896,1,2025-09-06,194.43,6.6,Credit Card,181.55,128.91,52.64,28.99
6357,10,15,4889,700,2,2025-12-07,122.69,27.2,Cash,178.75,117.48,61.27,34.28
6358,8,109,3171,519,2,2025-10-24,171.62,5.0,Credit Card,326.0,238.16,87.84,26.94
6359,5,22,4093,486,3,2024-12-26,21.01,3.7,Credit Card,60.71,22.44,38.27,63.04
6360,11,64,2471,673,1,2025-08-19,245.63,23.7,Credit Card,187.44,127.58,59.86,31.94
6361,7,84,3665,323,5,2025-02-08,76.94,10.0,Cash,346.42,142.6,203.82,58.84
6362,8,109,4543,43,3,2024-10-09,172.84,8.5,Cash,474.53,266.4,208.13,43.86
6363,3,115,4328,292,5,2025-10-28,81.0,9.7,Cash,365.86,170.3,195.56,53.45
6364,7,19,2919,1169,1,2025-03-03,235.72,7.7,Cash,217.47,151.5,65.97,30.34
6365,7,84,1209,19,5,2025-10-30,288.23,5.3,Cash,1364.86,558.75,806.11,59.06
6366,9,25,1230,200,2,2025-08-10,261.81,11.7,Credit Card,462.42,249.78,212.64,45.98
6367,3,21,3945,197,1,2025-03-18,165.44,10.6,Credit Card,147.85,78.44,69.41,46.95
6368,6,107,4024,128,2,2025-03-09,65.39,11.2,Online,116.14,156.18,-40.04,-34.48
6369,7,5,3467,288,3,2025-02-24,19.2,4.9,Cash,54.76,37.08,17.68,32.29
6370,9,111,4730,86,5,2025-05-09,19.17,9.3,Debit Card,86.96,66.35,20.61,23.7
6371,12,108,240,1250,4,2024-12-25,145.18,7.9,Cash,534.66,373.64,161.02,30.12
6372,4,31,2383,78,4,2024-12-10,281.1,4.9,Debit Card,1068.94,637.12,431.82,40.4
6373,4,56,2421,1396,2,2025-09-14,39.59,10.4,Credit Card,70.98,28.18,42.8,60.3
6374,12,60,3436,6,2,2024-10-14,42.4,3.0,Debit Card,82.23,54.78,27.45,33.38
6375,11,63,4753,244,1,2024-10-17,147.9,22.3,Online,114.91,79.54,35.37,30.78
6376,5,20,4379,19,5,2025-05-19,203.29,4.5,Debit Card,970.74,570.4,400.34,41.24
6377,10,55,83,1132,2,2025-02-17,282.84,22.9,Debit Card,436.0,285.12,150.88,34.61
6378,12,93,4067,897,1,2025-05-07,152.07,7.6,Online,140.51,78.1,62.41,44.42
6379,5,22,1578,113,1,2025-02-14,94.81,11.4,Credit Card,84.04,103.75,-19.71,-23.45
6380,1,68,182,70,4,2025-02-18,193.45,23.2,Credit Card,594.45,402.8,191.65,32.24
6381,12,108,1139,107,4,2025-10-09,178.94,6.0,Credit Card,673.03,446.36,226.67,33.68
6382,8,94,3155,40,3,2025-03-10,170.76,7.8,Debit Card,472.54,190.38,282.16,59.71
6383,8,30,2301,119,5,2025-04-15,266.3,5.8,Online,1254.39,650.8,603.59,48.12
6384,9,6,2367,35,5,2025-09-08,60.56,4.8,Credit Card,288.24,107.65,180.59,62.65
6385,3,46,3208,1058,2,2025-03-16,243.36,8.5,Debit Card,445.36,213.38,231.98,52.09
6386,12,102,3318,1060,2,2025-03-12,295.68,10.4,Debit Card,529.69,355.66,174.03,32.86
6387,12,93,3257,275,1,2025-06-28,239.56,3.3,Credit Card,231.73,122.17,109.56,47.28
6388,6,96,745,1260,1,2025-07-20,220.12,3.4,Credit Card,212.54,117.65,94.89,44.65
6389,11,12,1821,176,5,2025-06-29,38.82,26.2,Debit Card,143.29,128.2,15.09,10.53
6390,10,16,1164,90,1,2025-07-31,246.19,33.1,Cash,164.66,111.68,52.98,32.18
6391,9,65,315,153,3,2025-02-10,258.6,6.1,Debit Card,728.2,357.84,370.36,50.86
6392,4,42,2030,62,1,2025-05-20,38.05,9.4,Cash,34.48,24.47,10.01,29.03
6393,9,120,2511,968,5,2024-10-16,38.73,5.0,Credit Card,183.96,87.3,96.66,52.54
6394,6,72,215,782,5,2025-03-26,120.02,3.1,Cash,581.53,344.85,236.68,40.7
6395,4,70,3357,95,2,2024-10-04,110.53,9.0,Credit Card,201.2,125.5,75.7,37.62
6396,6,78,760,273,1,2025-02-14,108.96,4.8,Online,103.78,38.22,65.56,63.17
6397,6,99,2792,141,2,2025-01-31,26.37,8.0,Online,48.52,21.56,26.96,55.56
6398,4,70,3627,66,2,2025-02-18,241.86,6.9,Cash,450.32,289.94,160.38,35.61
6399,10,101,1797,123,3,2024-12-07,249.89,29.0,Cash,531.89,530.61,1.28,0.24
6400,5,20,1507,300,2,2025-01-23,95.9,3.3,Credit Card,185.39,95.74,89.65,48.36
6401,1,48,2039,453,5,2024-11-16,262.29,32.6,Cash,884.49,712.9,171.59,19.4
6402,9,111,1318,94,1,2025-08-02,170.1,10.5,Credit Card,152.17,220.23,-68.06,-44.73
6403,11,63,150,822,5,2025-01-01,116.36,22.6,Credit Card,450.5,292.25,158.25,35.13
6404,11,81,2957,288,5,2025-01-03,68.04,29.6,Credit Card,239.52,238.1,1.42,0.59
6405,7,7,1818,215,4,2025-02-04,89.41,11.9,Cash,315.0,229.32,85.68,27.2
6406,5,119,2550,439,2,2025-02-07,170.89,8.0,Credit Card,314.4,204.7,109.7,34.89
6407,5,40,2666,167,1,2025-01-03,208.68,6.1,Debit Card,195.93,85.94,109.99,56.14
6408,6,78,112,132,2,2025-03-29,218.42,3.7,Credit Card,420.55,292.1,128.45,30.54
6409,11,44,895,1279,5,2025-08-29,141.31,28.3,Online,506.95,490.25,16.7,3.29
6410,8,80,2811,1198,1,2025-05-11,185.59,10.0,Cash,167.04,123.64,43.4,25.98
6411,11,64,3617,238,1,2025-07-07,235.35,23.9,Credit Card,179.05,118.76,60.29,33.67
6412,3,21,3577,312,1,2025-02-16,13.15,4.8,Cash,12.51,9.02,3.49,27.9
6413,8,112,4920,471,2,2025-03-24,288.87,11.1,Cash,513.36,284.72,228.64,44.54
6414,3,115,1622,467,1,2025-04-24,71.84,11.1,Debit Card,63.89,25.74,38.15,59.71
6415,10,101,3133,265,3,2024-12-27,44.58,24.6,Debit Card,100.83,72.06,28.77,28.53
6416,5,22,4359,157,3,2024-11-11,43.92,8.9,Online,120.01,46.71,73.3,61.08
6417,11,64,4850,1169,1,2025-11-23,247.64,23.8,Credit Card,188.63,100.52,88.11,46.71
6418,5,22,3845,281,2,2025-02-01,12.74,3.9,Debit Card,24.48,13.72,10.76,43.95
6419,2,28,3898,1222,1,2025-04-17,51.04,10.6,Cash,45.63,28.86,16.77,36.75
6420,1,79,801,986,3,2025-09-03,145.17,24.9,Cash,327.2,193.47,133.73,40.87
6421,3,115,3906,449,4,2024-12-30,263.06,7.7,Credit Card,971.27,731.96,239.31,24.64
6422,10,101,3303,632,1,2025-05-06,231.3,22.0,Debit Card,180.37,118.05,62.32,34.55
6423,4,42,1017,1234,1,2025-02-20,155.62,10.1,Credit Card,139.95,82.64,57.31,40.95
6424,7,41,471,394,1,2025-07-18,126.0,7.4,Online,116.63,47.94,68.69,58.9
6425,7,62,3031,235,5,2024-12-22,40.39,10.9,Debit Card,179.94,86.2,93.74,52.1
6426,9,61,501,222,1,2025-04-02,160.24,10.9,Credit Card,142.79,102.34,40.45,28.33
6427,4,31,1988,1440,4,2025-08-11,76.68,8.6,Debit Card,280.4,208.64,71.76,25.59
6428,3,46,134,755,5,2024-11-07,79.21,11.0,Debit Card,352.58,268.75,83.83,23.78
6429,12,18,70,514,2,2025-06-11,291.95,9.6,Debit Card,528.0,359.7,168.3,31.88
6430,3,21,860,49,2,2025-09-27,272.38,3.9,Debit Card,523.68,390.26,133.42,25.48
6431,10,101,4685,295,2,2024-12-31,71.5,25.8,Debit Card,106.14,56.62,49.52,46.66
6432,10,38,1863,95,2,2025-05-27,229.05,33.8,Credit Card,303.4,186.54,116.86,38.52
6433,1,17,806,195,3,2025-06-17,60.32,29.5,Credit Card,127.52,111.69,15.83,12.41
6434,6,107,4704,279,1,2025-03-29,285.66,4.3,Credit Card,273.44,106.98,166.46,60.88
6435,4,42,3446,4,1,2025-07-19,73.94,3.7,Cash,71.22,33.87,37.35,52.44
6436,5,76,3056,1087,1,2025-03-18,122.11,11.7,Debit Card,107.85,65.63,42.22,39.15
6437,2,11,1750,220,1,2024-12-18,154.54,8.3,Debit Card,141.66,103.75,37.91,26.76
6438,8,30,1123,369,2,2025-04-15,271.31,3.6,Credit Card,523.25,279.66,243.59,46.55
6439,10,71,3312,101,4,2025-02-05,272.11,28.5,Credit Card,778.54,513.48,265.06,34.05
6440,3,14,1206,604,2,2025-10-28,205.44,4.0,Debit Card,394.57,285.46,109.11,27.65
6441,7,104,3480,156,1,2025-05-04,192.85,9.2,Credit Card,175.18,116.63,58.55,33.42
6442,9,120,2657,259,1,2025-10-09,205.72,4.9,Cash,195.67,88.63,107.04,54.7
6443,9,52,1025,162,3,2025-02-15,191.05,7.6,Cash,529.38,312.99,216.39,40.88
6444,8,57,1876,434,4,2025-01-24,134.29,10.5,Debit Card,480.83,316.12,164.71,34.26
6445,3,14,1071,1052,2,2025-01-06,15.87,9.9,Credit Card,28.59,15.58,13.01,45.51
6446,5,22,4738,424,1,2025-11-26,121.9,6.6,Debit Card,113.86,61.15,52.71,46.29
6447,10,101,754,90,2,2025-08-26,273.27,28.6,Debit Card,390.33,215.06,175.27,44.9
6448,1,79,2336,125,2,2024-10-30,73.01,29.2,Online,103.38,53.9,49.48,47.86
6449,7,95,297,262,3,2025-12-05,47.8,5.2,Credit Card,135.91,72.33,63.58,46.78
6450,11,12,883,136,4,2024-11-18,249.14,30.9,Cash,688.79,460.44,228.35,33.15
6451,4,31,3442,98,5,2025-03-25,226.0,7.5,Credit Card,1045.57,422.9,622.67,59.55
6452,9,37,3798,24,2,2025-04-27,19.38,11.5,Online,34.29,26.6,7.69,22.43
6453,10,75,1735,53,1,2025-06-02,285.39,31.6,Credit Card,195.34,106.28,89.06,45.59
6454,8,116,2504,283,1,2025-10-05,26.2,7.8,Credit Card,24.16,9.86,14.3,59.19
6455,10,38,3583,98,1,2024-12-05,94.0,22.4,Credit Card,72.99,56.67,16.32,22.36
6456,7,84,4703,250,5,2024-11-15,54.03,3.7,Online,260.09,138.35,121.74,46.81
6457,10,39,3100,426,2,2024-11-30,134.0,24.2,Debit Card,203.04,102.5,100.54,49.52
6458,12,60,376,126,1,2025-01-26,19.55,3.5,Cash,18.86,10.96,7.9,41.89
6459,4,56,1734,1349,2,2024-12-28,128.69,4.8,Credit Card,245.02,175.08,69.94,28.54
6460,2,23,4644,129,1,2025-07-15,186.79,3.2,Credit Card,180.8,66.97,113.83,62.96
6461,3,46,2992,82,1,2025-11-19,26.03,4.2,Cash,24.93,11.39,13.54,54.31
6462,8,80,3944,229,1,2025-10-23,279.03,6.9,Credit Card,259.79,332.18,-72.39,-27.86
6463,6,96,1191,222,3,2025-05-28,231.98,5.5,Credit Card,657.62,497.97,159.65,24.28
6464,3,46,2999,1076,1,2025-02-11,285.82,6.0,Online,268.79,189.57,79.22,29.47
6465,10,39,186,24,4,2025-08-01,253.91,24.0,Online,772.03,447.48,324.55,42.04
6466,11,12,1257,137,3,2025-05-18,249.92,26.6,Credit Card,550.67,410.25,140.42,25.5
6467,2,110,3828,1138,3,2025-01-02,259.44,11.1,Credit Card,692.26,554.52,137.74,19.9
6468,8,112,3769,777,1,2025-06-07,168.65,6.0,Online,158.57,74.98,83.59,52.71
6469,9,24,1233,2,5,2025-09-18,49.76,11.3,Credit Card,220.79,116.3,104.49,47.33
6470,7,62,755,264,1,2025-11-22,46.13,7.0,Credit Card,42.92,32.33,10.59,24.67
6471,5,47,1168,123,4,2025-02-09,94.55,5.7,Cash,356.79,160.28,196.51,55.08
6472,8,85,2144,1465,2,2024-12-27,276.65,11.9,Debit Card,487.42,300.0,187.42,38.45
6473,3,21,77,1451,2,2025-10-07,111.27,6.9,Debit Card,207.26,131.44,75.82,36.58
6474,4,70,4453,1283,2,2024-11-02,284.87,3.8,Credit Card,548.36,378.98,169.38,30.89
6475,11,81,1302,5,2,2025-04-30,294.02,25.2,Debit Card,439.92,388.2,51.72,11.76
6476,3,21,1149,1215,4,2025-08-31,95.09,4.6,Credit Card,362.73,260.08,102.65,28.3
6477,12,60,3373,164,1,2025-01-12,203.49,8.5,Debit Card,186.14,136.91,49.23,26.45
6478,3,53,907,426,4,2025-01-24,21.55,3.4,Cash,83.24,45.0,38.24,45.94
6479,8,91,1554,225,1,2025-11-08,296.2,4.0,Cash,284.36,168.75,115.61,40.66
6480,3,46,3332,178,2,2025-03-30,110.01,5.8,Debit Card,207.23,144.08,63.15,30.47
6481,6,96,2532,144,4,2025-03-29,93.53,8.5,Debit Card,342.14,188.4,153.74,44.93
6482,7,41,4795,214,1,2025-06-28,213.27,8.8,Cash,194.47,84.98,109.49,56.3
6483,1,4,179,149,4,2025-11-20,258.75,31.8,Cash,705.63,561.4,144.23,20.44
6484,11,97,1253,1279,1,2025-04-03,191.91,26.9,Cash,140.23,81.94,58.29,41.57
6485,8,9,3554,219,2,2025-06-14,110.72,6.0,Credit Card,208.21,96.38,111.83,53.71
6486,8,112,228,1334,3,2025-02-21,152.49,10.9,Credit Card,407.79,206.43,201.36,49.38
6487,11,12,4729,186,2,2025-04-02,271.77,32.1,Debit Card,369.13,322.16,46.97,12.72
6488,4,70,1351,130,3,2024-11-05,236.81,10.0,Online,639.07,446.43,192.64,30.14
6489,8,94,4713,928,2,2024-12-12,265.54,7.2,Online,492.6,323.14,169.46,34.4
6490,6,96,2271,261,2,2025-04-27,92.25,10.7,Online,164.72,131.86,32.86,19.95
6491,7,5,3917,82,5,2025-03-15,125.84,3.3,Credit Card,608.74,225.8,382.94,62.91
6492,3,115,4193,1285,4,2025-09-16,177.26,5.4,Credit Card,670.65,315.48,355.17,52.96
6493,3,88,1757,1387,1,2025-03-21,47.79,10.0,Debit Card,43.0,25.82,17.18,39.95
6494,11,81,2635,565,5,2024-11-25,71.32,30.6,Credit Card,247.55,157.1,90.45,36.54
6495,10,75,4428,1416,1,2025-05-20,237.61,27.3,Cash,172.8,161.09,11.71,6.78
6496,10,55,695,523,2,2024-10-10,256.57,33.5,Credit Card,341.27,317.78,23.49,6.88
6497,9,106,667,370,1,2025-10-15,147.63,11.6,Cash,130.5,163.05,-32.55,-24.94
6498,10,16,2287,978,5,2025-10-11,65.37,31.5,Cash,223.95,139.3,84.65,37.8
6499,10,15,781,34,1,2025-10-14,160.86,30.4,Cash,111.91,96.28,15.63,13.97
6500,12,60,4292,222,4,2025-08-24,207.77,8.5,Debit Card,760.17,444.08,316.09,41.58
6501,12,60,3531,216,2,2025-05-29,89.26,11.0,Debit Card,158.86,106.2,52.66,33.15
6502,9,106,4369,363,1,2024-10-27,56.27,6.9,Credit Card,52.41,31.17,21.24,40.53
6503,12,108,4776,174,1,2025-05-10,185.53,11.8,Online,163.69,101.8,61.89,37.81
6504,3,88,3767,227,5,2025-04-28,232.98,4.5,Credit Card,1112.52,806.9,305.62,27.47
6505,9,52,379,1049,1,2025-11-09,75.26,5.7,Credit Card,70.98,48.88,22.1,31.14
6506,3,53,2446,1344,5,2025-02-13,73.02,7.6,Credit Card,337.32,245.45,91.87,27.24
6507,4,70,910,243,2,2024-12-01,41.26,11.7,Cash,72.91,29.18,43.73,59.98
6508,3,88,477,616,1,2025-02-22,29.28,8.2,Debit Card,26.88,11.78,15.1,56.18
6509,5,20,347,274,2,2024-11-11,115.92,3.6,Credit Card,223.58,144.76,78.82,35.25
6510,12,108,2904,1103,4,2025-06-04,155.8,8.6,Online,569.85,304.8,265.05,46.51
6511,4,70,3044,131,1,2025-06-09,149.63,11.6,Debit Card,132.3,73.68,58.62,44.31
6512,9,2,746,1091,2,2024-10-16,152.85,6.9,Debit Card,284.62,112.1,172.52,60.61
6513,2,10,3075,258,1,2025-05-19,225.83,5.7,Debit Card,212.93,142.38,70.55,33.13
6514,10,87,2053,229,2,2025-05-09,97.5,31.4,Cash,133.77,116.9,16.87,12.61
6515,8,112,3893,1357,5,2025-03-03,62.76,9.2,Online,285.07,170.45,114.62,40.21
6516,3,53,461,153,5,2025-02-19,57.51,6.6,Credit Card,268.49,373.3,-104.81,-39.04
6517,9,65,354,42,5,2025-03-10,158.84,3.7,Credit Card,764.9,379.7,385.2,50.36
6518,2,26,2544,516,1,2025-05-19,249.19,6.4,Cash,233.33,140.81,92.52,39.65
6519,7,41,2887,132,4,2025-11-10,99.77,7.4,Debit Card,369.61,189.68,179.93,48.68
6520,6,74,4380,426,4,2025-02-09,288.08,7.7,Debit Card,1063.89,407.8,656.09,61.67
6521,8,80,1594,28,2,2025-05-05,128.6,9.3,Credit Card,233.26,179.26,54.0,23.15
6522,3,53,668,282,2,2025-09-17,252.69,3.1,Credit Card,489.47,179.66,309.81,63.29
6523,6,107,3319,119,3,2025-03-08,158.5,11.0,Debit Card,423.43,281.1,142.33,33.61
6524,11,63,1581,38,2,2025-05-10,102.97,27.0,Cash,150.27,133.92,16.35,10.88
6525,2,43,772,28,3,2024-11-30,56.45,7.8,Online,156.21,101.22,54.99,35.2
6526,11,81,1149,1373,3,2025-09-05,95.09,23.3,Credit Card,218.71,195.06,23.65,10.81
6527,10,16,2176,133,2,2025-05-16,162.99,26.9,Credit Card,238.18,121.2,116.98,49.11
6528,10,101,4312,291,2,2025-10-28,152.45,28.2,Credit Card,218.96,204.16,14.8,6.76
6529,7,41,322,243,3,2024-11-08,71.89,9.5,Debit Card,195.28,87.21,108.07,55.34
6530,3,88,934,182,2,2025-11-20,20.39,9.9,Cash,36.76,19.58,17.18,46.74
6531,5,40,3309,272,1,2025-07-10,57.51,8.1,Credit Card,52.83,34.47,18.36,34.75
6532,3,53,3131,280,4,2025-10-24,279.22,6.2,Debit Card,1047.71,678.8,368.91,35.21
6533,10,15,2584,1012,3,2025-06-04,55.42,23.3,Online,127.56,87.33,40.23,31.54
6534,1,118,482,194,1,2025-09-17,140.26,26.4,Debit Card,103.17,64.86,38.31,37.13
6535,1,98,2513,177,1,2024-10-28,218.9,33.1,Credit Card,146.38,143.72,2.66,1.82
6536,10,75,2094,538,1,2025-12-02,114.54,23.6,Debit Card,87.52,76.1,11.42,13.05
6537,4,31,745,186,2,2025-09-05,220.12,7.6,Credit Card,406.93,235.3,171.63,42.18
6538,5,20,340,256,2,2024-11-23,32.11,5.0,Cash,61.0,40.66,20.34,33.34
6539,1,58,1751,87,3,2024-11-15,28.09,29.5,Credit Card,59.4,49.44,9.96,16.77
6540,10,16,4799,142,4,2025-12-07,64.96,32.1,Debit Card,176.34,103.16,73.18,41.5
6541,12,108,3065,101,3,2025-09-07,10.14,4.7,Debit Card,29.01,18.45,10.56,36.4
6542,11,64,2014,1022,3,2024-11-05,131.51,30.8,Credit Card,273.06,141.93,131.13,48.02
6543,3,14,1429,895,3,2025-03-15,89.52,10.6,Online,240.02,123.75,116.27,48.44
6544,3,14,230,197,4,2025-09-11,292.46,10.8,Debit Card,1043.6,555.04,488.56,46.81
6545,2,23,275,221,2,2025-04-15,183.25,8.2,Credit Card,336.28,257.84,78.44,23.33
6546,6,96,658,206,1,2024-12-07,278.78,7.8,Online,257.07,124.02,133.05,51.76
6547,2,103,3124,97,3,2025-02-25,203.66,3.4,Cash,590.06,293.73,296.33,50.22
6548,4,1,2988,851,1,2025-11-13,178.09,9.6,Debit Card,161.03,102.92,58.11,36.09
6549,5,105,2434,987,3,2025-01-20,254.81,4.6,Debit Card,728.91,501.24,227.67,31.23
6550,3,14,2911,330,1,2025-07-14,112.81,11.0,Online,100.45,49.86,50.59,50.36
6551,1,17,4433,727,5,2025-03-18,68.77,24.3,Online,260.17,245.7,14.47,5.56
6552,1,4,2795,459,3,2024-12-14,21.4,26.9,Credit Card,46.93,25.05,21.88,46.62
6553,1,4,4970,52,1,2024-12-15,18.9,28.7,Online,13.47,10.19,3.28,24.35
6554,6,66,4053,276,4,2025-04-20,128.99,7.2,Cash,478.96,237.84,241.12,50.34
6555,4,34,3453,174,1,2025-03-26,78.61,5.7,Cash,74.1,33.57,40.53,54.7
6556,6,74,3027,111,1,2025-08-11,223.94,3.4,Credit Card,216.43,123.72,92.71,42.84
6557,11,64,2383,495,3,2025-02-25,281.1,23.6,Debit Card,644.22,477.84,166.38,25.83
6558,1,79,3431,1167,4,2025-01-31,99.52,25.1,Cash,298.07,140.52,157.55,52.86
6559,5,47,1129,1500,3,2025-07-19,294.82,7.3,Debit Card,820.27,347.64,472.63,57.62
6560,1,98,3209,289,2,2025-10-04,117.05,29.9,Debit Card,164.07,92.2,71.87,43.8
6561,4,70,694,518,1,2025-11-13,213.73,9.1,Cash,194.26,100.61,93.65,48.21
6562,9,25,225,455,3,2025-10-14,269.53,9.4,Credit Card,732.34,408.39,323.95,44.23
6563,6,49,1466,586,5,2025-09-13,188.19,9.4,Credit Card,852.1,529.55,322.55,37.85
6564,12,18,1008,124,1,2025-05-13,79.43,11.6,Credit Card,70.2,29.29,40.91,58.28
6565,12,18,4483,80,2,2025-02-02,59.72,4.1,Cash,114.54,71.72,42.82,37.38
6566,4,31,1588,204,1,2025-07-14,9.17,10.3,Credit Card,8.23,3.65,4.58,55.65
6567,10,101,979,233,2,2025-02-14,86.84,32.0,Online,118.08,105.06,13.02,11.03
6568,7,95,894,790,5,2025-10-15,132.05,9.3,Debit Card,598.72,389.3,209.42,34.98
6569,11,63,4196,369,1,2025-06-02,237.54,33.3,Debit Card,158.44,144.82,13.62,8.6
6570,12,108,3370,277,1,2025-06-30,190.38,6.6,Debit Card,177.74,72.23,105.51,59.36
6571,10,117,56,250,1,2024-10-12,169.58,24.5,Debit Card,127.99,179.79,-51.8,-40.47
6572,10,67,3916,112,1,2025-05-15,78.13,28.5,Debit Card,55.84,48.87,6.97,12.48
6573,1,82,1618,187,2,2025-11-19,51.81,29.6,Cash,72.9,129.98,-57.08,-78.3
6574,1,3,1535,55,4,2025-07-02,50.97,30.6,Credit Card,141.46,80.56,60.9,43.05
6575,5,40,429,33,1,2024-11-16,165.22,4.2,Online,158.21,95.94,62.27,39.36
6576,7,41,2623,7,2,2025-04-22,284.68,10.6,Debit Card,509.24,235.92,273.32,53.67
6577,9,111,1199,44,1,2025-03-05,256.72,5.4,Online,242.75,93.5,149.25,61.48
6578,9,2,1826,298,2,2025-03-21,107.18,9.5,Credit Card,193.97,95.74,98.23,50.64
6579,10,71,3201,1415,3,2025-05-24,119.11,29.8,Cash,250.68,135.48,115.2,45.96
6580,8,85,1506,15,3,2025-01-31,25.05,11.6,Cash,66.44,52.32,14.12,21.25
6581,11,97,1618,850,2,2025-06-26,51.81,31.4,Credit Card,71.1,129.98,-58.88,-82.81
6582,2,26,687,496,5,2025-10-22,71.05,10.6,Online,317.62,141.8,175.82,55.36
6583,1,59,1524,1077,2,2025-08-31,53.35,26.8,Online,78.08,62.82,15.26,19.54
6584,3,53,2940,1337,3,2024-12-09,67.02,5.6,Online,189.78,93.57,96.21,50.7
6585,1,59,718,939,1,2024-12-30,39.1,28.2,Debit Card,28.07,14.05,14.02,49.95
6586,1,82,3318,894,1,2025-08-09,295.68,24.0,Debit Card,224.8,177.83,46.97,20.89
6587,8,91,1240,44,1,2025-01-31,148.76,5.8,Online,140.15,83.97,56.18,40.09
6588,3,115,2861,180,3,2025-06-16,42.52,3.3,Cash,123.39,90.21,33.18,26.89
6589,2,89,331,350,1,2025-08-24,288.25,7.9,Credit Card,265.46,189.36,76.1,28.67
6590,12,93,633,9,5,2025-10-05,67.32,3.3,Debit Card,325.49,203.45,122.04,37.49
6591,6,66,3262,238,2,2025-04-19,275.31,10.0,Cash,495.37,365.92,129.45,26.13
6592,1,4,1301,5,2,2025-09-22,183.56,22.3,Cash,285.11,147.86,137.25,48.14
6593,12,102,1444,725,4,2024-11-26,195.67,11.2,Credit Card,694.79,340.72,354.07,50.96
6594,2,69,770,133,2,2025-11-11,271.96,7.9,Debit Card,500.94,254.28,246.66,49.24
6595,4,1,893,765,1,2025-01-29,176.52,8.8,Online,161.06,72.26,88.8,55.13
6596,7,41,1172,241,3,2025-12-08,189.16,6.3,Debit Card,531.52,267.03,264.49,49.76
6597,2,45,1463,54,2,2025-09-03,216.97,8.9,Debit Card,395.51,217.24,178.27,45.07
6598,4,70,1790,1258,1,2025-04-29,295.2,5.3,Credit Card,279.6,176.2,103.4,36.98
6599,4,70,2146,594,3,2025-11-04,271.54,10.3,Credit Card,730.6,537.87,192.73,26.38
6600,8,80,578,674,1,2025-07-23,254.27,5.9,Debit Card,239.29,141.97,97.32,40.67
6601,7,19,4781,116,5,2025-02-01,151.09,8.7,Debit Card,689.49,316.95,372.54,54.03
6602,7,5,3213,63,4,2025-02-01,48.37,9.5,Online,175.11,87.6,87.51,49.97
6603,9,27,3573,1364,5,2025-10-10,28.15,5.9,Cash,132.52,70.35,62.17,46.91
6604,3,115,1312,174,3,2024-12-10,223.63,8.8,Debit Card,612.17,410.28,201.89,32.98
6605,3,14,3640,118,2,2025-08-27,254.43,6.4,Online,476.44,231.6,244.84,51.39
6606,10,90,1327,1136,2,2025-02-05,144.28,24.0,Online,219.29,198.88,20.41,9.31
6607,9,111,1910,232,1,2025-04-15,48.57,10.1,Credit Card,43.68,61.33,-17.65,-40.41
6608,12,93,1934,463,1,2025-10-19,283.26,9.6,Credit Card,256.16,109.45,146.71,57.27
6609,2,45,2747,134,2,2025-02-18,237.46,5.1,Credit Card,450.57,230.06,220.51,48.94
6610,3,53,2453,1408,1,2025-11-20,279.05,9.3,Debit Card,252.99,159.08,93.91,37.12
6611,12,108,3233,238,3,2025-09-27,200.67,10.3,Credit Card,540.02,307.89,232.13,42.99
6612,9,65,2160,213,1,2024-12-22,36.44,4.3,Cash,34.88,21.04,13.84,39.68
6613,10,117,86,33,1,2025-08-17,227.22,30.5,Online,157.9,102.12,55.78,35.33
6614,6,72,1675,625,2,2025-01-29,51.81,7.0,Debit Card,96.35,126.46,-30.11,-31.25
6615,5,76,2525,271,1,2024-10-17,79.54,5.2,Online,75.39,99.96,-24.57,-32.59
6616,9,61,3802,1399,1,2024-12-08,126.29,3.9,Credit Card,121.38,58.78,62.6,51.57
6617,7,19,3733,64,1,2025-08-10,260.38,10.9,Debit Card,231.88,126.22,105.66,45.57
6618,2,13,1939,196,2,2025-10-31,217.37,3.3,Cash,420.37,155.34,265.03,63.05
6619,12,100,1264,128,1,2025-05-21,275.77,6.0,Cash,259.22,101.03,158.19,61.03
6620,10,75,2215,503,5,2024-11-09,194.04,25.4,Debit Card,724.24,431.85,292.39,40.37
6621,9,61,3892,36,3,2025-11-15,251.04,3.4,Debit Card,727.8,389.25,338.55,46.52
6622,11,97,543,1478,4,2025-08-21,18.57,31.0,Online,51.25,36.4,14.85,28.98
6623,6,107,2171,643,1,2025-09-03,20.35,8.6,Credit Card,18.6,10.42,8.18,43.98
6624,3,53,318,191,4,2025-08-03,248.03,7.2,Credit Card,920.65,572.44,348.21,37.82
6625,1,3,2235,185,5,2024-11-15,142.02,22.4,Online,551.35,410.55,140.8,25.54
6626,4,56,1522,241,2,2025-10-25,265.58,6.6,Cash,496.03,230.0,266.03,53.63
6627,11,64,945,594,2,2025-09-26,286.62,25.8,Debit Card,425.45,287.12,138.33,32.51
6628,8,91,3487,296,2,2024-11-28,44.51,9.3,Online,80.75,54.3,26.45,32.76
6629,5,113,3017,243,4,2025-02-02,105.07,8.0,Credit Card,386.54,252.8,133.74,34.6
6630,5,40,3406,98,1,2025-08-23,207.49,7.8,Cash,191.4,256.56,-65.16,-34.04
6631,2,11,2561,87,2,2025-01-11,134.01,9.8,Credit Card,241.64,143.76,97.88,40.51
6632,4,34,3905,1248,4,2025-03-23,78.69,4.9,Credit Card,299.33,154.32,145.01,48.44
6633,4,70,1771,276,1,2025-09-03,211.18,8.6,Cash,193.05,129.56,63.49,32.89
6634,11,64,317,290,2,2025-09-19,295.36,22.6,Debit Card,457.08,270.16,186.92,40.89
6635,9,52,3800,217,3,2025-07-06,55.11,7.5,Debit Card,152.96,83.82,69.14,45.2
6636,7,95,941,625,2,2025-11-15,26.3,9.4,Cash,47.63,19.04,28.59,60.03
6637,7,84,2642,905,1,2025-06-16,252.49,9.3,Credit Card,228.98,316.11,-87.13,-38.05
6638,9,52,532,206,1,2025-10-28,87.76,7.1,Credit Card,81.54,41.13,40.41,49.56
6639,9,37,186,27,1,2025-01-23,253.91,5.3,Debit Card,240.33,111.87,128.46,53.45
6640,5,22,4572,127,5,2025-05-16,264.1,3.2,Debit Card,1278.35,1525.55,-247.2,-19.34
6641,1,118,4262,965,3,2025-01-06,234.9,31.1,Credit Card,485.78,427.11,58.67,12.08
6642,2,103,1149,281,1,2025-01-16,95.09,8.4,Cash,87.14,65.02,22.12,25.38
6643,11,12,2216,1144,3,2025-11-22,263.8,26.9,Credit Card,578.54,525.96,52.58,9.09
6644,8,94,2593,191,4,2025-11-28,168.83,10.3,Cash,605.85,368.88,236.97,39.11
6645,6,49,4863,158,4,2025-06-28,119.26,10.6,Online,426.51,312.12,114.39,26.82
6646,10,117,64,1,1,2025-08-14,7.08,24.2,Debit Card,5.37,4.14,1.23,22.91
6647,8,94,1708,91,4,2025-03-10,270.09,7.1,Credit Card,1003.74,679.24,324.5,32.33
6648,3,115,2469,168,1,2025-11-18,294.63,4.6,Debit Card,281.05,362.8,-81.75,-29.09
6649,3,115,2060,40,2,2024-10-16,203.36,4.4,Credit Card,388.77,179.36,209.41,53.86
6650,6,66,1621,314,1,2025-08-22,79.05,5.1,Debit Card,75.03,48.12,26.91,35.87
6651,11,97,1030,1470,4,2024-10-27,104.1,28.9,Online,296.1,164.6,131.5,44.41
6652,4,34,1344,30,1,2025-02-17,169.2,11.7,Debit Card,149.33,108.18,41.15,27.56
6653,4,70,496,196,1,2025-05-10,196.47,8.6,Credit Card,179.53,73.65,105.88,58.98
6654,11,97,770,201,1,2025-05-12,271.96,33.6,Cash,180.55,127.14,53.41,29.58
6655,4,70,768,35,1,2025-03-18,13.81,5.0,Credit Card,13.12,6.43,6.69,50.99
6656,2,23,2775,93,1,2025-02-04,11.23,10.0,Debit Card,10.11,5.72,4.39,43.42
6657,7,5,2482,227,1,2025-01-19,229.43,8.8,Cash,209.32,158.11,51.21,24.46
6658,5,119,2027,1367,1,2024-10-24,234.74,6.7,Debit Card,219.11,99.25,119.86,54.7
6659,5,40,2150,286,4,2025-11-16,144.49,8.5,Credit Card,528.89,255.0,273.89,51.79
6660,7,19,1809,50,1,2025-05-14,154.49,8.2,Cash,141.82,87.6,54.22,38.23
6661,5,113,10,727,4,2025-09-27,165.91,8.2,Debit Card,609.06,377.52,231.54,38.02
6662,1,59,2379,1072,4,2024-11-11,261.53,22.6,Credit Card,809.74,412.56,397.18,49.05
6663,2,26,936,925,1,2025-10-13,10.97,11.1,Credit Card,9.75,7.82,1.93,19.79
6664,5,47,4255,956,2,2024-12-25,162.81,10.7,Credit Card,290.87,157.18,133.69,45.96
6665,7,84,4803,936,1,2024-12-20,43.51,3.7,Credit Card,41.88,29.81,12.07,28.82
6666,12,93,1183,112,3,2025-11-02,209.91,8.7,Credit Card,574.8,352.98,221.82,38.59
6667,12,60,2534,298,1,2025-05-31,181.77,7.5,Online,168.19,84.23,83.96,49.92
6668,10,101,2785,82,1,2025-05-27,255.81,29.3,Debit Card,180.85,312.15,-131.3,-72.6
6669,2,45,4591,165,2,2024-12-18,8.55,6.6,Credit Card,15.97,7.84,8.13,50.91
6670,8,94,3608,209,1,2024-12-03,206.88,11.8,Debit Card,182.47,260.9,-78.43,-42.98
6671,5,20,2870,216,3,2025-08-24,18.41,11.6,Credit Card,48.84,35.58,13.26,27.15
6672,9,51,2888,219,2,2025-08-10,293.62,3.9,Cash,564.55,248.26,316.29,56.03
6673,6,72,98,851,3,2024-12-17,292.8,5.8,Credit Card,827.88,488.16,339.72,41.03
6674,3,88,4473,361,2,2024-12-04,239.55,4.9,Cash,455.79,329.32,126.47,27.75
6675,12,100,3087,426,2,2025-06-30,44.39,5.9,Debit Card,83.57,42.64,40.93,48.98
6676,6,78,1744,806,1,2025-03-14,214.82,7.3,Online,199.15,101.63,97.52,48.97
6677,9,6,2267,104,3,2025-08-29,21.42,4.0,Credit Card,61.67,37.86,23.81,38.61
6678,1,98,1366,233,5,2025-04-01,180.2,30.3,Online,627.67,604.85,22.82,3.64
6679,1,59,1237,1066,4,2025-04-24,187.27,32.1,Debit Card,508.4,427.28,81.12,15.96
6680,8,94,2821,618,3,2025-06-01,125.34,4.3,Debit Card,359.76,444.48,-84.72,-23.55
6681,12,60,3997,1141,3,2025-02-21,298.25,9.1,Cash,813.35,637.89,175.46,21.57
6682,7,41,710,227,4,2025-07-30,92.17,8.8,Credit Card,336.25,265.0,71.25,21.19
6683,11,81,3610,798,4,2025-05-02,107.15,26.0,Debit Card,317.27,243.36,73.91,23.3
6684,11,81,1487,133,1,2025-08-05,233.91,29.8,Online,164.11,142.19,21.92,13.36
6685,12,36,4068,1104,5,2025-05-01,256.26,8.5,Credit Card,1172.62,746.5,426.12,36.34
6686,1,50,57,149,1,2025-08-12,94.02,23.0,Credit Card,72.4,61.38,11.02,15.22
6687,8,80,2020,171,1,2025-12-08,14.08,5.4,Debit Card,13.32,9.92,3.4,25.53
6688,5,92,3584,653,1,2025-05-15,150.94,5.1,Cash,143.26,86.67,56.59,39.5
6689,9,25,2608,744,5,2025-06-27,54.02,5.5,Credit Card,255.31,158.8,96.51,37.8
6690,3,88,216,27,3,2025-05-05,138.45,9.9,Debit Card,374.36,209.25,165.11,44.1
6691,5,47,4724,76,1,2025-06-01,183.9,10.3,Cash,164.99,99.97,65.02,39.41
6692,7,5,152,125,2,2025-06-27,149.83,3.3,Cash,289.74,108.62,181.12,62.51
6693,10,15,2643,1500,5,2025-01-19,288.79,23.3,Cash,1107.83,956.8,151.03,13.63
6694,11,81,2467,968,2,2025-08-06,28.94,30.6,Debit Card,40.15,37.3,2.85,7.1
6695,8,85,1977,646,5,2025-01-17,235.93,4.4,Online,1127.95,1490.65,-362.7,-32.16
6696,3,14,1526,1391,1,2025-03-15,215.12,10.3,Credit Card,192.87,134.48,58.39,30.27
6697,1,98,4143,562,1,2025-06-04,176.87,27.5,Debit Card,128.27,116.91,11.36,8.86
6698,12,93,4953,575,2,2025-10-13,283.48,6.7,Online,528.84,303.78,225.06,42.56
6699,6,66,4216,1195,3,2025-05-31,289.68,11.7,Online,767.1,530.79,236.31,30.81
6700,5,22,371,151,1,2025-06-30,14.91,6.4,Debit Card,13.96,7.13,6.83,48.93
6701,11,44,4521,1,1,2024-11-22,205.87,28.0,Debit Card,148.13,130.93,17.2,11.61
6702,5,20,1847,645,1,2025-09-07,257.45,6.2,Credit Card,241.41,149.78,91.63,37.96
6703,11,64,4080,79,5,2024-12-29,7.89,32.5,Credit Card,26.65,18.45,8.2,30.77
6704,12,18,3623,144,5,2025-06-12,93.15,8.3,Cash,427.15,262.5,164.65,38.55
6705,12,102,1648,968,5,2025-07-23,265.74,10.8,Credit Card,1184.86,729.8,455.06,38.41
6706,11,97,2321,834,4,2025-12-01,293.22,23.8,Online,894.19,487.84,406.35,45.44
6707,6,74,1196,238,4,2025-01-23,17.52,8.1,Credit Card,64.38,48.16,16.22,25.19
6708,3,21,2167,53,4,2025-09-25,67.63,7.5,Credit Card,250.12,150.08,100.04,40.0
6709,5,22,281,150,4,2025-07-30,37.98,11.5,Debit Card,134.39,73.08,61.31,45.62
6710,10,39,3986,238,2,2025-10-28,146.44,24.3,Debit Card,221.85,133.6,88.25,39.78
6711,11,63,2028,805,1,2025-10-16,51.18,26.7,Credit Card,37.51,30.08,7.43,19.81
6712,1,118,4050,1455,1,2025-04-09,34.42,26.5,Debit Card,25.29,17.77,7.52,29.74
6713,8,9,1521,377,3,2025-07-10,55.23,4.0,Debit Card,159.1,79.44,79.66,50.07
6714,9,6,1063,27,1,2025-03-02,230.28,6.9,Debit Card,214.35,81.73,132.62,61.87
6715,4,42,1999,111,1,2024-10-11,209.16,4.0,Credit Card,200.78,136.75,64.03,31.89
6716,5,113,3493,130,1,2025-04-14,98.51,12.0,Cash,86.71,58.78,27.93,32.21
6717,7,95,3086,404,1,2025-06-26,85.65,3.4,Online,82.72,31.63,51.09,61.76
6718,10,67,1347,10,1,2025-07-15,139.34,28.7,Credit Card,99.32,50.69,48.63,48.96
6719,5,119,3327,254,2,2025-02-25,146.15,11.4,Debit Card,259.02,129.1,129.92,50.16
6720,4,31,4638,1488,3,2024-10-17,13.94,5.6,Debit Card,39.46,29.34,10.12,25.65
6721,8,30,3311,807,1,2024-10-23,294.86,11.5,Cash,260.82,141.12,119.7,45.89
6722,11,44,210,809,4,2025-10-23,18.25,27.2,Debit Card,53.12,49.2,3.92,7.38
6723,11,44,1405,737,2,2024-12-25,183.48,25.5,Cash,273.34,209.16,64.18,23.48
6724,12,100,2501,551,2,2024-12-25,53.29,7.4,Debit Card,98.72,51.52,47.2,47.81
6725,6,78,1537,150,1,2024-10-11,274.6,7.2,Cash,254.74,153.65,101.09,39.68
6726,2,45,3707,849,3,2025-04-12,289.26,9.8,Credit Card,782.91,336.54,446.37,57.01
6727,11,44,2390,438,1,2025-09-10,159.09,32.2,Credit Card,107.81,73.57,34.24,31.76
6728,4,1,4479,115,4,2025-11-04,174.9,11.1,Online,621.68,305.84,315.84,50.8
6729,3,115,4325,1437,2,2025-01-02,112.02,10.6,Cash,200.21,81.52,118.69,59.28
6730,12,102,1899,1454,4,2025-03-14,299.17,4.2,Debit Card,1146.23,738.44,407.79,35.58
6731,2,23,1836,187,1,2025-08-28,171.78,3.3,Credit Card,166.17,197.6,-31.43,-18.91
6732,6,96,3020,760,5,2025-12-03,24.65,9.4,Credit Card,111.67,56.8,54.87,49.14
6733,11,97,1802,545,1,2025-03-09,167.81,23.8,Cash,127.85,109.43,18.42,14.41
6734,10,117,1928,292,1,2025-08-18,121.43,22.1,Debit Card,94.57,54.98,39.59,41.86
6735,1,59,1592,91,1,2025-03-10,61.42,23.7,Cash,46.84,41.75,5.09,10.87
6736,10,55,4664,234,1,2024-11-12,69.1,27.8,Online,49.92,38.37,11.55,23.14
6737,4,1,3312,690,1,2025-03-29,272.11,5.9,Credit Card,256.14,128.37,127.77,49.88
6738,8,80,4363,1466,4,2025-08-20,278.22,4.7,Cash,1060.94,428.8,632.14,59.58
6739,5,105,312,341,1,2025-06-06,270.18,10.7,Cash,241.24,191.92,49.32,20.44
6740,3,53,2897,757,1,2025-01-22,226.79,7.8,Debit Card,209.18,106.72,102.46,48.98
6741,2,26,1650,1242,1,2025-10-04,165.82,11.9,Credit Card,146.14,114.1,32.04,21.92
6742,11,64,4345,342,5,2025-08-24,261.81,29.0,Debit Card,928.97,673.1,255.87,27.54
6743,11,81,3424,794,2,2025-09-05,241.7,23.9,Debit Card,368.05,257.12,110.93,30.14
6744,6,99,4298,230,4,2025-01-06,249.3,11.4,Debit Card,884.02,1133.72,-249.7,-28.25
6745,12,100,467,146,1,2025-04-02,123.77,10.2,Debit Card,111.13,76.97,34.16,30.74
6746,4,34,2663,247,3,2025-06-26,161.74,6.7,Cash,452.87,299.31,153.56,33.91
6747,7,62,4621,45,5,2025-08-15,163.86,3.1,Debit Card,793.93,1047.35,-253.42,-31.92
6748,8,91,2553,1290,3,2025-07-28,100.22,9.8,Online,271.29,205.35,65.94,24.31
6749,9,111,1985,156,3,2025-11-04,58.42,10.8,Cash,156.35,96.96,59.39,37.99
6750,7,7,1225,231,3,2025-01-24,174.43,4.2,Credit Card,501.47,288.45,213.02,42.48
6751,9,24,3380,461,1,2024-10-13,243.57,11.1,Cash,216.64,135.15,81.49,37.62
6752,4,1,2127,253,1,2025-03-30,225.26,10.8,Debit Card,200.94,87.25,113.69,56.58
6753,1,59,4506,142,2,2025-05-13,272.83,28.9,Cash,388.05,380.42,7.63,1.97
6754,7,7,1945,1453,3,2025-01-19,18.81,9.6,Online,51.04,34.47,16.57,32.46
6755,2,69,2469,1045,4,2025-10-09,294.63,6.5,Debit Card,1102.5,1451.2,-348.7,-31.63
6756,10,90,1513,52,3,2024-10-17,116.41,22.4,Debit Card,270.87,165.72,105.15,38.82
6757,11,64,4271,184,2,2024-11-19,143.94,29.4,Debit Card,203.13,161.5,41.63,20.49
6758,9,37,2861,98,1,2025-06-13,42.52,8.4,Debit Card,38.93,30.07,8.86,22.76
6759,6,107,2375,240,3,2024-11-09,46.41,5.8,Debit Card,131.21,147.03,-15.82,-12.06
6760,9,24,3677,105,5,2025-12-01,64.92,10.1,Cash,291.85,217.25,74.6,25.56
6761,12,102,1697,157,5,2025-08-04,269.9,7.5,Credit Card,1248.89,570.6,678.29,54.31
6762,8,85,2164,261,2,2025-11-04,254.89,3.3,Credit Card,492.86,252.36,240.5,48.8
6763,9,27,2725,73,1,2024-11-12,246.05,8.0,Credit Card,226.25,172.68,53.57,23.68
6764,7,62,4982,1083,2,2025-10-12,274.71,6.9,Debit Card,511.29,395.0,116.29,22.74
6765,11,12,4884,182,2,2024-12-19,135.47,28.3,Cash,194.15,134.54,59.61,30.7
6766,12,108,2087,1243,1,2025-03-28,148.61,7.0,Online,138.24,71.27,66.97,48.44
6767,3,88,4625,16,2,2025-08-17,272.27,10.2,Cash,489.12,253.82,235.3,48.11
6768,10,117,3713,816,1,2025-09-06,44.17,27.0,Credit Card,32.24,22.27,9.97,30.92
6769,12,36,477,1095,4,2024-10-24,29.28,5.2,Cash,111.01,47.12,63.89,57.55
6770,5,92,3458,1454,5,2025-08-06,279.43,11.9,Credit Card,1231.17,729.7,501.47,40.73
6771,3,21,3501,66,3,2025-12-04,178.7,6.7,Credit Card,500.01,228.63,271.38,54.27
6772,3,21,4067,217,1,2025-07-03,152.07,10.5,Debit Card,136.15,78.1,58.05,42.64
6773,7,104,2316,781,1,2025-12-07,227.53,7.5,Credit Card,210.38,244.47,-34.09,-16.2
6774,12,93,4106,257,1,2024-10-14,258.35,5.1,Debit Card,245.21,107.19,138.02,56.29
6775,6,49,1959,963,2,2025-02-06,20.68,3.8,Credit Card,39.8,27.84,11.96,30.05
6776,5,76,3353,1452,2,2024-12-25,60.01,9.7,Credit Card,108.36,70.96,37.4,34.51
6777,12,100,3392,770,2,2025-06-02,263.44,7.4,Credit Card,488.07,294.64,193.43,39.63
6778,5,47,4678,727,1,2025-03-30,293.67,11.8,Cash,258.97,119.93,139.04,53.69
6779,11,44,283,284,3,2025-08-23,271.3,33.1,Cash,544.79,520.5,24.29,4.46
6780,8,94,3172,232,1,2025-10-18,191.61,4.4,Credit Card,183.2,90.89,92.31,50.39
6781,1,86,1287,1006,1,2025-05-17,145.8,27.2,Credit Card,106.11,69.79,36.32,34.23
6782,4,34,1389,117,3,2025-11-20,112.44,4.6,Online,321.64,171.06,150.58,46.82
6783,5,40,2502,1085,1,2025-10-23,66.12,6.3,Cash,61.96,47.33,14.63,23.61
6784,9,65,465,1013,1,2025-11-04,108.23,6.0,Cash,101.74,57.85,43.89,43.14
6785,1,118,2503,712,1,2025-04-27,25.87,26.4,Credit Card,19.03,16.55,2.48,13.03
6786,9,37,4465,588,3,2025-03-07,209.9,10.5,Cash,563.52,252.87,310.65,55.13
6787,6,66,4111,5,5,2025-09-19,174.78,11.0,Debit Card,778.1,349.0,429.1,55.15
6788,3,88,1963,1472,3,2025-01-12,81.2,9.1,Debit Card,221.32,121.44,99.88,45.13
6789,3,46,2162,196,4,2025-04-17,196.77,8.7,Online,718.83,328.92,389.91,54.24
6790,11,12,2911,190,1,2024-10-20,112.81,24.7,Cash,84.98,49.86,35.12,41.33
6791,11,12,3531,1466,1,2025-04-06,89.26,25.8,Credit Card,66.27,53.1,13.17,19.87
6792,4,34,2177,121,2,2025-07-16,173.0,6.5,Credit Card,323.41,237.1,86.31,26.69
6793,5,20,1835,1360,3,2025-09-21,284.25,5.0,Credit Card,810.43,604.47,205.96,25.41
6794,12,36,4567,193,1,2024-12-15,129.83,4.2,Cash,124.34,54.07,70.27,56.51
6795,9,27,4159,50,3,2025-06-28,151.01,9.0,Debit Card,412.08,312.51,99.57,24.16
6796,6,72,3069,262,3,2024-11-26,45.08,4.7,Cash,128.84,168.3,-39.46,-30.63
6797,5,119,797,619,1,2024-10-15,16.14,11.6,Debit Card,14.26,10.29,3.97,27.84
6798,6,99,4734,328,3,2025-02-25,158.48,7.7,Credit Card,438.59,325.08,113.51,25.88
6799,6,74,348,1357,5,2025-04-27,140.67,7.2,Online,652.4,402.15,250.25,38.36
6800,9,111,3962,192,1,2025-07-25,207.87,6.2,Credit Card,194.94,122.79,72.15,37.01
6801,10,71,3124,222,2,2025-01-18,203.66,24.6,Credit Card,307.0,195.82,111.18,36.21
6802,7,62,748,123,1,2025-05-04,205.91,11.2,Credit Card,182.84,143.27,39.57,21.64
6803,7,62,3249,289,5,2025-11-29,171.19,8.5,Credit Card,782.88,361.2,421.68,53.86
6804,4,42,3991,1319,1,2024-10-15,21.74,5.1,Credit Card,20.63,9.23,11.4,55.26
6805,5,113,210,173,1,2025-10-31,18.25,9.2,Credit Card,16.58,12.3,4.28,25.81
6806,7,41,2772,58,3,2025-07-02,274.94,5.1,Debit Card,782.45,407.58,374.87,47.91
6807,8,30,4258,184,3,2025-02-18,197.16,9.9,Online,532.71,291.48,241.23,45.28
6808,6,99,467,1150,5,2025-10-05,123.77,8.0,Credit Card,569.47,384.85,184.62,32.42
6809,8,94,4080,1201,1,2025-03-10,7.89,7.0,Credit Card,7.34,3.69,3.65,49.73
6810,9,120,3793,61,2,2025-01-24,257.9,8.9,Credit Card,469.93,350.34,119.59,25.45
6811,1,50,952,794,1,2025-09-15,238.7,24.1,Debit Card,181.17,117.0,64.17,35.42
6812,4,70,2418,71,1,2025-02-12,16.77,6.6,Debit Card,15.66,7.04,8.62,55.04
6813,9,51,4443,1154,1,2025-10-18,297.75,9.2,Cash,270.37,149.48,120.89,44.71
6814,5,76,2689,238,1,2024-11-13,19.82,6.3,Cash,18.58,12.45,6.13,32.99
6815,11,81,4081,1197,2,2025-07-01,157.77,27.0,Credit Card,230.37,125.18,105.19,45.66
6816,4,34,3168,38,5,2025-05-22,64.23,10.5,Debit Card,287.27,154.15,133.12,46.34
6817,9,120,1620,39,3,2025-05-26,45.88,7.9,Debit Card,126.72,55.56,71.16,56.16
6818,2,28,4676,1307,5,2025-07-31,218.62,6.6,Debit Card,1020.5,700.8,319.7,31.33
6819,2,103,4264,818,3,2025-11-13,25.72,4.8,Online,73.45,42.36,31.09,42.33
6820,11,97,3997,73,5,2025-08-13,298.25,22.7,Cash,1152.72,1063.15,89.57,7.77
6821,8,109,2437,1172,5,2025-08-28,221.63,8.7,Credit Card,1012.06,576.9,435.16,43.0
6822,8,80,1945,1062,2,2025-03-11,18.81,9.5,Credit Card,34.05,22.98,11.07,32.51
6823,5,40,1916,269,1,2024-12-24,115.34,6.9,Cash,107.35,65.7,41.65,38.8
6824,6,66,2509,83,2,2024-10-30,23.74,5.8,Online,44.74,24.78,19.96,44.61
6825,11,97,593,212,2,2024-12-19,232.08,29.6,Credit Card,326.84,234.14,92.7,28.36
6826,5,105,2206,276,3,2025-04-05,231.86,3.8,Credit Card,669.31,384.99,284.32,42.48
6827,8,30,2087,105,1,2024-11-26,148.61,8.9,Credit Card,135.32,71.27,64.05,47.33
6828,6,66,4090,1076,2,2025-03-24,13.26,11.8,Debit Card,23.39,10.82,12.57,53.74
6829,6,72,2508,1001,2,2025-11-27,20.36,10.3,Online,36.51,19.4,17.11,46.86
6830,7,41,2584,12,4,2025-10-09,55.42,9.6,Debit Card,200.42,116.44,83.98,41.9
6831,2,23,1951,10,2,2025-11-04,293.36,7.0,Online,545.83,400.32,145.51,26.66
6832,9,25,955,219,2,2025-04-15,126.3,3.1,Cash,244.65,97.06,147.59,60.33
6833,3,53,2239,1273,2,2024-12-31,35.77,11.9,Cash,63.05,30.66,32.39,51.37
6834,9,24,4249,805,3,2025-10-14,60.55,11.3,Credit Card,161.15,124.17,36.98,22.95
6835,10,67,1419,1376,1,2025-09-27,72.14,27.7,Online,52.19,46.82,5.37,10.29
6836,5,105,4588,142,2,2025-01-03,154.53,9.2,Credit Card,280.67,142.74,137.93,49.14
6837,1,79,1674,1405,1,2024-10-20,7.65,24.4,Credit Card,5.78,4.82,0.96,16.61
6838,10,38,1673,266,5,2025-11-06,53.83,22.1,Credit Card,209.72,106.0,103.72,49.46
6839,4,70,1732,334,5,2025-09-02,81.6,3.5,Cash,393.79,148.6,245.19,62.26
6840,6,49,3589,115,2,2025-07-13,37.22,12.0,Cash,65.52,29.16,36.36,55.49
6841,3,88,3088,231,1,2025-03-13,30.08,10.0,Cash,27.06,15.3,11.76,43.46
6842,12,102,2381,769,5,2024-12-17,217.81,5.4,Online,1030.32,432.9,597.42,57.98
6843,6,66,4866,176,1,2025-05-29,26.76,7.9,Debit Card,24.65,16.62,8.03,32.58
6844,11,64,4882,35,5,2024-10-25,80.11,28.9,Cash,284.88,168.1,116.78,40.99
6845,1,29,293,1014,5,2025-07-28,244.23,22.8,Cash,942.55,429.0,513.55,54.49
6846,10,71,3813,17,2,2025-03-17,15.25,33.8,Debit Card,20.2,16.74,3.46,17.13
6847,10,90,2825,49,1,2025-10-23,95.84,27.8,Debit Card,69.17,67.58,1.59,2.3
6848,9,6,2242,412,1,2024-12-05,58.89,7.6,Cash,54.41,35.73,18.68,34.33
6849,9,2,670,506,5,2025-09-15,59.13,10.5,Cash,264.48,119.15,145.33,54.95
6850,11,12,4882,275,1,2025-07-09,80.11,28.5,Cash,57.3,33.62,23.68,41.33
6851,4,70,2216,39,4,2024-12-09,263.8,3.5,Online,1018.24,701.28,316.96,31.13
6852,2,45,2156,831,3,2025-07-21,27.48,7.6,Credit Card,76.21,37.29,38.92,51.07
6853,12,18,4902,300,1,2024-12-22,224.17,7.2,Credit Card,208.01,143.31,64.7,31.1
6854,11,97,1037,512,2,2024-12-22,108.58,32.7,Cash,146.12,253.78,-107.66,-73.68
6855,8,112,2173,2,1,2024-11-24,273.64,5.6,Debit Card,258.28,189.31,68.97,26.7
6856,7,104,4056,44,1,2025-09-27,210.96,3.8,Online,202.93,92.91,110.02,54.22
6857,1,118,31,663,5,2024-11-26,81.62,33.4,Debit Card,271.9,236.95,34.95,12.85
6858,6,107,4087,534,1,2025-08-22,207.97,7.0,Cash,193.49,104.03,89.46,46.23
6859,10,39,320,100,5,2025-01-01,146.02,33.2,Cash,487.74,345.65,142.09,29.13
6860,12,102,1928,253,5,2025-02-19,121.43,11.6,Debit Card,536.72,274.9,261.82,48.78
6861,5,20,2521,157,1,2025-04-20,44.85,11.5,Debit Card,39.69,22.4,17.29,43.56
6862,2,43,3704,375,2,2025-09-11,56.67,4.5,Credit Card,108.28,48.62,59.66,55.1
6863,5,76,4053,893,5,2025-11-29,128.99,10.3,Credit Card,578.77,297.3,281.47,48.63
6864,6,66,1055,95,2,2025-05-30,152.92,7.9,Online,281.79,141.08,140.71,49.93
6865,10,33,142,448,2,2025-09-16,149.3,27.3,Debit Card,217.06,164.04,53.02,24.43
6866,6,74,57,218,1,2025-12-03,94.02,6.5,Online,87.87,61.38,26.49,30.15
6867,2,11,216,97,5,2025-12-08,138.45,11.7,Credit Card,611.39,348.75,262.64,42.96
6868,1,17,1870,199,5,2024-11-28,139.85,24.6,Credit Card,526.96,366.65,160.31,30.42
6869,4,34,76,53,1,2025-08-04,154.35,4.9,Online,146.75,60.18,86.57,58.99
6870,12,108,255,473,4,2025-07-19,94.36,7.2,Cash,350.25,139.64,210.61,60.13
6871,4,31,991,1495,3,2025-04-20,118.38,8.5,Debit Card,324.83,153.51,171.32,52.74
6872,9,37,2226,700,3,2025-07-09,72.47,5.6,Debit Card,205.32,137.4,67.92,33.08
6873,12,18,1937,1056,1,2024-10-10,162.51,10.0,Credit Card,146.32,66.28,80.04,54.7
6874,1,86,167,113,4,2024-11-28,53.52,32.7,Credit Card,144.09,110.28,33.81,23.46
6875,11,63,3544,54,2,2024-12-03,250.91,25.1,Debit Card,375.87,286.72,89.15,23.72
6876,10,90,4778,2,2,2025-10-06,115.68,25.8,Debit Card,171.59,119.88,51.71,30.14
6877,11,12,1655,689,2,2025-09-03,179.38,23.4,Credit Card,274.9,251.82,23.08,8.4
6878,1,79,986,970,2,2024-10-12,106.25,32.3,Debit Card,143.94,144.4,-0.46,-0.32
6879,8,30,791,95,5,2025-04-23,285.08,3.0,Cash,1382.07,812.8,569.27,41.19
6880,5,92,3312,240,1,2025-02-09,272.11,7.5,Credit Card,251.83,128.37,123.46,49.03
6881,9,2,3983,293,2,2025-05-23,20.84,8.0,Cash,38.35,15.0,23.35,60.89
6882,6,96,729,1375,4,2025-10-28,44.51,7.6,Debit Card,164.56,65.24,99.32,60.35
6883,10,33,1936,1242,2,2025-03-05,74.28,32.9,Credit Card,99.62,59.48,40.14,40.29
6884,3,115,3100,8,5,2025-08-04,134.0,3.8,Cash,644.46,256.25,388.21,60.24
6885,1,17,4284,25,5,2025-07-25,236.93,31.8,Debit Card,808.45,648.55,159.9,19.78
6886,10,101,2972,1377,5,2024-10-27,120.91,25.7,Debit Card,449.46,228.75,220.71,49.11
6887,6,78,4504,30,2,2025-03-05,109.51,3.7,Credit Card,211.02,89.14,121.88,57.76
6888,11,64,4966,292,3,2025-02-04,292.08,31.7,Cash,598.54,353.91,244.63,40.87
6889,3,14,663,40,5,2024-10-10,102.2,4.6,Credit Card,487.24,261.5,225.74,46.33
6890,4,34,466,501,5,2024-10-28,134.11,5.8,Debit Card,631.68,472.5,159.18,25.2
6891,3,46,3930,93,4,2025-01-12,45.62,10.3,Online,163.59,88.0,75.59,46.21
6892,7,95,957,18,5,2025-06-16,67.29,7.7,Online,310.62,135.25,175.37,56.46
6893,12,100,3943,140,4,2024-10-15,244.85,5.1,Cash,929.22,675.16,254.06,27.34
6894,11,97,2651,266,3,2025-12-05,244.72,23.5,Debit Card,561.93,402.39,159.54,28.39
6895,11,44,2861,268,2,2025-05-13,42.52,31.4,Credit Card,58.36,60.14,-1.78,-3.05
6896,9,2,1244,791,1,2025-09-02,117.11,5.9,Online,110.25,56.85,53.4,48.44
6897,5,105,1432,31,1,2025-06-02,200.69,3.3,Online,194.07,111.39,82.68,42.6
6898,6,107,3412,5,1,2025-07-10,33.22,11.6,Debit Card,29.36,16.35,13.01,44.31
6899,5,92,1954,643,1,2025-01-08,251.78,6.8,Cash,234.75,127.45,107.3,45.71
6900,3,21,2353,1363,2,2024-12-26,25.38,4.5,Credit Card,48.48,20.54,27.94,57.63
6901,3,88,3343,97,1,2025-08-07,86.21,7.6,Cash,79.65,51.74,27.91,35.04
6902,4,42,1037,75,1,2025-07-11,108.58,4.0,Cash,104.29,126.89,-22.6,-21.67
6903,5,105,29,172,1,2025-07-10,44.14,11.1,Online,39.24,15.64,23.6,60.14
6904,7,41,1836,607,5,2024-12-22,171.78,3.6,Online,828.39,988.0,-159.61,-19.27
6905,9,25,4495,786,3,2024-12-13,68.61,8.6,Debit Card,188.16,74.01,114.15,60.67
6906,5,119,2076,1311,4,2024-12-17,159.48,11.0,Debit Card,567.58,282.88,284.7,50.16
6907,2,103,4945,906,1,2025-01-14,216.55,5.2,Cash,205.23,140.82,64.41,31.38
6908,9,52,833,14,1,2025-09-28,235.35,3.9,Credit Card,226.21,93.9,132.31,58.49
6909,5,20,4346,104,2,2025-11-06,52.27,7.2,Credit Card,97.04,128.98,-31.94,-32.91
6910,6,72,3820,178,1,2024-10-01,233.4,8.3,Credit Card,213.99,129.99,84.0,39.25
6911,9,2,3412,1341,1,2025-08-18,33.22,5.6,Credit Card,31.36,16.35,15.01,47.86
6912,4,56,4155,317,3,2025-02-23,216.69,5.9,Cash,611.55,311.49,300.06,49.07
6913,11,81,3442,1489,1,2025-01-10,226.0,33.3,Credit Card,150.73,84.58,66.15,43.89
6914,12,100,4707,159,1,2024-11-18,198.63,11.8,Online,175.21,247.94,-72.73,-41.51
6915,3,115,1294,1265,1,2025-05-04,144.13,6.8,Online,134.3,100.84,33.46,24.91
6916,4,34,1059,596,3,2025-09-06,179.65,7.0,Credit Card,501.26,381.27,119.99,23.94
6917,8,9,515,1162,2,2025-01-05,142.75,10.8,Debit Card,254.57,361.6,-107.03,-42.04
6918,12,108,1521,1268,1,2025-07-27,55.23,6.5,Credit Card,51.64,26.48,25.16,48.72
6919,7,41,2533,227,2,2025-05-20,30.95,6.0,Online,58.21,39.98,18.23,31.32
6920,7,95,327,1116,1,2024-10-12,192.84,7.2,Cash,178.97,96.21,82.76,46.24
6921,11,97,4953,1450,2,2025-03-11,283.48,24.9,Debit Card,426.0,303.78,122.22,28.69
6922,1,59,4702,502,2,2024-10-25,231.73,28.2,Online,332.54,331.64,0.9,0.27
6923,2,8,3677,130,1,2025-04-04,64.92,3.9,Debit Card,62.4,43.45,18.95,30.37
6924,3,21,3089,135,1,2025-10-05,47.73,11.1,Credit Card,42.43,31.26,11.17,26.33
6925,1,59,3221,758,2,2024-11-29,156.24,29.3,Credit Card,220.84,133.36,87.48,39.61
6926,9,111,2960,165,3,2025-07-28,232.36,11.0,Cash,620.59,277.26,343.33,55.32
6927,9,61,4857,206,5,2025-01-03,152.6,3.8,Online,734.14,273.3,460.84,62.77
6928,5,22,921,264,1,2025-02-09,113.08,7.9,Cash,104.13,57.19,46.94,45.08
6929,11,64,733,1236,1,2025-08-08,247.78,27.4,Online,179.88,88.42,91.46,50.85
6930,11,97,4487,634,2,2025-03-02,200.94,25.3,Debit Card,300.31,252.42,47.89,15.95
6931,4,1,2436,146,4,2024-11-25,275.21,7.9,Credit Card,1014.16,556.28,457.88,45.15
6932,3,88,1596,67,1,2025-11-24,189.94,3.4,Debit Card,183.53,72.64,110.89,60.42
6933,9,120,3839,145,4,2025-03-11,288.37,5.7,Credit Card,1087.3,489.4,597.9,54.99
6934,2,10,1597,167,2,2025-01-06,182.13,7.7,Credit Card,336.2,240.48,95.72,28.47
6935,8,85,198,698,4,2024-11-28,255.19,11.8,Online,900.03,678.76,221.27,24.58
6936,7,7,799,213,1,2025-03-14,220.27,7.7,Debit Card,203.4,106.14,97.26,47.82
6937,2,10,969,1494,1,2025-03-15,295.64,5.8,Debit Card,278.49,164.85,113.64,40.81
6938,12,102,1764,18,2,2025-06-11,32.46,8.0,Online,59.75,23.74,36.01,60.27
6939,3,14,4383,178,1,2025-07-28,121.14,3.4,Cash,116.97,47.64,69.33,59.27
6940,2,26,2011,43,1,2025-11-10,183.7,10.3,Debit Card,164.69,84.45,80.24,48.72
6941,11,64,2934,179,1,2024-12-15,274.13,27.4,Cash,199.0,166.49,32.51,16.34
6942,12,100,3544,217,1,2025-04-13,250.91,3.4,Debit Card,242.49,143.36,99.13,40.88
6943,3,14,3907,1174,5,2024-10-04,232.08,4.9,Cash,1103.99,497.6,606.39,54.93
6944,4,34,4857,213,2,2024-11-17,152.6,3.3,Debit Card,295.07,109.32,185.75,62.95
6945,5,113,1801,13,3,2025-02-13,59.05,11.1,Cash,157.47,98.61,58.86,37.38
6946,2,35,4469,1366,2,2025-11-20,135.98,3.2,Online,263.35,133.38,129.97,49.35
6947,12,100,301,73,1,2025-09-29,116.96,3.2,Online,113.22,57.79,55.43,48.96
6948,12,36,2839,822,4,2025-08-21,148.86,8.2,Credit Card,546.85,356.12,190.73,34.88
6949,12,36,562,101,4,2025-02-28,34.71,4.7,Cash,132.34,62.56,69.78,52.73
6950,12,108,703,1271,3,2024-11-08,130.44,11.3,Credit Card,347.0,188.1,158.9,45.79
6951,7,62,1491,114,2,2024-12-17,45.0,10.3,Cash,80.72,60.8,19.92,24.68
6952,12,60,190,1066,1,2025-07-02,67.57,4.9,Credit Card,64.24,44.93,19.31,30.06
6953,4,70,4108,208,2,2025-08-11,33.87,7.0,Credit Card,63.01,26.86,36.15,57.37
6954,11,64,2310,224,1,2024-11-26,54.89,29.5,Credit Card,38.7,19.38,19.32,49.92
6955,1,58,1056,388,1,2025-02-26,89.56,27.0,Debit Card,65.42,38.78,26.64,40.72
6956,4,42,3208,244,2,2025-02-16,243.36,7.3,Cash,451.33,213.38,237.95,52.72
6957,9,65,1955,169,1,2025-03-13,211.11,7.1,Debit Card,196.06,122.21,73.85,37.67
6958,5,20,2012,122,1,2025-07-24,293.51,11.4,Cash,259.99,158.13,101.86,39.18
6959,2,89,3606,134,1,2025-11-28,240.42,6.1,Cash,225.78,106.6,119.18,52.79
6960,12,60,814,611,1,2024-10-11,194.33,4.9,Debit Card,184.79,92.68,92.11,49.85
6961,6,96,2603,55,4,2024-12-28,138.18,5.9,Debit Card,520.14,300.2,219.94,42.28
6962,7,7,1219,281,5,2024-10-24,127.72,5.6,Credit Card,602.57,378.9,223.67,37.12
6963,2,8,4594,190,1,2025-08-27,152.87,10.3,Credit Card,137.05,63.77,73.28,53.47
6964,10,55,4051,177,2,2025-07-27,201.34,30.4,Cash,280.26,222.86,57.4,20.48
6965,2,73,1220,647,2,2025-05-26,287.22,6.9,Debit Card,534.55,378.46,156.09,29.2
6966,10,55,2380,252,5,2024-12-27,258.26,22.8,Debit Card,996.97,804.5,192.47,19.31
6967,3,88,3426,39,3,2024-10-17,44.84,8.3,Cash,123.32,85.35,37.97,30.79
6968,12,36,2011,1229,4,2024-11-29,183.7,4.1,Cash,704.51,337.8,366.71,52.05
6969,11,97,4809,1195,1,2024-11-06,243.37,28.2,Credit Card,174.76,158.69,16.07,9.2
6970,10,75,2297,213,1,2025-01-30,196.15,32.7,Cash,131.95,69.9,62.05,47.03
6971,4,34,1240,7,1,2025-09-26,148.76,9.2,Credit Card,135.13,83.97,51.16,37.86
6972,5,40,406,31,4,2025-02-23,174.82,7.6,Credit Card,645.84,411.04,234.8,36.36
6973,3,46,2533,246,5,2025-05-05,30.95,9.8,Debit Card,139.64,99.95,39.69,28.42
6974,4,42,1122,41,2,2025-08-04,264.68,7.3,Online,490.46,260.16,230.3,46.96
6975,7,19,373,222,1,2024-10-08,73.46,10.9,Credit Card,65.42,48.14,17.28,26.41
6976,6,77,1383,95,3,2025-04-10,245.92,6.3,Cash,691.43,292.8,398.63,57.65
6977,2,110,4242,908,3,2025-07-22,30.94,5.7,Cash,87.55,42.78,44.77,51.14
6978,12,60,4834,184,2,2025-09-01,204.83,5.0,Credit Card,389.19,191.2,197.99,50.87
6979,7,84,4486,190,1,2024-10-29,176.6,7.9,Credit Card,162.7,110.92,51.78,31.83
6980,2,114,3905,13,3,2025-08-25,78.69,5.6,Cash,222.81,115.74,107.07,48.05
6981,12,102,339,462,3,2025-10-26,115.17,9.5,Debit Card,312.77,157.32,155.45,49.7
6982,12,36,2706,821,2,2024-12-17,82.55,5.2,Cash,156.53,62.88,93.65,59.83
6983,12,100,4326,132,4,2025-11-13,171.58,7.6,Debit Card,633.93,365.2,268.73,42.39
6984,3,46,3505,351,1,2025-11-25,286.02,8.6,Online,261.48,202.36,59.12,22.61
6985,1,86,900,441,2,2025-04-29,124.35,33.9,Cash,164.37,114.1,50.27,30.58
6986,6,77,1118,389,3,2025-08-18,154.85,3.4,Online,448.85,311.46,137.39,30.61
6987,11,81,3700,595,2,2025-07-02,110.95,28.8,Debit Card,158.06,103.2,54.86,34.71
6988,10,101,1432,855,1,2025-04-12,200.69,28.1,Credit Card,144.22,111.39,32.83,22.76
6989,4,34,1483,775,1,2025-05-04,183.0,9.3,Credit Card,165.89,129.4,36.49,22.0
6990,9,65,4576,288,2,2025-12-08,100.94,11.9,Credit Card,177.86,80.72,97.14,54.62
6991,4,70,2443,1317,3,2024-11-25,297.98,5.6,Cash,843.6,431.4,412.2,48.86
6992,11,64,4925,842,1,2025-02-18,109.69,26.1,Debit Card,81.06,66.3,14.76,18.21
6993,10,39,735,1173,1,2025-09-22,114.09,24.7,Online,85.94,47.31,38.63,44.95
6994,6,78,3987,254,1,2025-06-14,82.75,3.7,Online,79.72,56.84,22.88,28.7
6995,8,85,1543,602,4,2025-02-20,119.79,6.2,Credit Card,449.3,207.2,242.1,53.88
6996,5,119,1981,1090,1,2025-10-26,134.44,4.8,Cash,127.96,67.24,60.72,47.45
6997,3,88,4932,270,1,2024-12-19,215.47,5.6,Online,203.49,145.87,57.62,28.32
6998,9,120,4563,1123,1,2024-10-07,264.94,6.0,Cash,249.03,106.78,142.25,57.12
6999,11,97,1739,676,2,2025-09-03,41.69,24.9,Debit Card,62.59,42.42,20.17,32.23
7000,3,21,2540,762,1,2025-05-08,299.19,3.3,Credit Card,289.31,117.41,171.9,59.42
7001,9,6,1982,1283,2,2025-04-09,10.55,5.7,Online,19.91,7.62,12.29,61.73
7002,2,103,4195,166,1,2025-11-02,183.55,8.3,Online,168.26,91.69,76.57,45.51
7003,11,81,708,298,3,2025-07-06,73.02,22.3,Credit Card,170.16,258.21,-88.05,-51.75
7004,8,116,850,137,1,2024-11-26,123.8,3.1,Credit Card,120.02,74.15,45.87,38.22
7005,12,18,2127,265,1,2025-07-06,225.26,3.9,Online,216.48,87.25,129.23,59.7
7006,6,49,2039,222,4,2025-07-07,262.29,8.6,Debit Card,958.83,570.32,388.51,40.52
7007,9,120,4499,229,4,2025-09-06,192.36,3.7,Cash,740.93,320.64,420.29,56.72
7008,5,20,2914,105,1,2025-09-07,97.53,3.1,Cash,94.46,34.56,59.9,63.41
7009,4,42,1785,377,1,2025-05-06,182.24,5.8,Cash,171.6,109.17,62.43,36.38
7010,2,103,479,887,5,2024-11-05,63.18,9.2,Online,286.73,203.7,83.03,28.96
7011,1,54,3410,135,4,2025-11-17,264.03,33.8,Credit Card,699.67,477.8,221.87,31.71
7012,4,70,464,62,1,2025-04-17,268.38,7.8,Cash,247.5,126.38,121.12,48.94
7013,8,112,1883,128,1,2024-11-25,27.05,7.3,Online,25.08,14.08,11.0,43.86
7014,10,16,4115,766,1,2024-12-20,127.6,24.3,Credit Card,96.57,54.87,41.7,43.18
7015,9,120,1780,32,1,2025-01-26,296.83,7.0,Cash,275.98,184.37,91.61,33.19
7016,1,59,2199,354,3,2025-02-16,297.15,28.5,Debit Card,637.12,516.96,120.16,18.86
7017,2,73,4842,960,4,2025-09-22,118.59,8.6,Debit Card,433.71,254.16,179.55,41.4
7018,12,93,4420,905,1,2025-08-07,296.42,4.3,Online,283.65,141.85,141.8,49.99
7019,12,102,975,1463,4,2024-10-25,189.94,11.4,Cash,672.84,426.52,246.32,36.61
7020,3,14,2905,870,1,2024-11-10,225.45,4.7,Credit Card,214.87,123.3,91.57,42.62
7021,8,94,1198,68,2,2025-07-31,270.37,4.6,Online,516.1,225.4,290.7,56.33
7022,11,81,590,174,2,2024-11-20,282.37,22.6,Debit Card,437.09,687.14,-250.05,-57.21
7023,9,2,396,109,2,2024-10-08,204.0,6.4,Debit Card,382.05,169.48,212.57,55.64
7024,3,115,121,189,4,2025-10-23,275.18,3.7,Debit Card,1059.66,435.48,624.18,58.9
7025,12,18,2676,411,1,2025-11-25,153.76,3.9,Online,147.79,65.99,81.8,55.35
7026,4,31,1302,145,1,2025-09-22,294.02,11.8,Credit Card,259.47,194.1,65.37,25.19
7027,8,30,1089,65,4,2025-04-24,174.13,4.1,Debit Card,668.16,255.64,412.52,61.74
7028,3,46,3869,643,2,2025-07-31,38.95,11.6,Credit Card,68.84,41.88,26.96,39.16
7029,11,44,2259,59,1,2024-10-14,125.25,23.3,Debit Card,96.08,82.66,13.42,13.97
7030,6,99,3542,1344,1,2025-02-28,51.33,5.0,Cash,48.78,18.97,29.81,61.11
7031,1,54,4838,356,2,2024-11-02,291.87,31.6,Debit Card,399.55,358.64,40.91,10.24
7032,12,60,2681,794,2,2025-01-23,115.68,5.1,Credit Card,219.61,140.52,79.09,36.01
7033,7,5,1389,973,1,2025-04-28,112.44,5.1,Credit Card,106.7,57.02,49.68,46.56
7034,5,119,3854,430,2,2025-01-30,206.36,8.8,Cash,376.27,146.64,229.63,61.03
7035,4,1,4673,606,2,2025-11-30,115.64,6.0,Online,217.34,107.12,110.22,50.71
7036,8,30,3714,872,2,2025-08-29,123.41,10.6,Debit Card,220.58,106.4,114.18,51.76
7037,8,94,3453,228,1,2025-01-18,78.61,7.7,Online,72.52,33.57,38.95,53.71
7038,7,104,837,2,1,2024-10-24,288.55,5.4,Debit Card,273.1,177.0,96.1,35.19
7039,1,86,2127,1401,1,2025-08-16,225.26,29.3,Credit Card,159.31,87.25,72.06,45.23
7040,10,55,4818,122,1,2025-10-11,99.66,23.5,Debit Card,76.25,51.5,24.75,32.46
7041,6,77,2172,75,5,2025-05-30,250.21,11.4,Cash,1107.98,818.85,289.13,26.1
7042,3,115,3628,1258,5,2025-05-26,255.98,7.6,Debit Card,1183.2,497.4,685.8,57.96
7043,8,30,710,271,3,2025-11-12,92.17,7.9,Online,254.73,198.75,55.98,21.98
7044,10,101,737,138,2,2025-12-06,67.56,27.9,Online,97.47,60.36,37.11,38.07
7045,3,14,3643,1296,1,2025-03-25,88.58,8.9,Credit Card,80.69,49.26,31.43,38.95
7046,11,44,2074,1067,2,2025-06-03,47.35,25.9,Credit Card,70.13,35.58,34.55,49.27
7047,8,80,1661,228,4,2025-05-22,263.33,9.4,Cash,954.01,523.32,430.69,45.15
7048,5,119,1018,1369,1,2025-10-08,55.68,4.1,Debit Card,53.4,23.42,29.98,56.14
7049,5,113,3995,47,1,2025-08-19,47.13,5.1,Credit Card,44.74,29.13,15.61,34.89
7050,8,116,2703,1313,2,2025-09-05,232.35,10.4,Credit Card,416.27,296.5,119.77,28.77
7051,3,53,1131,231,2,2025-02-08,248.55,11.7,Cash,438.93,189.48,249.45,56.83
7052,4,56,2337,231,4,2025-05-17,198.55,10.4,Credit Card,711.89,547.2,164.69,23.13
7053,1,118,2768,227,4,2025-01-31,226.99,27.8,Online,655.35,358.32,297.03,45.32
7054,9,65,4043,216,4,2025-10-29,118.18,3.7,Debit Card,455.46,263.76,191.7,42.09
7055,3,88,3779,269,1,2025-01-09,75.28,10.9,Credit Card,67.09,52.48,14.61,21.78
7056,8,30,4180,1486,1,2024-11-29,198.19,10.3,Cash,177.82,103.17,74.65,41.98
7057,1,58,2688,8,1,2025-05-22,164.33,23.3,Debit Card,126.05,64.13,61.92,49.12
7058,1,68,4248,251,2,2025-02-09,45.02,32.7,Online,60.59,35.22,25.37,41.87
7059,12,36,2710,142,1,2025-03-27,99.7,9.2,Debit Card,90.51,35.66,54.85,60.6
7060,6,99,1601,86,1,2025-01-09,158.74,4.4,Credit Card,151.71,76.83,74.88,49.36
7061,12,102,543,1276,5,2025-08-16,18.57,11.3,Debit Card,82.4,45.5,36.9,44.78
7062,11,44,2613,193,1,2025-01-13,50.41,28.8,Credit Card,35.91,18.39,17.52,48.79
7063,6,66,552,274,1,2025-11-21,207.02,9.5,Online,187.36,148.84,38.52,20.56
7064,7,41,1637,1292,2,2024-11-05,54.2,9.1,Debit Card,98.58,48.06,50.52,51.25
7065,1,82,3368,240,5,2025-06-02,275.56,28.5,Cash,985.68,1558.3,-572.62,-58.09
7066,3,46,3684,145,4,2024-11-26,257.66,4.4,Debit Card,985.64,669.28,316.36,32.1
7067,4,31,2349,49,3,2025-07-17,11.93,9.1,Credit Card,32.54,15.87,16.67,51.23
7068,9,6,3197,300,5,2024-12-26,106.26,6.5,Credit Card,496.57,202.75,293.82,59.17
7069,8,112,4564,1235,1,2025-12-03,98.34,6.0,Debit Card,92.42,40.54,51.88,56.14
7070,4,1,2673,41,1,2024-10-17,270.56,5.3,Debit Card,256.13,179.39,76.74,29.96
7071,10,39,576,223,1,2025-09-19,108.4,24.1,Cash,82.27,73.15,9.12,11.09
7072,7,19,3364,494,1,2024-12-04,230.51,9.6,Credit Card,208.27,95.97,112.3,53.92
7073,9,61,4353,51,3,2024-12-23,51.2,5.7,Cash,144.89,68.43,76.46,52.77
7074,10,101,894,40,5,2025-01-08,132.05,28.6,Credit Card,471.7,389.3,82.4,17.47
7075,10,67,4784,103,2,2025-03-04,47.74,33.8,Debit Card,63.2,67.84,-4.64,-7.34
7076,8,80,1642,66,4,2025-05-26,94.46,8.5,Cash,345.56,192.28,153.28,44.36
7077,12,108,840,189,2,2025-06-27,40.89,3.1,Credit Card,79.25,31.78,47.47,59.9
7078,12,93,492,206,2,2025-05-14,253.16,7.7,Credit Card,467.39,320.82,146.57,31.36
7079,5,40,1175,227,3,2025-09-11,28.39,3.9,Credit Card,81.82,58.77,23.05,28.17
7080,9,52,3316,246,1,2025-01-03,257.24,10.4,Debit Card,230.57,328.21,-97.64,-42.35
7081,5,92,4211,30,2,2025-09-29,141.7,9.0,Debit Card,257.78,166.84,90.94,35.28
7082,11,64,341,489,2,2025-06-15,287.43,23.4,Cash,440.07,301.24,138.83,31.55
7083,3,14,3777,702,2,2025-01-17,68.11,5.0,Credit Card,129.4,50.3,79.1,61.13
7084,6,49,148,69,2,2025-06-06,216.85,6.5,Credit Card,405.73,281.86,123.87,30.53
7085,12,100,1211,114,1,2025-03-05,124.62,11.1,Debit Card,110.84,75.73,35.11,31.68
7086,3,88,4198,141,1,2024-10-22,113.2,3.6,Cash,109.12,79.71,29.41,26.95
7087,2,103,1199,209,2,2025-08-06,256.72,11.3,Online,455.58,187.0,268.58,58.95
7088,7,62,3121,201,1,2025-06-21,126.17,3.7,Cash,121.54,56.45,65.09,53.55
7089,3,46,400,103,1,2025-05-31,124.17,3.3,Cash,120.03,46.79,73.24,61.02
7090,5,22,3352,37,1,2025-07-31,62.44,4.8,Credit Card,59.45,42.55,16.9,28.43
7091,9,27,3165,146,4,2025-04-05,143.86,4.3,Credit Card,550.6,319.24,231.36,42.02
7092,4,34,1292,838,1,2024-12-25,239.26,11.4,Cash,212.02,108.74,103.28,48.71
7093,9,51,3907,30,1,2025-10-10,232.08,5.2,Cash,220.01,99.52,120.49,54.77
7094,12,108,578,184,1,2025-06-14,254.27,10.4,Debit Card,227.76,141.97,85.79,37.67
7095,6,49,2726,97,4,2025-01-21,41.54,5.9,Credit Card,156.38,63.28,93.1,59.53
7096,3,88,3132,638,5,2025-04-02,262.69,4.3,Online,1256.54,721.75,534.79,42.56
7097,11,81,3935,166,2,2025-01-29,252.22,30.5,Credit Card,350.82,240.84,109.98,31.35
7098,12,108,733,199,1,2025-11-14,247.78,3.9,Online,238.17,88.42,149.75,62.88
7099,1,54,1492,1252,1,2025-10-26,76.08,26.6,Debit Card,55.81,36.63,19.18,34.37
7100,8,91,4804,334,4,2025-02-02,297.49,4.4,Cash,1137.09,1256.04,-118.95,-10.46
7101,10,90,349,972,3,2024-12-19,263.46,31.3,Debit Card,542.86,883.59,-340.73,-62.77
7102,4,31,1738,555,5,2025-02-18,6.01,5.1,Credit Card,28.51,10.95,17.56,61.59
7103,6,77,308,1381,1,2025-07-15,114.75,11.3,Credit Card,101.83,74.15,27.68,27.18
7104,2,11,4158,286,5,2025-10-22,265.29,5.0,Credit Card,1260.65,864.45,396.2,31.43
7105,12,36,163,125,1,2025-02-26,26.0,7.2,Cash,24.13,14.32,9.81,40.65
7106,4,34,2971,584,1,2025-11-19,178.38,3.2,Online,172.75,118.57,54.18,31.36
7107,8,30,257,961,1,2025-05-04,36.87,4.1,Credit Card,35.36,24.0,11.36,32.13
7108,2,32,2969,1403,2,2025-01-31,164.44,4.5,Debit Card,314.23,123.06,191.17,60.84
7109,6,107,2199,354,1,2024-12-10,297.15,10.4,Online,266.1,172.32,93.78,35.24
7110,2,45,4628,966,2,2025-01-22,139.15,8.6,Credit Card,254.33,99.22,155.11,60.99
7111,8,85,1291,632,1,2025-11-27,102.53,3.4,Debit Card,99.08,60.36,38.72,39.08
7112,3,53,601,826,3,2025-10-10,152.35,4.6,Online,435.91,260.43,175.48,40.26
7113,9,111,1351,299,2,2025-01-16,236.81,10.8,Credit Card,422.39,297.62,124.77,29.54
7114,6,49,388,146,5,2025-08-24,249.5,5.8,Cash,1175.65,884.0,291.65,24.81
7115,3,46,4281,44,3,2025-06-27,139.99,4.9,Cash,399.47,175.35,224.12,56.1
7116,11,64,902,660,2,2025-09-05,47.39,28.2,Credit Card,68.03,54.92,13.11,19.27
7117,2,73,2530,989,1,2025-08-12,270.38,6.6,Credit Card,252.62,157.25,95.37,37.75
7118,8,116,916,814,2,2024-12-05,276.28,7.4,Debit Card,511.92,240.44,271.48,53.03
7119,4,56,3698,20,3,2025-04-24,246.22,9.3,Credit Card,669.63,258.84,410.79,61.35
7120,8,80,4158,28,1,2025-05-15,265.29,11.2,Credit Card,235.65,172.89,62.76,26.63
7121,7,104,2082,52,5,2025-05-05,200.67,9.3,Online,910.17,671.3,238.87,26.24
7122,12,102,1142,974,3,2025-01-19,103.2,6.5,Debit Card,289.34,179.55,109.79,37.94
7123,2,26,3166,332,1,2025-02-23,299.16,11.7,Cash,264.22,211.09,53.13,20.11
7124,7,95,2331,295,1,2025-01-12,102.93,7.9,Cash,94.76,68.96,25.8,27.23
7125,4,42,4745,107,1,2025-02-13,178.91,11.1,Credit Card,159.01,113.03,45.98,28.92
7126,6,49,4995,39,3,2025-04-16,166.14,11.0,Debit Card,443.65,298.2,145.45,32.78
7127,8,57,3106,889,2,2025-07-11,163.86,7.6,Cash,302.82,197.74,105.08,34.7
7128,9,61,4151,986,4,2025-08-25,52.84,4.9,Debit Card,201.06,144.16,56.9,28.3
7129,12,100,1393,126,3,2024-10-25,242.53,6.3,Cash,681.41,424.14,257.27,37.76
7130,4,34,3873,978,1,2025-11-23,282.74,4.6,Debit Card,269.8,114.4,155.4,57.6
7131,3,14,560,157,3,2025-06-29,68.68,4.4,Cash,196.92,86.76,110.16,55.94
7132,2,114,173,936,4,2024-12-23,253.56,11.1,Credit Card,902.12,410.36,491.76,54.51
7133,4,31,451,35,1,2024-12-10,22.29,4.3,Credit Card,21.34,12.09,9.25,43.35
7134,2,28,2975,173,3,2025-07-01,193.77,11.8,Debit Card,512.87,228.87,284.0,55.37
7135,3,14,1030,812,1,2025-02-24,104.1,5.5,Cash,98.37,41.15,57.22,58.17
7136,1,98,1195,145,3,2025-06-15,237.71,32.8,Cash,478.93,281.22,197.71,41.28
7137,7,62,1869,21,4,2025-09-14,77.25,4.7,Online,294.57,108.84,185.73,63.05
7138,6,66,4833,76,1,2025-05-08,265.61,6.4,Credit Card,248.72,180.6,68.12,27.39
7139,1,82,2241,1386,1,2025-08-31,16.22,23.0,Debit Card,12.49,5.72,6.77,54.2
7140,9,25,4605,301,2,2025-04-01,8.96,11.2,Credit Card,15.91,6.72,9.19,57.76
7141,6,74,1206,89,5,2025-01-02,205.44,11.5,Cash,909.27,713.65,195.62,21.51
7142,5,92,2262,444,2,2025-04-14,94.26,3.5,Cash,181.96,71.42,110.54,60.75
7143,1,82,3762,370,4,2025-06-21,205.5,27.1,Cash,599.44,367.76,231.68,38.65
7144,10,101,3709,204,1,2025-04-29,134.43,25.9,Debit Card,99.62,89.93,9.69,9.73
7145,5,22,1186,501,2,2025-11-18,244.66,4.3,Online,468.25,225.9,242.35,51.76
7146,2,89,4533,56,1,2025-11-14,272.4,10.4,Online,244.1,148.3,95.8,39.25
7147,7,84,3009,161,3,2025-08-25,41.06,5.9,Cash,115.87,77.13,38.74,33.43
7148,11,64,2597,19,4,2025-01-15,294.03,32.6,Credit Card,792.4,477.8,314.6,39.7
7149,6,78,2839,1244,1,2025-02-01,148.86,10.2,Credit Card,133.7,89.03,44.67,33.41
7150,4,70,3980,1179,1,2025-08-14,78.72,7.9,Cash,72.48,35.35,37.13,51.23
7151,11,97,4718,102,1,2025-04-17,121.19,22.5,Debit Card,93.96,47.2,46.76,49.77
7152,3,46,4884,623,5,2025-11-21,135.47,3.7,Credit Card,652.63,336.35,316.28,48.46
7153,5,105,2555,940,1,2025-05-30,237.81,8.4,Online,217.72,162.48,55.24,25.37
7154,3,53,4435,204,2,2025-06-17,141.95,10.6,Cash,253.92,307.66,-53.74,-21.16
7155,9,51,4279,951,4,2025-10-27,33.29,7.6,Debit Card,122.97,58.24,64.73,52.64
7156,12,100,706,247,4,2025-10-06,42.42,10.9,Cash,151.27,82.36,68.91,45.55
7157,6,107,4552,892,4,2025-03-11,66.2,6.6,Credit Card,247.28,111.0,136.28,55.11
7158,10,33,4770,773,2,2024-12-13,71.43,24.2,Online,108.35,70.34,38.01,35.08
7159,2,103,1141,281,1,2024-11-05,202.11,11.0,Credit Card,179.85,88.66,91.19,50.7
7160,7,5,1064,254,2,2025-11-17,124.36,8.7,Credit Card,227.19,137.46,89.73,39.5
7161,8,30,1490,147,5,2025-05-23,174.24,11.1,Credit Card,774.61,470.65,303.96,39.24
7162,9,27,3639,206,4,2024-12-07,60.79,7.8,Credit Card,224.11,163.64,60.47,26.98
7163,4,42,2827,196,1,2025-07-18,138.68,3.9,Debit Card,133.23,75.37,57.86,43.43
7164,1,29,2504,52,5,2025-07-11,26.2,27.6,Cash,94.86,49.3,45.56,48.03
7165,8,116,2498,263,2,2024-10-22,277.2,8.8,Credit Card,505.68,270.78,234.9,46.45
7166,10,90,1767,291,2,2025-06-10,270.59,28.4,Cash,387.22,233.32,153.9,39.74
7167,1,54,1577,1408,4,2024-11-27,145.89,27.8,Online,421.16,318.32,102.84,24.42
7168,5,105,2973,142,2,2025-10-08,220.39,3.9,Debit Card,423.52,212.26,211.26,49.88
7169,2,69,1038,200,1,2024-11-20,19.17,12.0,Credit Card,16.87,12.03,4.84,28.69
7170,8,57,3663,276,5,2025-07-09,244.52,9.9,Debit Card,1101.51,486.05,615.46,55.87
7171,5,47,4787,1060,2,2025-02-11,40.72,7.2,Cash,75.57,35.3,40.27,53.29
7172,6,96,815,129,2,2024-10-24,259.91,9.0,Debit Card,472.86,217.38,255.48,54.03
7173,7,19,1783,118,2,2024-12-07,33.94,10.5,Online,60.75,42.82,17.93,29.51
7174,4,1,4016,266,1,2025-07-29,287.03,11.2,Online,254.92,164.78,90.14,35.36
7175,5,22,4399,65,1,2025-04-26,275.91,10.7,Cash,246.31,107.8,138.51,56.23
7176,9,111,1925,590,4,2025-10-26,17.94,7.9,Credit Card,66.09,43.8,22.29,33.73
7177,6,77,4427,1080,2,2024-11-06,47.28,11.2,Cash,83.97,61.22,22.75,27.09
7178,8,85,869,15,3,2025-08-20,198.56,10.1,Credit Card,535.5,330.99,204.51,38.19
7179,4,34,4439,98,1,2025-02-01,245.69,3.7,Credit Card,236.68,144.05,92.63,39.14
7180,11,12,2673,290,3,2025-11-11,270.56,29.2,Cash,574.87,538.17,36.7,6.38
7181,4,56,74,984,4,2025-03-09,142.51,9.6,Credit Card,515.34,329.88,185.46,35.99
7182,8,116,4475,246,1,2024-11-23,106.24,10.7,Debit Card,94.92,41.32,53.6,56.47
7183,11,81,762,854,4,2025-04-01,254.2,33.2,Credit Card,679.7,457.44,222.26,32.7
7184,3,46,2095,212,2,2024-12-24,51.19,9.9,Cash,92.27,52.42,39.85,43.19
7185,12,108,3782,194,1,2025-10-30,281.7,9.7,Credit Card,254.33,162.52,91.81,36.1
7186,11,44,3581,91,1,2025-09-01,137.36,29.8,Credit Card,96.49,56.01,40.48,41.95
7187,5,113,3916,76,5,2024-11-09,78.13,6.6,Online,364.72,244.35,120.37,33.0
7188,12,18,3974,736,1,2025-11-09,76.8,3.7,Debit Card,73.98,50.8,23.18,31.33
7189,3,88,3842,85,2,2025-06-04,101.0,11.8,Credit Card,178.12,82.68,95.44,53.58
7190,1,68,4857,204,2,2025-04-15,152.6,27.6,Cash,220.91,109.32,111.59,50.51
7191,12,100,4739,273,1,2025-07-30,20.8,4.3,Cash,19.9,11.06,8.84,44.42
7192,3,14,4249,133,1,2025-10-14,60.55,3.7,Debit Card,58.29,41.39,16.9,28.99
7193,6,107,2990,998,1,2025-10-18,169.15,7.6,Cash,156.31,110.02,46.29,29.61
7194,11,12,6,203,2,2025-10-09,90.24,29.3,Debit Card,127.64,221.28,-93.64,-73.36
7195,6,107,2016,189,1,2024-11-04,60.02,10.9,Cash,53.48,36.46,17.02,31.82
7196,7,7,2164,90,1,2025-12-05,254.89,4.8,Cash,242.62,126.18,116.44,47.99
7197,3,21,1221,110,4,2025-07-31,161.81,11.3,Online,574.4,360.24,214.16,37.28
7198,9,52,1612,146,1,2025-07-09,195.18,10.7,Online,174.26,109.69,64.57,37.05
7199,10,75,1621,175,2,2025-07-12,79.05,24.5,Debit Card,119.29,96.24,23.05,19.32
7200,9,37,2799,604,4,2024-10-15,99.8,8.2,Online,366.54,154.56,211.98,57.83
7201,2,26,2240,1489,3,2025-09-02,192.75,4.6,Online,551.42,282.57,268.85,48.76
7202,8,57,3938,254,4,2025-09-22,194.75,4.2,Credit Card,746.08,475.24,270.84,36.3
7203,11,44,4687,617,2,2025-02-13,232.09,22.7,Cash,358.93,192.16,166.77,46.46
7204,2,114,3769,122,1,2024-11-10,168.65,4.7,Debit Card,160.69,74.98,85.71,53.34
7205,2,23,4881,1342,1,2025-10-20,59.74,7.1,Credit Card,55.52,40.71,14.81,26.68
7206,6,96,3910,932,1,2025-11-20,68.18,3.5,Debit Card,65.81,42.68,23.13,35.15
7207,8,9,790,556,4,2024-10-03,161.37,7.2,Cash,598.78,452.12,146.66,24.49
7208,1,58,2790,157,4,2025-03-10,93.4,30.3,Online,260.46,233.64,26.82,10.3
7209,8,57,4142,41,1,2025-09-01,120.04,4.0,Debit Card,115.19,56.23,58.96,51.18
7210,8,116,198,1405,3,2024-10-28,255.19,3.8,Credit Card,736.85,509.07,227.78,30.91
7211,4,31,2529,676,1,2025-04-07,134.52,8.7,Debit Card,122.76,77.78,44.98,36.64
7212,6,96,1471,69,1,2025-05-23,158.05,3.6,Online,152.39,87.02,65.37,42.9
7213,2,23,4326,276,5,2025-08-10,171.58,8.2,Credit Card,787.21,456.5,330.71,42.01
7214,1,58,126,334,2,2024-10-24,223.56,31.1,Credit Card,308.08,167.28,140.8,45.7
7215,11,12,3844,222,1,2025-10-14,221.23,33.4,Credit Card,147.42,100.59,46.83,31.77
7216,7,5,3144,236,5,2025-01-08,218.86,5.1,Online,1038.84,597.7,441.14,42.46
7217,7,41,824,273,1,2025-09-19,244.77,4.3,Credit Card,234.31,137.01,97.3,41.53
7218,3,115,732,905,2,2025-08-26,110.7,11.6,Debit Card,195.62,131.26,64.36,32.9
7219,3,88,2987,936,5,2025-08-02,167.24,6.1,Online,784.89,469.65,315.24,40.16
7220,12,108,3028,1382,4,2025-11-14,82.38,5.9,Debit Card,310.02,181.56,128.46,41.44
7221,10,55,1395,86,3,2025-03-26,35.02,33.5,Cash,69.85,71.37,-1.52,-2.18
7222,12,108,1528,56,2,2025-04-18,99.19,9.8,Cash,178.96,102.62,76.34,42.66
7223,1,79,307,332,2,2025-05-12,163.63,32.5,Debit Card,220.84,165.74,55.1,24.95
7224,12,108,154,612,5,2025-06-13,79.36,4.8,Online,377.87,198.3,179.57,47.52
7225,1,59,4467,170,2,2025-06-25,174.09,33.0,Online,233.35,235.4,-2.05,-0.88
7226,2,13,4958,1455,4,2025-11-30,292.02,10.1,Credit Card,1049.6,792.76,256.84,24.47
7227,10,33,4246,1024,1,2025-10-20,245.11,31.1,Cash,168.84,161.23,7.61,4.51
7228,12,36,4659,247,2,2025-12-01,217.31,10.8,Cash,387.71,185.76,201.95,52.09
7229,3,21,4213,673,1,2024-11-16,13.84,3.8,Credit Card,13.31,7.91,5.4,40.57
7230,4,56,2772,227,5,2025-04-07,274.94,5.5,Credit Card,1298.77,679.3,619.47,47.7
7231,8,30,1550,100,1,2025-03-04,57.04,7.3,Debit Card,52.86,21.75,31.11,58.85
7232,5,22,4556,80,4,2025-09-03,79.39,7.3,Credit Card,294.48,372.32,-77.84,-26.43
7233,2,103,1,145,5,2025-08-16,98.97,7.4,Credit Card,458.33,537.0,-78.67,-17.16
7234,7,19,875,1188,2,2025-04-27,105.46,11.4,Credit Card,186.79,92.12,94.67,50.68
7235,8,91,23,188,3,2025-04-30,6.0,6.6,Debit Card,16.81,7.68,9.13,54.31
7236,3,46,4246,1221,2,2025-12-08,245.11,10.3,Credit Card,439.58,322.46,117.12,26.64
7237,6,74,3249,895,1,2025-03-27,171.19,7.3,Debit Card,158.71,72.24,86.47,54.48
7238,10,33,1469,321,2,2024-12-15,229.4,32.7,Credit Card,308.59,205.24,103.35,33.49
7239,8,57,2724,1193,3,2025-03-19,285.22,11.5,Debit Card,757.31,531.9,225.41,29.76
7240,10,117,4953,95,5,2025-03-20,283.48,22.0,Credit Card,1105.25,759.45,345.8,31.29
7241,6,107,2336,39,5,2025-01-25,73.01,5.7,Debit Card,344.23,134.75,209.48,60.85
7242,10,90,2967,752,5,2025-05-09,275.48,22.3,Online,1069.58,951.55,118.03,11.04
7243,6,72,723,1217,1,2025-01-17,134.15,7.0,Debit Card,124.73,70.88,53.85,43.17
7244,8,30,4343,192,4,2025-03-26,11.33,8.5,Credit Card,41.47,20.2,21.27,51.29
7245,12,93,4526,3,3,2025-09-01,143.67,3.6,Debit Card,415.48,460.26,-44.78,-10.78
7246,1,86,3765,799,1,2025-10-22,241.94,31.2,Cash,166.43,147.09,19.34,11.62
7247,2,83,1393,183,1,2025-06-25,242.53,7.9,Credit Card,223.37,141.38,81.99,36.71
7248,11,44,820,293,2,2024-10-09,185.2,32.0,Credit Card,251.85,261.44,-9.59,-3.81
7249,3,53,3506,105,2,2025-03-26,103.97,3.8,Cash,200.11,147.7,52.41,26.19
7250,7,62,4906,544,2,2025-10-13,21.02,10.8,Debit Card,37.52,53.68,-16.16,-43.07
7251,1,98,3186,266,2,2025-01-25,46.25,25.5,Credit Card,68.95,57.8,11.15,16.17
7252,4,31,3134,15,2,2024-11-15,74.59,5.7,Cash,140.73,61.0,79.73,56.65
7253,3,88,24,4,1,2024-12-02,284.3,8.2,Online,261.03,362.37,-101.34,-38.82
7254,8,57,390,219,5,2025-06-25,259.74,7.9,Cash,1196.24,646.45,549.79,45.96
7255,7,84,3155,82,1,2025-09-07,170.76,4.7,Debit Card,162.77,63.46,99.31,61.01
7256,1,68,2675,1217,2,2025-11-28,33.31,22.6,Cash,51.56,41.84,9.72,18.85
7257,11,44,2675,53,2,2025-01-13,33.31,22.2,Credit Card,51.81,41.84,9.97,19.24
7258,9,61,4172,649,5,2024-10-23,295.5,4.9,Credit Card,1405.12,928.4,476.72,33.93
7259,11,63,160,175,2,2025-09-02,149.43,22.9,Credit Card,230.4,157.2,73.2,31.77
7260,4,34,665,1305,2,2025-11-04,45.97,10.9,Credit Card,81.95,51.48,30.47,37.18
7261,7,7,64,67,4,2025-09-04,7.08,3.2,Debit Card,27.41,16.56,10.85,39.58
7262,12,36,736,834,5,2025-08-30,216.25,10.5,Debit Card,967.18,584.65,382.53,39.55
7263,6,99,516,1378,2,2025-05-14,169.82,10.8,Credit Card,303.01,227.9,75.11,24.79
7264,3,115,4226,1371,1,2025-05-08,16.07,9.5,Credit Card,14.55,10.88,3.67,25.22
7265,6,74,1431,129,4,2025-03-02,279.48,8.4,Cash,1023.74,653.12,370.62,36.2
7266,7,104,3156,149,1,2025-05-21,295.23,7.2,Debit Card,274.1,167.6,106.5,38.85
7267,11,12,3620,75,5,2025-03-19,161.01,27.6,Credit Card,582.51,560.6,21.91,3.76
7268,5,92,700,187,1,2025-01-24,179.85,10.3,Credit Card,161.4,72.01,89.39,55.38
7269,10,117,3509,547,5,2025-08-21,259.83,33.5,Debit Card,864.08,934.15,-70.07,-8.11
7270,4,42,17,6,1,2025-08-15,118.11,11.2,Credit Card,104.9,53.15,51.75,49.33
7271,11,44,1622,451,1,2025-10-21,71.84,22.5,Debit Card,55.69,25.74,29.95,53.78
7272,6,72,3911,9,1,2025-10-09,24.87,3.1,Debit Card,24.09,14.47,9.62,39.93
7273,10,15,251,503,2,2025-08-04,62.2,27.0,Cash,90.79,86.18,4.61,5.08
7274,8,80,4712,1022,2,2025-03-03,260.62,11.3,Credit Card,462.57,235.34,227.23,49.12
7275,7,62,4951,181,5,2024-11-01,168.36,10.8,Debit Card,750.82,883.95,-133.13,-17.73
7276,3,53,1486,204,5,2025-12-06,252.83,4.7,Online,1204.57,656.95,547.62,45.46
7277,2,35,4078,683,2,2025-10-26,53.2,11.6,Credit Card,94.09,69.1,24.99,26.56
7278,10,15,3833,928,4,2025-10-03,88.08,28.5,Online,251.98,231.64,20.34,8.07
7279,12,93,1902,1499,2,2025-10-16,67.44,8.9,Online,122.91,53.72,69.19,56.29
7280,5,105,3537,271,4,2025-02-25,12.2,5.3,Credit Card,46.21,23.36,22.85,49.45
7281,9,25,296,1064,5,2025-02-08,262.56,6.8,Online,1223.98,772.95,451.03,36.85
7282,11,44,4401,29,2,2025-09-24,288.3,29.6,Cash,406.12,296.38,109.74,27.02
7283,10,16,824,54,1,2025-06-06,244.77,26.9,Credit Card,179.01,137.01,42.0,23.46
7284,5,76,3409,1112,1,2025-08-21,60.89,8.2,Credit Card,55.89,37.77,18.12,32.42
7285,10,16,3850,190,2,2024-12-24,37.62,31.8,Cash,51.35,49.52,1.83,3.56
7286,11,44,4259,114,1,2025-02-09,252.77,24.0,Debit Card,192.18,160.52,31.66,16.47
7287,1,54,1418,203,1,2025-02-16,195.33,22.2,Cash,152.0,92.21,59.79,39.34
7288,12,102,4907,263,2,2024-10-21,217.45,4.1,Online,417.04,489.76,-72.72,-17.44
7289,9,25,4116,163,3,2025-03-20,98.72,5.9,Online,278.62,157.77,120.85,43.37
7290,12,93,720,99,2,2024-10-10,222.09,11.7,Debit Card,392.06,179.34,212.72,54.26
7291,2,103,1575,19,5,2025-09-28,214.11,9.5,Debit Card,968.89,716.55,252.34,26.04
7292,12,102,2098,803,5,2024-12-22,68.15,8.1,Debit Card,313.27,216.75,96.52,30.81
7293,2,89,3913,1212,1,2025-07-22,93.38,3.1,Debit Card,90.46,66.02,24.44,27.02
7294,6,66,1997,9,1,2025-03-02,129.93,10.8,Online,115.84,51.02,64.82,55.96
7295,11,97,4272,175,2,2025-01-21,48.45,30.9,Debit Card,66.94,122.12,-55.18,-82.43
7296,3,115,4513,1178,1,2025-01-01,172.7,3.9,Debit Card,165.95,93.35,72.6,43.75
7297,5,105,2851,11,4,2024-12-03,119.81,10.3,Credit Card,429.94,192.52,237.42,55.22
7298,5,113,1113,695,2,2025-02-12,155.61,5.4,Debit Card,294.55,182.8,111.75,37.94
7299,11,12,4324,122,4,2025-10-17,163.37,33.3,Cash,435.66,714.6,-278.94,-64.03
7300,3,14,887,820,2,2025-03-11,116.72,10.6,Cash,208.73,150.84,57.89,27.73
7301,12,108,4445,538,1,2025-08-08,113.89,6.9,Credit Card,106.03,66.62,39.41,37.17
7302,8,85,3237,1324,1,2024-12-07,165.8,3.7,Credit Card,159.63,206.87,-47.24,-29.59
7303,3,14,2506,154,1,2025-02-25,112.87,8.0,Credit Card,103.8,65.95,37.85,36.46
7304,6,107,2634,76,2,2025-10-11,230.21,8.0,Cash,423.67,175.68,247.99,58.53
7305,12,36,2364,248,4,2025-01-25,244.66,10.2,Credit Card,878.4,655.52,222.88,25.37
7306,10,90,1970,1455,1,2025-10-14,150.61,32.2,Debit Card,102.17,84.64,17.53,17.16
7307,5,76,2669,21,3,2025-11-03,96.31,9.3,Online,262.08,148.2,113.88,43.45
7308,11,81,4365,90,3,2025-05-08,191.97,31.0,Credit Card,397.44,298.44,99.0,24.91
7309,11,97,2195,1072,3,2024-11-15,242.86,23.3,Cash,559.15,495.99,63.16,11.3
7310,11,64,3351,559,2,2025-01-23,287.75,31.5,Cash,394.01,208.28,185.73,47.14
7311,7,62,3127,213,4,2025-09-09,54.11,5.2,Cash,205.17,112.68,92.49,45.08
7312,6,107,3594,247,5,2025-03-14,45.15,5.8,Online,212.6,127.4,85.2,40.08
7313,11,81,1208,128,1,2025-08-01,19.72,28.1,Cash,14.18,10.02,4.16,29.34
7314,9,27,1140,1388,1,2025-10-19,284.25,9.3,Cash,257.88,145.08,112.8,43.74
7315,11,64,2977,172,5,2025-02-15,268.11,25.6,Credit Card,998.02,855.3,142.72,14.3
7316,2,23,568,190,4,2025-07-24,91.56,3.6,Cash,352.91,179.52,173.39,49.13
7317,11,44,1645,235,5,2025-02-10,177.51,33.7,Cash,588.16,460.35,127.81,21.73
7318,11,12,3652,107,4,2025-03-31,64.73,32.4,Credit Card,175.13,140.28,34.85,19.9
7319,10,75,1156,99,3,2025-03-27,8.57,26.9,Online,18.79,14.94,3.85,20.49
7320,6,49,4239,302,1,2025-03-19,112.01,5.3,Online,106.03,57.01,49.02,46.23
7321,12,108,3743,825,1,2025-06-23,231.15,11.8,Debit Card,203.93,162.57,41.36,20.28
7322,10,38,4866,757,5,2025-01-24,26.76,24.5,Cash,101.08,83.1,17.98,17.79
7323,10,75,1740,283,1,2025-10-21,107.12,32.8,Credit Card,72.01,67.4,4.61,6.4
7324,5,20,2209,417,2,2025-09-03,235.74,6.0,Cash,443.0,246.44,196.56,44.37
7325,9,25,1458,282,2,2025-04-09,35.99,5.4,Cash,68.07,47.3,20.77,30.51
7326,2,114,2498,1125,3,2025-09-03,277.2,3.5,Debit Card,802.7,406.17,396.53,49.4
7327,12,100,4948,194,2,2025-11-10,206.86,4.9,Cash,393.6,226.92,166.68,42.35
7328,8,116,1016,62,1,2025-10-18,17.53,8.8,Online,15.99,10.72,5.27,32.96
7329,7,41,536,218,2,2025-07-11,21.4,5.8,Debit Card,40.32,18.32,22.0,54.56
7330,1,54,2190,1113,5,2025-12-09,248.46,27.0,Debit Card,907.2,1330.1,-422.9,-46.62
7331,3,115,3633,1203,1,2025-12-05,26.64,3.8,Debit Card,25.63,12.83,12.8,49.94
7332,4,31,1961,295,2,2025-02-09,8.26,10.8,Credit Card,14.74,10.92,3.82,25.92
7333,8,116,2848,32,3,2025-05-27,52.71,7.4,Cash,146.49,109.86,36.63,25.01
7334,2,69,187,668,2,2024-12-23,210.47,6.5,Credit Card,393.74,258.94,134.8,34.24
7335,8,57,3712,460,1,2025-01-10,296.47,4.7,Credit Card,282.42,159.78,122.64,43.42
7336,2,32,2022,226,1,2025-09-12,206.09,7.3,Cash,190.99,75.85,115.14,60.29
7337,12,100,504,82,1,2025-02-01,58.03,11.3,Debit Card,51.49,32.29,19.2,37.29
7338,3,53,2647,320,5,2025-10-20,255.29,6.5,Debit Card,1192.95,636.3,556.65,46.66
7339,8,85,733,242,1,2025-08-29,247.78,3.6,Debit Card,238.81,88.42,150.39,62.97
7340,11,81,2623,31,4,2024-10-23,284.68,33.1,Online,761.28,471.84,289.44,38.02
7341,9,51,2759,199,1,2025-11-24,269.39,5.1,Online,255.73,155.39,100.34,39.24
7342,12,18,4005,1317,3,2025-11-23,291.78,9.4,Online,793.01,614.79,178.22,22.47
7343,5,105,3461,206,5,2025-05-29,206.99,9.7,Cash,934.77,510.45,424.32,45.39
7344,4,56,2090,215,2,2024-12-10,194.49,10.3,Debit Card,349.1,152.38,196.72,56.35
7345,3,21,2285,279,4,2025-05-12,108.58,5.0,Debit Card,412.79,221.28,191.51,46.39
7346,3,14,2260,149,2,2025-07-23,118.3,4.4,Debit Card,226.23,166.92,59.31,26.22
7347,9,61,2760,37,5,2025-03-26,172.97,5.9,Cash,813.67,565.25,248.42,30.53
7348,4,34,600,304,2,2025-06-08,221.61,9.2,Credit Card,402.62,307.72,94.9,23.57
7349,2,103,1433,248,1,2025-04-07,101.94,11.5,Cash,90.18,62.28,27.9,30.94
7350,12,18,1326,550,1,2025-01-24,110.98,9.0,Online,100.94,69.35,31.59,31.3
7351,4,34,1819,239,2,2024-12-13,266.22,11.8,Cash,469.45,277.34,192.11,40.92
7352,3,46,96,124,1,2025-07-02,44.16,8.6,Online,40.36,25.8,14.56,36.08
7353,5,40,4525,193,1,2025-07-29,45.08,11.7,Cash,39.82,26.54,13.28,33.35
7354,4,42,2180,7,1,2025-08-20,78.78,9.5,Cash,71.28,97.64,-26.36,-36.98
7355,2,83,3484,78,1,2025-08-13,253.29,6.1,Debit Card,237.9,162.19,75.71,31.82
7356,11,12,2094,859,5,2025-08-22,114.54,25.7,Debit Card,425.46,380.5,44.96,10.57
7357,10,15,701,1296,2,2025-06-27,143.36,27.0,Credit Card,209.37,195.6,13.77,6.58
7358,1,3,4976,183,3,2025-09-25,102.21,32.9,Cash,205.83,170.91,34.92,16.97
7359,1,4,4648,1283,5,2025-07-14,223.94,22.7,Cash,865.35,517.15,348.2,40.24
7360,1,98,3874,407,3,2025-09-30,252.23,33.7,Debit Card,501.5,392.52,108.98,21.73
7361,3,53,2420,141,1,2025-08-04,187.29,10.7,Cash,167.2,94.96,72.24,43.21
7362,2,32,1946,300,1,2025-06-28,288.44,9.8,Credit Card,260.13,139.39,120.74,46.42
7363,4,1,395,925,5,2025-08-13,75.45,10.6,Online,337.43,137.9,199.53,59.13
7364,3,46,4245,858,1,2025-07-01,233.11,3.7,Debit Card,224.49,105.53,118.96,52.99
7365,7,7,1724,1156,1,2024-10-22,193.25,10.5,Credit Card,172.9,130.48,42.42,24.53
7366,8,112,1604,862,3,2025-10-08,209.88,5.0,Debit Card,598.38,291.9,306.48,51.22
7367,12,36,3714,587,3,2025-08-20,123.41,9.9,Debit Card,333.74,159.6,174.14,52.18
7368,11,12,3412,192,3,2025-07-04,33.22,22.5,Debit Card,77.2,49.05,28.15,36.46
7369,5,119,4060,90,1,2025-01-29,142.12,5.2,Debit Card,134.7,81.68,53.02,39.36
7370,6,107,4587,57,4,2024-10-11,284.06,10.1,Online,1021.75,440.76,580.99,56.86
7371,7,41,3269,939,5,2025-01-13,141.64,3.2,Online,685.34,346.25,339.09,49.48
7372,9,24,3722,801,1,2025-04-03,200.08,11.9,Cash,176.25,224.17,-47.92,-27.19
7373,1,82,2121,1184,1,2025-06-13,238.06,29.2,Debit Card,168.47,295.43,-126.96,-75.36
7374,2,28,1823,36,5,2025-06-27,184.56,6.8,Debit Card,859.93,1059.0,-199.07,-23.15
7375,1,58,4195,406,5,2024-10-12,183.55,27.7,Credit Card,663.4,458.45,204.95,30.89
7376,9,6,4743,662,3,2024-12-22,133.16,11.0,Online,355.69,160.62,195.07,54.84
7377,2,11,2396,207,5,2025-10-31,215.1,5.6,Cash,1015.79,424.35,591.44,58.22
7378,2,103,2663,266,3,2025-06-21,161.74,5.3,Debit Card,459.69,299.31,160.38,34.89
7379,5,105,2418,249,3,2025-02-07,16.77,9.6,Debit Card,45.49,21.12,24.37,53.57
7380,9,120,4365,218,3,2025-09-18,191.97,6.9,Cash,536.16,298.44,237.72,44.34
7381,3,53,748,146,4,2025-10-19,205.91,7.5,Credit Card,762.12,573.08,189.04,24.8
7382,10,33,760,1468,5,2025-07-11,108.96,29.0,Credit Card,387.06,191.1,195.96,50.63
7383,8,112,4760,1151,2,2025-04-21,7.11,10.2,Cash,12.76,7.14,5.62,44.04
7384,10,67,4320,860,1,2024-12-29,81.65,26.5,Debit Card,60.05,41.9,18.15,30.22
7385,1,98,3158,1026,4,2025-09-17,83.07,30.9,Cash,229.51,197.48,32.03,13.96
7386,12,18,3052,1013,5,2025-07-31,263.18,7.2,Credit Card,1220.94,574.05,646.89,52.98
7387,10,67,3944,38,2,2025-02-27,279.03,31.3,Online,383.55,664.36,-280.81,-73.21
7388,2,69,3232,288,4,2025-11-01,230.99,5.3,Credit Card,875.37,439.32,436.05,49.81
7389,8,91,88,236,3,2025-05-17,92.6,10.1,Cash,249.66,159.6,90.06,36.07
7390,1,82,3429,100,1,2025-04-14,85.57,30.5,Cash,59.44,36.51,22.93,38.58
7391,9,27,1672,131,4,2025-02-10,91.72,8.5,Cash,335.57,238.76,96.81,28.85
7392,4,31,4527,71,1,2025-06-21,48.46,6.0,Online,45.54,33.45,12.09,26.55
7393,3,53,4844,237,1,2024-11-09,22.41,8.4,Online,20.53,9.58,10.95,53.34
7394,3,115,1922,129,4,2024-10-27,276.95,6.2,Cash,1038.83,543.2,495.63,47.71
7395,1,68,4929,107,1,2025-05-21,225.15,22.4,Online,174.69,158.12,16.57,9.49
7396,8,91,1653,275,5,2025-09-05,37.01,6.2,Online,173.56,85.7,87.86,50.62
7397,4,34,2836,107,1,2025-04-02,86.11,11.3,Debit Card,76.35,47.27,29.08,38.09
7398,1,54,2547,295,1,2024-12-25,51.02,22.1,Credit Card,39.76,32.13,7.63,19.19
7399,11,97,4461,78,1,2025-06-10,170.9,30.1,Credit Card,119.49,92.38,27.11,22.69
7400,5,105,2657,617,4,2025-05-27,205.72,10.0,Cash,740.43,354.52,385.91,52.12
7401,10,39,3414,152,5,2025-01-04,126.68,23.4,Credit Card,485.14,255.15,229.99,47.41
7402,8,91,3231,791,3,2025-11-07,35.73,8.0,Debit Card,98.59,53.34,45.25,45.9
7403,8,91,4323,890,1,2025-07-23,133.58,5.7,Debit Card,125.96,85.57,40.39,32.07
7404,10,101,778,1458,2,2025-03-13,286.59,22.6,Cash,443.42,292.5,150.92,34.04
7405,12,102,3414,9,3,2024-12-03,126.68,7.9,Credit Card,349.99,153.09,196.9,56.26
7406,3,14,3537,930,3,2025-11-18,12.2,9.5,Online,33.13,17.52,15.61,47.12
7407,12,60,4667,241,3,2025-05-17,95.59,10.7,Online,256.06,143.28,112.78,44.04
7408,4,56,2411,62,2,2025-09-14,284.42,12.0,Credit Card,500.69,254.88,245.81,49.09
7409,12,102,4326,774,5,2025-01-10,171.58,5.9,Credit Card,807.39,456.5,350.89,43.46
7410,10,33,1159,33,2,2025-10-12,123.62,22.6,Debit Card,191.28,105.8,85.48,44.69
7411,4,70,4389,1104,2,2025-02-09,119.29,11.9,Cash,210.14,162.84,47.3,22.51
7412,3,88,2934,398,3,2025-10-13,274.13,6.8,Credit Card,766.63,499.47,267.16,34.85
7413,6,49,3075,95,3,2024-10-28,225.83,7.9,Debit Card,623.84,427.14,196.7,31.53
7414,3,115,2855,543,3,2025-06-13,290.43,9.3,Debit Card,790.5,476.22,314.28,39.76
7415,6,49,906,84,1,2025-02-18,87.01,10.3,Cash,78.05,51.15,26.9,34.47
7416,5,20,4005,283,1,2025-07-03,291.78,7.9,Credit Card,268.59,204.93,63.66,23.7
7417,11,12,3863,3,1,2025-11-26,161.74,22.2,Cash,125.85,68.64,57.21,45.46
7418,2,43,4898,1312,4,2025-03-01,247.7,4.0,Cash,951.03,692.4,258.63,27.19
7419,8,30,772,32,1,2025-03-11,56.45,10.0,Cash,50.82,33.74,17.08,33.61
7420,11,44,1952,750,1,2025-02-16,134.4,30.3,Online,93.62,86.48,7.14,7.63
7421,7,19,3242,616,1,2025-04-13,63.88,4.7,Credit Card,60.87,43.55,17.32,28.45
7422,7,5,4498,455,5,2025-09-24,22.2,4.9,Cash,105.61,73.45,32.16,30.45
7423,6,77,820,20,2,2024-11-23,185.2,3.3,Credit Card,358.12,261.44,96.68,27.0
7424,9,52,4225,467,2,2024-11-10,23.11,10.7,Cash,41.3,30.5,10.8,26.15
7425,4,56,4183,339,2,2025-08-18,13.52,10.3,Credit Card,24.25,15.92,8.33,34.35
7426,5,76,2509,398,2,2025-08-11,23.74,5.4,Credit Card,44.9,24.78,20.12,44.81
7427,9,65,900,270,5,2025-04-20,124.35,10.1,Credit Card,559.03,285.25,273.78,48.97
7428,3,21,4326,166,2,2025-05-09,171.58,6.4,Debit Card,321.29,182.6,138.69,43.17
7429,3,14,2734,118,5,2025-01-18,138.8,3.8,Debit Card,667.87,267.25,400.62,59.98
7430,12,36,1090,229,1,2025-08-20,39.62,7.6,Debit Card,36.6,19.04,17.56,47.98
7431,12,100,1970,193,2,2024-10-13,150.61,5.4,Online,284.87,169.28,115.59,40.58
7432,8,94,1360,564,4,2025-11-13,284.05,3.9,Online,1091.67,580.2,511.47,46.85
7433,10,90,4457,136,2,2025-05-11,194.12,33.8,Cash,257.17,246.02,11.15,4.34
7434,6,96,2302,876,2,2025-07-12,298.3,5.4,Cash,564.44,310.8,253.64,44.94
7435,2,32,2754,1440,5,2025-04-16,99.4,8.0,Credit Card,457.12,221.55,235.57,51.53
7436,3,14,292,596,4,2025-05-24,247.33,8.5,Debit Card,905.48,607.44,298.04,32.92
7437,8,57,3911,257,1,2025-07-28,24.87,4.3,Online,23.79,14.47,9.32,39.18
7438,5,113,1423,86,3,2025-04-17,219.25,10.0,Credit Card,591.86,446.07,145.79,24.63
7439,2,23,3173,1447,1,2025-08-07,49.14,11.4,Cash,43.53,18.42,25.11,57.68
7440,3,88,2377,137,3,2025-08-12,259.67,5.1,Credit Card,739.48,428.61,310.87,42.04
7441,11,64,1536,285,3,2025-04-27,59.05,28.7,Credit Card,126.28,118.71,7.57,5.99
7442,2,114,1752,222,3,2025-05-10,159.23,10.5,Credit Card,427.49,246.3,181.19,42.38
7443,5,22,2030,100,4,2025-08-14,38.05,9.6,Credit Card,137.55,97.88,39.67,28.84
7444,5,105,2544,843,1,2025-05-10,249.19,5.5,Cash,235.38,140.81,94.57,40.18
7445,9,24,4107,59,1,2025-02-22,60.86,7.6,Cash,56.22,24.48,31.74,56.46
7446,6,66,168,215,1,2025-01-04,45.04,9.5,Debit Card,40.78,22.61,18.17,44.56
7447,2,103,2438,106,2,2025-06-15,37.93,5.0,Credit Card,72.1,48.76,23.34,32.37
7448,11,81,3563,275,2,2025-04-08,272.79,29.8,Debit Card,382.75,609.42,-226.67,-59.22
7449,1,86,4786,1083,1,2025-07-30,269.4,30.5,Debit Card,187.32,184.96,2.36,1.26
7450,7,7,3784,1173,2,2024-10-23,168.07,7.0,Debit Card,312.65,150.3,162.35,51.93
7451,7,62,1488,266,1,2024-11-07,142.02,3.6,Cash,136.93,102.13,34.8,25.41
7452,10,117,2993,121,1,2025-04-10,231.47,23.0,Cash,178.22,156.11,22.11,12.41
7453,6,77,3093,192,1,2025-09-08,244.27,10.8,Cash,217.92,161.02,56.9,26.11
7454,12,93,879,567,2,2024-10-10,254.97,6.1,Credit Card,479.02,308.8,170.22,35.54
7455,2,89,347,144,4,2025-03-05,115.92,5.8,Cash,436.67,289.52,147.15,33.7
7456,8,91,4387,77,2,2025-10-22,175.47,3.5,Debit Card,338.82,206.68,132.14,39.0
7457,4,1,1660,140,5,2025-01-02,298.26,4.3,Debit Card,1427.1,1069.45,357.65,25.06
7458,11,44,3713,61,4,2025-11-24,44.17,29.9,Credit Card,123.94,89.08,34.86,28.13
7459,7,95,3472,139,2,2024-11-06,192.46,8.0,Debit Card,354.15,150.58,203.57,57.48
7460,8,80,1567,22,1,2025-01-15,36.36,6.4,Online,34.04,19.39,14.65,43.04
7461,7,104,3814,32,2,2025-10-07,264.67,7.2,Credit Card,491.4,213.2,278.2,56.61
7462,12,93,3210,1076,5,2025-09-02,179.13,9.8,Cash,807.63,602.05,205.58,25.45
7463,3,14,4913,90,1,2025-09-03,96.45,12.0,Credit Card,84.89,34.41,50.48,59.47
7464,8,116,2551,1032,1,2025-09-08,13.75,11.4,Cash,12.18,8.8,3.38,27.75
7465,4,70,2858,1488,3,2025-01-25,246.65,4.5,Debit Card,706.89,275.91,430.98,60.97
7466,8,116,2782,196,2,2025-08-19,197.78,9.1,Debit Card,359.58,166.9,192.68,53.58
7467,5,105,1958,224,2,2025-07-23,192.8,6.7,Online,359.77,231.86,127.91,35.55
7468,9,6,1321,143,3,2025-05-26,133.2,3.7,Online,384.98,190.11,194.87,50.62
7469,3,115,2859,60,1,2024-11-11,43.49,8.0,Online,40.0,24.18,15.82,39.55
7470,2,103,4460,411,3,2024-12-01,253.12,5.9,Debit Card,714.18,418.62,295.56,41.38
7471,4,56,2258,1045,1,2025-05-25,189.89,8.0,Cash,174.72,78.24,96.48,55.22
7472,2,45,779,509,1,2025-12-04,227.35,7.2,Debit Card,210.97,111.27,99.7,47.26
7473,11,63,2992,55,1,2025-06-07,26.03,32.3,Debit Card,17.63,11.39,6.24,35.39
7474,11,81,2690,321,1,2025-04-25,147.47,32.0,Credit Card,100.35,54.11,46.24,46.08
7475,12,36,4188,418,1,2025-03-29,22.17,10.4,Online,19.87,8.96,10.91,54.91
7476,2,110,3540,570,2,2024-11-29,76.77,10.9,Debit Card,136.77,95.12,41.65,30.45
7477,1,48,3215,35,1,2024-12-04,231.0,25.6,Credit Card,171.96,102.26,69.7,40.53
7478,8,94,2261,595,3,2025-06-05,18.47,8.6,Credit Card,50.65,20.22,30.43,60.08
7479,1,86,2562,314,4,2025-12-08,220.48,22.2,Debit Card,686.43,361.48,324.95,47.34
7480,8,91,2739,1105,1,2025-01-23,150.5,10.1,Credit Card,135.28,98.86,36.42,26.92
7481,9,37,1912,83,5,2024-10-24,72.02,6.0,Debit Card,338.62,224.25,114.37,33.78
7482,6,78,4848,32,1,2025-05-16,119.34,4.2,Cash,114.27,59.02,55.25,48.35
7483,7,41,4684,939,2,2025-10-07,81.94,8.6,Credit Card,149.8,74.58,75.22,50.21
7484,6,96,3064,52,1,2025-04-14,38.83,3.6,Cash,37.43,17.48,19.95,53.3
7485,1,50,4029,191,1,2025-04-15,143.7,30.0,Cash,100.64,79.64,21.0,20.87
7486,1,48,2834,1107,4,2025-05-31,132.75,30.5,Cash,368.9,216.08,152.82,41.43
7487,12,108,2165,140,4,2025-01-18,242.75,9.5,Debit Card,879.02,524.28,354.74,40.36
7488,1,54,365,221,2,2025-06-19,95.39,33.2,Credit Card,127.36,83.92,43.44,34.11
7489,3,21,707,343,5,2024-11-20,34.75,4.5,Cash,165.91,121.85,44.06,26.56
7490,7,62,3363,418,3,2024-10-02,244.42,4.9,Credit Card,697.54,475.32,222.22,31.86
7491,11,63,94,298,2,2025-04-06,252.06,23.0,Debit Card,388.05,277.46,110.59,28.5
7492,8,94,2883,31,2,2025-07-07,106.9,5.5,Credit Card,202.1,108.48,93.62,46.32
7493,12,100,1170,836,1,2025-07-15,43.69,11.5,Online,38.66,24.49,14.17,36.65
7494,1,58,483,885,2,2025-08-06,178.7,33.5,Cash,237.6,192.46,45.14,19.0
7495,6,107,1034,53,3,2025-05-01,150.36,8.8,Debit Card,411.59,239.73,171.86,41.76
7496,12,93,43,719,1,2024-11-29,65.37,10.2,Debit Card,58.72,31.13,27.59,46.99
7497,8,85,2664,252,4,2025-12-01,263.24,8.0,Credit Card,969.25,427.24,542.01,55.92
7498,12,36,4936,7,1,2025-02-09,118.92,3.1,Debit Card,115.26,60.05,55.21,47.9
7499,5,20,1909,583,5,2025-03-31,62.21,11.4,Credit Card,275.69,340.0,-64.31,-23.33
7500,11,44,4892,231,2,2025-05-26,282.93,22.2,Credit Card,440.04,204.18,235.86,53.6
7501,2,43,1593,64,1,2025-09-18,216.88,11.7,Cash,191.51,126.93,64.58,33.72
7502,4,70,225,88,4,2024-11-08,269.53,5.2,Cash,1022.43,544.52,477.91,46.74
7503,4,42,4305,774,1,2024-10-02,27.53,6.9,Credit Card,25.64,16.91,8.73,34.05
7504,4,42,141,1336,1,2024-12-16,230.36,6.2,Credit Card,216.1,122.38,93.72,43.37
7505,8,30,1511,82,2,2025-10-15,287.82,10.0,Debit Card,518.35,353.24,165.11,31.85
7506,6,72,366,202,2,2024-12-05,84.21,7.4,Credit Card,155.98,108.52,47.46,30.43
7507,9,6,4533,160,3,2025-06-24,272.4,5.8,Debit Card,769.66,444.9,324.76,42.2
7508,10,38,1103,294,1,2024-10-19,13.51,27.3,Cash,9.82,8.81,1.01,10.29
7509,1,58,4901,98,2,2024-12-01,181.96,26.9,Credit Card,266.14,171.24,94.9,35.66
7510,1,79,267,290,4,2025-09-04,37.02,22.1,Credit Card,115.29,83.88,31.41,27.24
7511,2,103,204,994,1,2025-12-07,209.48,7.8,Cash,193.23,112.25,80.98,41.91
7512,5,119,400,424,3,2025-04-04,124.17,3.6,Credit Card,358.96,140.37,218.59,60.9
7513,11,44,897,98,4,2025-04-04,113.28,31.0,Credit Card,312.5,188.76,123.74,39.6
7514,6,96,4502,747,1,2025-09-22,212.6,9.5,Credit Card,192.3,141.97,50.33,26.17
7515,11,44,186,231,1,2025-02-18,253.91,22.2,Cash,197.54,111.87,85.67,43.37
7516,3,115,688,57,3,2024-11-29,190.29,8.6,Cash,521.87,204.54,317.33,60.81
7517,1,29,4655,164,3,2024-11-06,282.77,31.7,Cash,579.0,585.15,-6.15,-1.06
7518,7,5,1846,121,3,2025-10-10,33.82,10.5,Debit Card,90.79,45.75,45.04,49.61
7519,1,68,1683,1031,2,2025-01-27,117.27,25.8,Debit Card,174.0,96.68,77.32,44.44
7520,7,7,4215,114,1,2025-01-28,237.07,4.1,Cash,227.39,143.34,84.05,36.96
7521,9,2,3392,256,4,2025-03-11,263.44,4.9,Cash,1002.14,589.28,412.86,41.2
7522,1,50,578,457,3,2025-01-22,254.27,24.3,Credit Card,577.52,425.91,151.61,26.25
7523,8,94,3477,29,4,2025-05-21,98.03,11.2,Debit Card,348.12,274.28,73.84,21.21
7524,10,117,1962,71,2,2025-02-15,182.41,28.0,Credit Card,262.8,185.88,76.92,29.27
7525,9,2,3543,862,2,2025-03-18,108.26,6.6,Credit Card,202.24,257.82,-55.58,-27.48
7526,8,30,4874,172,2,2025-06-05,210.93,10.9,Online,376.07,283.24,92.83,24.68
7527,1,59,1108,607,1,2025-04-24,263.23,22.3,Credit Card,204.5,185.29,19.21,9.39
7528,4,42,780,778,2,2024-10-15,130.8,6.5,Credit Card,244.51,160.02,84.49,34.55
7529,10,87,351,429,1,2024-10-01,262.17,24.0,Debit Card,199.33,128.92,70.41,35.32
7530,4,34,2089,291,4,2024-11-30,165.99,3.4,Credit Card,641.65,239.52,402.13,62.67
7531,12,93,2616,248,1,2025-12-01,155.74,5.8,Credit Card,146.69,59.05,87.64,59.75
7532,1,29,206,197,1,2025-09-25,197.89,33.2,Online,132.22,120.91,11.31,8.55
7533,7,41,37,75,1,2025-08-18,87.09,9.0,Debit Card,79.29,59.25,20.04,25.27
7534,7,7,3738,1419,1,2025-06-04,68.85,7.0,Credit Card,64.02,38.8,25.22,39.39
7535,10,55,3791,426,1,2025-09-18,108.58,32.9,Credit Card,72.81,61.98,10.83,14.87
7536,9,27,448,98,4,2024-12-09,272.84,6.0,Credit Card,1026.0,568.12,457.88,44.63
7537,8,112,1281,1010,5,2025-09-15,93.2,11.3,Online,413.57,310.2,103.37,24.99
7538,3,46,2647,968,5,2025-07-09,255.29,3.9,Debit Card,1227.22,636.3,590.92,48.15
7539,11,12,3587,759,1,2024-12-24,200.67,24.6,Debit Card,151.23,117.73,33.5,22.15
7540,2,28,3094,58,1,2025-01-28,222.3,11.2,Credit Card,197.39,79.3,118.09,59.83
7541,10,71,2617,9,1,2025-02-03,218.73,23.6,Debit Card,167.03,99.77,67.26,40.27
7542,12,18,588,625,1,2025-05-04,210.39,3.7,Debit Card,202.65,90.03,112.62,55.57
7543,3,46,1709,103,1,2025-10-29,59.42,10.7,Online,53.05,37.52,15.53,29.27
7544,8,116,2208,1023,2,2024-12-06,60.6,5.1,Credit Card,115.01,50.0,65.01,56.53
7545,6,49,4870,519,1,2025-07-02,250.29,7.6,Credit Card,231.23,94.43,136.8,59.16
7546,11,12,1401,188,4,2025-03-03,230.08,28.2,Credit Card,661.17,552.12,109.05,16.49
7547,3,53,38,244,3,2025-05-22,128.86,6.7,Online,360.53,261.87,98.66,27.37
7548,2,73,4391,252,5,2025-10-11,186.99,11.5,Credit Card,827.23,399.0,428.23,51.77
7549,1,58,3445,190,3,2025-12-01,148.07,30.1,Credit Card,310.32,241.89,68.43,22.05
7550,8,30,1556,90,2,2025-11-19,97.69,5.3,Online,185.1,132.58,52.52,28.37
7551,3,53,4616,1484,5,2025-11-10,49.04,6.0,Cash,230.48,145.1,85.38,37.04
7552,3,115,1307,748,3,2025-07-24,85.63,9.0,Cash,233.82,163.29,70.53,30.16
7553,5,113,603,79,2,2025-01-28,127.57,9.9,Credit Card,229.93,126.8,103.13,44.85
7554,12,36,4692,18,1,2025-08-23,194.61,7.9,Credit Card,179.31,116.26,63.05,35.16
7555,5,92,4202,173,2,2025-10-20,291.05,8.4,Credit Card,533.42,316.7,216.72,40.63
7556,9,61,714,278,1,2025-04-11,11.08,7.2,Credit Card,10.28,6.88,3.4,33.07
7557,5,113,3061,1314,2,2024-11-26,283.86,5.7,Credit Card,535.62,219.82,315.8,58.96
7558,7,95,577,67,1,2025-03-10,205.3,8.2,Debit Card,188.38,108.46,79.92,42.42
7559,7,62,2923,221,1,2025-12-02,42.61,5.9,Credit Card,40.09,20.69,19.4,48.39
7560,7,5,3148,90,5,2024-11-17,16.32,7.0,Cash,75.92,37.6,38.32,50.47
7561,5,22,2442,35,1,2025-02-06,83.55,11.1,Online,74.31,46.55,27.76,37.36
7562,3,21,2641,305,3,2025-01-02,28.53,11.3,Online,75.96,59.79,16.17,21.29
7563,11,12,4550,52,5,2025-09-23,235.6,25.2,Credit Card,881.3,674.45,206.85,23.47
7564,7,41,1151,661,2,2024-10-17,55.42,6.7,Cash,103.38,59.24,44.14,42.7
7565,8,85,3470,277,1,2024-12-22,223.12,10.7,Credit Card,199.2,149.51,49.69,24.94
7566,4,34,830,117,1,2025-12-03,160.26,11.4,Debit Card,141.92,87.08,54.84,38.64
7567,6,99,4306,884,4,2025-08-27,88.64,12.0,Online,312.03,128.92,183.11,58.68
7568,12,100,1114,599,4,2024-11-14,210.55,6.7,Cash,785.99,495.32,290.67,36.98
7569,5,22,3400,379,4,2025-06-11,203.61,6.7,Online,759.51,495.92,263.59,34.71
7570,10,90,2904,107,3,2025-01-06,155.8,24.7,Cash,352.11,228.6,123.51,35.08
7571,2,89,3342,620,3,2025-09-17,147.68,4.5,Online,423.32,176.61,246.71,58.28
7572,12,102,2664,271,2,2025-03-29,263.24,9.3,Credit Card,477.61,213.62,263.99,55.27
7573,1,17,384,268,1,2025-04-25,250.39,33.9,Cash,165.56,124.69,40.87,24.69
7574,12,60,961,60,2,2025-10-16,121.08,10.4,Online,216.95,167.42,49.53,22.83
7575,6,107,3807,68,2,2025-10-24,121.77,3.1,Debit Card,236.09,161.16,74.93,31.74
7576,10,16,3677,17,1,2024-10-27,64.92,27.8,Online,46.84,43.45,3.39,7.24
7577,6,107,2316,123,1,2025-01-11,227.53,8.3,Credit Card,208.71,244.47,-35.76,-17.13
7578,7,104,2245,247,2,2025-03-20,129.36,3.1,Cash,250.74,182.14,68.6,27.36
7579,5,119,2047,180,4,2025-09-03,286.13,9.0,Online,1041.55,644.04,397.51,38.17
7580,1,17,1293,639,4,2025-05-16,136.53,32.6,Online,367.95,250.88,117.07,31.82
7581,11,63,3770,204,1,2025-01-16,187.45,26.6,Debit Card,137.64,86.21,51.43,37.37
7582,6,77,567,47,1,2025-03-18,244.49,11.9,Credit Card,215.27,102.19,113.08,52.53
7583,4,31,598,674,4,2025-08-19,73.68,3.3,Debit Card,285.13,200.28,84.85,29.76
7584,11,44,4714,93,1,2025-05-02,244.58,22.7,Credit Card,188.97,99.44,89.53,47.38
7585,7,41,632,158,1,2025-02-25,99.08,11.5,Cash,87.67,45.34,42.33,48.28
7586,2,8,3109,251,2,2025-08-11,273.51,6.3,Credit Card,512.59,331.58,181.01,35.31
7587,9,106,2092,278,4,2025-05-06,279.41,7.2,Online,1037.23,675.24,361.99,34.9
7588,7,19,4107,148,4,2024-11-28,60.86,8.8,Credit Card,222.12,97.92,124.2,55.92
7589,5,113,2424,231,5,2025-11-12,202.6,3.2,Cash,980.5,495.3,485.2,49.48
7590,12,36,160,34,1,2025-11-14,149.43,8.9,Cash,136.15,78.6,57.55,42.27
7591,2,23,2218,81,1,2024-12-17,163.48,4.0,Debit Card,156.9,71.11,85.79,54.68
7592,1,98,1768,300,4,2025-01-22,182.81,25.3,Debit Card,546.38,338.52,207.86,38.04
7593,5,47,3739,3,2,2025-06-18,238.73,3.5,Credit Card,460.54,286.6,173.94,37.77
7594,10,75,4653,92,1,2025-03-06,105.45,29.8,Online,74.02,43.55,30.47,41.16
7595,5,76,1414,386,1,2025-03-03,149.86,6.6,Debit Card,139.9,171.86,-31.96,-22.84
7596,11,81,2938,117,1,2024-11-17,114.66,28.5,Credit Card,81.95,41.46,40.49,49.41
7597,3,14,1155,954,2,2025-07-15,246.99,7.1,Online,459.05,184.76,274.29,59.75
7598,9,51,459,197,5,2025-05-24,18.18,6.5,Cash,84.99,60.1,24.89,29.29
7599,11,12,3103,643,4,2025-08-13,148.45,26.3,Credit Card,437.63,332.4,105.23,24.05
7600,10,55,4,1156,1,2024-11-05,274.78,28.2,Online,197.36,153.13,44.23,22.41
7601,1,68,1346,225,3,2025-05-27,107.4,34.0,Online,212.77,150.93,61.84,29.06
7602,12,18,3887,526,2,2025-06-06,153.72,7.1,Credit Card,285.7,125.82,159.88,55.96
7603,5,105,2228,1031,1,2024-12-26,84.67,5.9,Online,79.67,58.96,20.71,25.99
7604,11,81,728,124,3,2025-09-23,198.78,30.4,Cash,415.3,343.59,71.71,17.27
7605,4,34,643,1156,4,2025-07-23,224.52,9.8,Debit Card,810.08,374.4,435.68,53.78
7606,2,103,4319,1081,4,2025-11-07,54.34,5.9,Credit Card,204.48,135.64,68.84,33.67
7607,12,108,2122,31,1,2025-10-22,17.7,5.5,Debit Card,16.73,11.67,5.06,30.25
7608,1,59,458,236,1,2025-01-19,240.18,29.9,Credit Card,168.46,139.44,29.02,17.23
7609,10,16,4069,56,2,2025-06-29,93.16,28.7,Credit Card,132.91,75.34,57.57,43.32
7610,11,64,4235,1159,1,2025-01-23,114.02,24.2,Credit Card,86.42,47.31,39.11,45.26
7611,4,70,3533,120,1,2025-04-06,111.48,9.7,Debit Card,100.65,68.6,32.05,31.84
7612,6,66,3310,186,1,2025-10-30,221.65,11.6,Debit Card,195.97,153.66,42.31,21.59
7613,8,80,59,1314,4,2024-11-02,222.61,11.1,Online,791.18,374.96,416.22,52.61
7614,10,71,3903,282,1,2025-09-27,11.83,29.4,Credit Card,8.35,7.46,0.89,10.66
7615,2,103,27,1282,3,2025-08-24,33.51,9.3,Cash,91.2,54.51,36.69,40.23
7616,12,18,250,231,2,2025-10-27,231.52,5.7,Debit Card,436.68,284.3,152.38,34.9
7617,11,63,4567,1449,3,2025-11-04,129.83,28.9,Cash,276.77,162.21,114.56,41.39
7618,2,26,1517,1366,1,2025-01-23,36.02,7.0,Online,33.51,15.27,18.24,54.43
7619,6,49,4693,11,5,2024-10-26,180.56,10.6,Debit Card,807.16,445.7,361.46,44.78
7620,4,1,252,204,3,2024-10-16,214.45,7.9,Credit Card,592.66,246.21,346.45,58.46
7621,10,39,1132,1350,2,2025-01-18,230.63,31.4,Cash,316.22,267.26,48.96,15.48
7622,9,24,2888,943,1,2025-03-05,293.62,11.3,Debit Card,260.5,124.13,136.37,52.35
7623,4,1,2070,106,2,2025-04-01,58.84,9.1,Online,106.94,56.28,50.66,47.37
7624,12,93,1135,1155,2,2024-10-26,116.49,3.6,Cash,224.56,82.76,141.8,63.15
7625,2,43,3784,101,4,2025-01-11,168.07,3.8,Debit Card,646.48,300.6,345.88,53.5
7626,12,102,3039,1309,5,2024-10-04,210.52,3.7,Online,1013.35,588.45,424.9,41.93
7627,1,58,1923,42,2,2025-02-26,56.62,25.9,Debit Card,83.88,71.96,11.92,14.21
7628,6,107,2770,1339,4,2025-01-25,218.32,5.6,Debit Card,824.48,305.68,518.8,62.92
7629,11,64,3020,42,1,2025-10-07,24.65,26.8,Debit Card,18.04,11.36,6.68,37.03
7630,1,48,122,114,1,2025-08-01,86.98,33.9,Cash,57.49,46.1,11.39,19.81
7631,6,99,2663,284,3,2025-01-22,161.74,4.7,Online,462.21,299.31,162.9,35.24
7632,8,57,2463,95,1,2025-05-06,137.84,6.5,Online,128.92,68.69,60.23,46.72
7633,6,74,3560,195,5,2024-12-21,245.9,7.0,Online,1143.45,560.25,583.2,51.0
7634,4,31,2019,85,1,2024-11-15,49.65,3.0,Cash,48.14,17.93,30.21,62.75
7635,12,93,1453,279,2,2025-01-25,197.77,9.3,Cash,358.86,238.44,120.42,33.56
7636,2,26,3557,333,2,2025-06-16,48.26,6.3,Online,90.4,47.92,42.48,46.99
7637,5,76,1136,111,1,2024-11-19,157.68,10.0,Debit Card,141.92,204.73,-62.81,-44.26
7638,5,113,4436,146,1,2025-04-05,23.38,4.0,Credit Card,22.44,9.64,12.8,57.04
7639,8,116,4882,715,2,2025-03-14,80.11,5.6,Debit Card,151.22,67.24,83.98,55.53
7640,3,46,1053,44,2,2025-04-12,281.65,5.4,Cash,532.74,243.3,289.44,54.33
7641,2,10,2130,227,2,2025-09-15,87.02,3.1,Credit Card,168.66,110.8,57.86,34.31
7642,1,82,2661,146,1,2024-12-29,219.78,26.2,Debit Card,162.28,147.13,15.15,9.34
7643,2,110,1226,207,2,2025-06-06,95.15,11.7,Cash,168.09,113.84,54.25,32.27
7644,2,114,69,1007,1,2025-10-26,201.39,3.1,Credit Card,195.1,96.42,98.68,50.58
7645,1,58,2082,1438,2,2024-11-13,200.67,28.6,Cash,286.54,268.52,18.02,6.29
7646,8,109,4456,91,5,2025-11-11,299.26,10.7,Credit Card,1336.04,543.5,792.54,59.32
7647,8,109,4786,31,3,2025-02-25,269.4,10.1,Online,726.29,554.88,171.41,23.6
7648,10,16,559,99,2,2025-03-03,217.05,25.8,Credit Card,321.94,225.8,96.14,29.86
7649,4,56,704,1118,1,2025-08-14,255.91,4.6,Cash,244.2,179.54,64.66,26.48
7650,3,53,1575,1139,5,2025-03-31,214.11,4.9,Cash,1017.78,716.55,301.23,29.6
7651,1,4,2390,144,4,2025-03-26,159.09,29.8,Debit Card,446.96,294.28,152.68,34.16
7652,8,112,1540,165,2,2025-10-14,49.07,3.9,Cash,94.28,51.2,43.08,45.69
7653,8,57,994,492,1,2024-10-03,180.86,5.5,Credit Card,170.99,121.5,49.49,28.94
7654,4,70,3760,171,2,2025-05-01,99.57,5.1,Credit Card,189.06,210.94,-21.88,-11.57
7655,5,76,3392,1213,2,2025-10-17,263.44,11.7,Credit Card,464.99,294.64,170.35,36.64
7656,4,42,2298,904,4,2024-10-06,199.16,9.0,Online,724.67,520.56,204.11,28.17
7657,5,119,569,179,1,2025-01-03,13.59,8.6,Cash,12.42,9.25,3.17,25.52
7658,11,64,3074,1417,1,2025-10-27,92.45,31.3,Credit Card,63.54,35.74,27.8,43.75
7659,4,56,3543,735,1,2025-05-13,108.26,4.6,Credit Card,103.3,128.91,-25.61,-24.79
7660,9,120,2772,772,1,2025-02-03,274.94,3.6,Cash,264.92,135.86,129.06,48.72
7661,1,79,4621,1382,2,2025-11-30,163.86,30.2,Debit Card,228.67,418.94,-190.27,-83.21
7662,10,71,1251,216,2,2025-07-03,109.1,28.7,Credit Card,155.51,96.62,58.89,37.87
7663,10,38,3433,21,1,2025-04-29,246.77,25.7,Debit Card,183.25,143.52,39.73,21.68
7664,3,46,1171,1473,1,2025-04-11,117.61,3.3,Cash,113.76,57.81,55.95,49.18
7665,7,7,1429,1306,4,2025-09-17,89.52,3.1,Credit Card,346.85,165.0,181.85,52.43
7666,6,66,2377,1399,4,2025-09-19,259.67,9.3,Debit Card,942.2,571.48,370.72,39.35
7667,8,116,651,237,1,2025-08-07,181.8,8.8,Debit Card,165.8,205.54,-39.74,-23.97
7668,12,18,2890,83,1,2025-10-04,23.58,5.5,Credit Card,22.27,9.53,12.74,57.21
7669,6,78,1833,98,3,2025-07-03,101.58,4.9,Cash,289.73,177.24,112.49,38.83
7670,11,64,3259,237,3,2025-04-09,85.2,29.0,Credit Card,181.45,181.14,0.31,0.17
7671,12,18,2310,527,2,2025-08-08,54.89,3.7,Cash,105.68,38.76,66.92,63.32
7672,8,116,3815,233,1,2024-11-20,259.27,8.6,Online,236.85,108.71,128.14,54.1
7673,1,4,1912,198,3,2025-06-08,72.02,31.3,Cash,148.48,134.55,13.93,9.38
7674,9,120,533,1391,2,2025-10-06,230.31,11.8,Debit Card,406.24,273.5,132.74,32.68
7675,5,119,2349,444,2,2025-01-10,11.93,11.8,Credit Card,21.03,10.58,10.45,49.69
7676,10,71,3184,204,5,2025-09-25,267.77,23.9,Debit Card,1019.41,947.3,72.11,7.07
7677,2,69,4684,570,1,2024-12-31,81.94,8.7,Online,74.79,37.29,37.5,50.14
7678,1,86,3938,876,3,2025-12-07,194.75,27.3,Debit Card,424.66,356.43,68.23,16.07
7679,4,70,2855,184,2,2025-02-13,290.43,6.0,Debit Card,546.14,317.48,228.66,41.87
7680,12,60,1214,238,2,2025-03-11,84.44,5.1,Debit Card,160.21,111.72,48.49,30.27
7681,10,90,3978,426,1,2025-09-27,75.88,32.5,Credit Card,51.22,27.43,23.79,46.45
7682,8,80,934,413,3,2025-02-24,20.39,6.7,Cash,57.07,29.37,27.7,48.54
7683,3,115,1652,88,4,2025-06-22,174.97,6.7,Cash,652.65,256.24,396.41,60.74
7684,10,67,705,249,3,2024-12-05,235.14,28.0,Credit Card,507.78,397.89,109.89,21.64
7685,4,56,2778,130,1,2025-06-13,252.18,10.4,Credit Card,225.95,179.42,46.53,20.59
7686,2,103,4621,1241,2,2024-11-03,163.86,3.5,Credit Card,316.24,418.94,-102.7,-32.48
7687,2,89,4883,249,2,2025-06-14,85.83,5.9,Credit Card,161.5,81.12,80.38,49.77
7688,2,43,613,800,2,2025-01-03,197.12,3.2,Debit Card,381.55,182.24,199.31,52.24
7689,10,75,759,23,3,2024-12-05,154.59,32.8,Cash,311.68,294.69,16.99,5.45
7690,1,68,4920,191,1,2025-07-05,288.87,23.0,Debit Card,222.42,142.36,80.06,35.99
7691,10,71,4829,80,1,2025-04-18,248.57,25.2,Debit Card,185.86,146.53,39.33,21.16
7692,10,16,2203,197,1,2025-05-17,24.29,28.1,Credit Card,17.47,9.65,7.82,44.76
7693,5,22,1932,886,1,2025-05-16,132.67,10.5,Credit Card,118.71,64.6,54.11,45.58
7694,5,76,1852,1281,1,2025-03-24,178.15,9.3,Cash,161.52,127.52,34.0,21.05
7695,11,44,4440,1249,2,2025-06-16,87.49,24.3,Debit Card,132.48,72.32,60.16,45.41
7696,3,14,2407,60,1,2024-11-04,40.4,11.9,Credit Card,35.58,22.31,13.27,37.3
7697,3,21,2878,151,5,2025-11-24,163.48,5.4,Cash,773.19,455.95,317.24,41.03
7698,8,80,2151,482,1,2025-06-02,127.07,5.6,Online,120.0,82.23,37.77,31.48
7699,10,15,3469,102,4,2025-03-01,269.31,28.9,Cash,765.97,768.68,-2.71,-0.35
7700,7,41,3312,26,1,2025-06-23,272.11,9.4,Credit Card,246.53,128.37,118.16,47.93
7701,4,42,3106,1362,4,2025-08-23,163.86,8.3,Credit Card,601.29,395.48,205.81,34.23
7702,8,80,4571,165,5,2025-02-26,27.95,4.5,Cash,133.52,100.1,33.42,25.03
7703,10,55,1018,210,2,2024-11-27,55.68,27.8,Debit Card,80.43,46.84,33.59,41.76
7704,9,65,3739,137,3,2025-07-28,238.73,11.4,Cash,634.57,429.9,204.67,32.25
7705,6,77,3012,163,4,2025-04-14,223.92,6.1,Debit Card,840.76,393.72,447.04,53.17
7706,7,62,2524,1393,5,2025-05-03,282.07,10.6,Debit Card,1260.35,773.9,486.45,38.6
7707,11,12,2650,96,3,2025-02-16,208.55,33.2,Credit Card,417.75,319.71,98.04,23.47
7708,12,36,4018,248,1,2025-11-06,87.19,7.6,Online,80.6,46.28,34.32,42.58
7709,7,104,2325,415,1,2025-11-04,246.05,10.9,Online,219.23,149.19,70.04,31.95
7710,12,102,1952,113,1,2025-04-25,134.4,6.4,Debit Card,125.74,86.48,39.26,31.22
7711,5,92,4507,647,1,2025-04-02,296.97,3.1,Cash,287.62,105.32,182.3,63.38
7712,11,97,4972,548,3,2024-12-04,55.42,29.9,Credit Card,116.59,109.98,6.61,5.67
7713,4,42,3313,1365,4,2025-08-16,56.59,8.7,Cash,206.63,127.08,79.55,38.5
7714,2,83,2266,231,2,2025-06-27,135.32,5.0,Cash,257.22,189.34,67.88,26.39
7715,11,81,1493,193,2,2025-05-04,296.27,22.2,Credit Card,461.19,231.34,229.85,49.84
7716,1,98,3815,181,3,2024-11-08,259.27,32.1,Online,527.98,326.13,201.85,38.23
7717,8,80,1754,183,1,2025-01-01,281.01,3.7,Credit Card,270.72,171.83,98.89,36.53
7718,2,10,1542,19,2,2025-11-02,32.57,3.1,Debit Card,63.1,35.44,27.66,43.84
7719,8,85,450,119,1,2025-06-17,123.07,3.1,Online,119.3,43.84,75.46,63.25
7720,9,111,1106,61,2,2024-10-08,90.48,4.0,Credit Card,173.8,126.94,46.86,26.96
7721,4,56,4806,1142,1,2025-04-05,220.47,7.0,Online,204.98,95.03,109.95,53.64
7722,1,86,3842,29,1,2024-12-17,101.0,29.8,Debit Card,70.93,41.34,29.59,41.72
7723,6,49,663,183,1,2025-01-23,102.2,7.6,Cash,94.47,52.3,42.17,44.64
7724,8,112,1461,110,4,2025-09-04,46.21,5.1,Debit Card,175.43,101.64,73.79,42.06
7725,1,68,4991,437,4,2025-09-02,203.57,24.4,Credit Card,615.31,1007.92,-392.61,-63.81
7726,5,119,3074,164,2,2025-09-18,92.45,10.4,Debit Card,165.63,71.48,94.15,56.84
7727,11,12,706,9,2,2025-11-21,42.42,25.0,Credit Card,63.66,41.18,22.48,35.31
7728,1,4,246,1182,4,2025-05-11,154.48,30.2,Online,431.01,265.0,166.01,38.52
7729,7,19,180,410,1,2025-07-31,284.78,6.7,Debit Card,265.83,171.32,94.51,35.55
7730,6,72,1901,1,3,2025-03-03,173.7,9.2,Credit Card,473.35,301.11,172.24,36.39
7731,12,100,3302,540,1,2024-11-17,47.98,4.4,Debit Card,45.87,18.55,27.32,59.56
7732,4,31,1090,109,4,2025-06-02,39.62,3.9,Debit Card,152.23,76.16,76.07,49.97
7733,12,93,4112,1391,1,2025-03-24,76.06,5.4,Credit Card,71.94,54.18,17.76,24.69
7734,8,91,1460,223,2,2025-10-23,22.99,8.8,Online,41.93,30.1,11.83,28.21
7735,8,112,2290,112,3,2025-07-28,102.97,6.3,Credit Card,289.51,141.15,148.36,51.25
7736,2,28,4758,16,1,2025-05-24,174.1,4.5,Debit Card,166.32,95.54,70.78,42.56
7737,5,40,4283,30,1,2025-09-14,238.94,8.3,Debit Card,219.07,103.53,115.54,52.74
7738,1,58,3439,29,1,2025-02-24,185.93,28.9,Debit Card,132.15,82.53,49.62,37.55
7739,3,14,552,16,2,2025-02-25,207.02,9.6,Debit Card,374.48,297.68,76.8,20.51
7740,12,100,3544,275,2,2025-05-12,250.91,9.4,Debit Card,454.64,286.72,167.92,36.93
7741,3,14,4761,1040,1,2025-04-08,226.73,11.5,Debit Card,200.73,276.69,-75.96,-37.84
7742,10,16,1705,174,4,2025-08-03,267.25,27.3,Online,777.49,579.28,198.21,25.49
7743,3,53,1547,175,1,2025-02-15,295.3,9.3,Debit Card,267.77,140.02,127.75,47.71
7744,3,14,4519,53,1,2025-09-28,151.29,4.2,Debit Card,144.91,60.93,83.98,57.95
7745,10,38,2572,1,1,2025-03-07,14.54,25.8,Credit Card,10.79,5.48,5.31,49.21
7746,2,28,134,1356,4,2025-03-15,79.21,9.8,Credit Card,285.67,215.0,70.67,24.74
7747,7,84,310,229,5,2025-07-17,78.93,9.4,Cash,357.69,199.8,157.89,44.14
7748,7,7,3405,713,3,2025-08-26,26.44,5.0,Credit Card,75.34,48.36,26.98,35.81
7749,4,56,1456,1105,1,2025-05-28,199.21,4.9,Debit Card,189.51,132.27,57.24,30.2
7750,12,36,4930,56,1,2025-03-04,188.76,4.7,Debit Card,179.83,133.01,46.82,26.04
7751,8,57,4043,132,1,2024-10-20,118.18,4.7,Credit Card,112.6,65.94,46.66,41.44
7752,10,71,3069,251,1,2025-06-29,45.08,31.9,Credit Card,30.69,56.1,-25.41,-82.8
7753,10,117,2779,149,1,2025-03-08,261.33,31.5,Online,178.95,107.17,71.78,40.11
7754,8,9,4846,27,2,2025-04-05,261.96,7.3,Credit Card,485.84,350.56,135.28,27.84
7755,4,42,1848,1179,1,2025-03-15,17.02,3.5,Cash,16.42,11.17,5.25,31.97
7756,6,77,4603,125,4,2024-11-21,117.83,7.8,Credit Card,434.35,168.56,265.79,61.19
7757,6,72,1624,37,3,2025-08-21,260.61,3.4,Debit Card,755.11,474.51,280.6,37.16
7758,12,18,854,212,2,2024-11-02,109.48,8.8,Credit Card,199.79,244.64,-44.85,-22.45
7759,5,92,36,914,2,2024-11-10,169.87,9.2,Online,308.35,199.7,108.65,35.24
7760,4,56,2776,85,2,2025-04-27,223.15,9.7,Credit Card,402.95,270.32,132.63,32.91
7761,12,60,2893,219,1,2025-05-19,101.57,7.6,Online,93.85,69.35,24.5,26.11
7762,9,25,4871,93,1,2024-11-11,195.12,9.4,Cash,176.86,136.26,40.6,22.96
7763,6,99,4264,955,1,2025-08-21,25.72,9.3,Cash,23.33,14.12,9.21,39.48
7764,7,84,4820,262,3,2024-12-06,180.48,10.5,Credit Card,484.37,243.36,241.01,49.76
7765,12,18,366,290,1,2025-01-16,84.21,9.2,Credit Card,76.5,54.26,22.24,29.07
7766,5,105,4938,743,3,2025-01-02,269.15,3.4,Credit Card,780.32,294.09,486.23,62.31
7767,2,110,3015,1320,2,2025-06-16,144.14,5.0,Cash,273.88,195.24,78.64,28.71
7768,11,12,2215,53,1,2025-03-10,194.04,32.4,Debit Card,131.21,86.37,44.84,34.17
7769,6,74,2987,1037,2,2025-07-21,167.24,4.7,Online,318.86,187.86,131.0,41.08
7770,11,44,4604,238,5,2024-12-24,69.12,31.7,Debit Card,236.19,245.9,-9.71,-4.11
7771,11,12,537,422,3,2025-07-25,144.1,33.3,Credit Card,288.26,212.4,75.86,26.32
7772,3,21,428,1059,1,2025-06-30,43.64,7.7,Debit Card,40.27,30.31,9.96,24.73
7773,10,87,3432,164,3,2025-06-05,203.01,23.3,Cash,466.94,384.12,82.82,17.74
7774,6,96,3711,1109,4,2025-12-02,211.63,9.1,Debit Card,769.4,349.28,420.12,54.6
7775,3,14,596,395,2,2024-11-07,7.44,9.1,Credit Card,13.53,6.9,6.63,49.0
7776,8,30,924,140,3,2025-10-11,281.08,11.8,Debit Card,744.13,479.67,264.46,35.54
7777,7,7,253,1260,4,2024-12-20,25.95,8.5,Online,94.96,73.0,21.96,23.13
7778,1,68,1896,29,2,2025-01-08,295.58,28.2,Debit Card,424.68,229.2,195.48,46.03
7779,4,70,2364,296,1,2024-11-10,244.66,9.5,Online,221.34,163.88,57.46,25.96
7780,2,11,3098,9,2,2025-07-23,251.09,3.1,Debit Card,486.6,184.24,302.36,62.14
7781,11,81,641,41,2,2024-10-06,55.87,25.8,Credit Card,82.96,59.64,23.32,28.11
7782,11,12,267,51,1,2025-03-14,37.02,26.6,Credit Card,27.16,20.97,6.19,22.79
7783,11,63,2861,1183,2,2025-04-05,42.52,33.1,Debit Card,56.93,60.14,-3.21,-5.64
7784,6,107,2901,280,5,2024-11-18,69.74,8.3,Credit Card,319.75,220.7,99.05,30.98
7785,5,113,1729,131,2,2025-04-04,83.39,4.7,Cash,158.94,94.88,64.06,40.3
7786,2,43,2446,196,1,2024-10-15,73.02,8.4,Debit Card,66.89,49.09,17.8,26.61
7787,1,79,986,1015,3,2024-11-09,106.25,31.4,Credit Card,218.51,216.6,1.91,0.87
7788,7,5,99,286,1,2024-11-04,250.24,11.4,Credit Card,221.72,113.96,107.76,48.6
7789,12,36,3189,16,4,2025-10-18,286.4,4.7,Credit Card,1091.18,443.16,648.02,59.39
7790,9,25,1625,1114,1,2025-05-03,68.95,7.5,Cash,63.75,76.81,-13.06,-20.49
7791,9,24,1816,270,2,2024-12-08,166.69,7.2,Debit Card,309.41,224.92,84.49,27.31
7792,11,97,838,99,4,2024-11-12,177.07,22.4,Debit Card,549.71,377.16,172.55,31.39
7793,10,71,578,646,1,2025-10-25,254.27,27.4,Credit Card,184.6,141.97,42.63,23.09
7794,3,46,3422,267,3,2025-07-07,228.7,3.5,Cash,662.13,291.48,370.65,55.98
7795,12,108,1396,95,4,2025-07-27,257.53,3.4,Debit Card,995.22,682.72,312.5,31.4
7796,6,66,3332,451,1,2025-09-07,110.01,3.6,Online,106.09,72.04,34.05,32.1
7797,10,39,4436,425,2,2025-10-30,23.38,24.9,Credit Card,35.1,19.28,15.82,45.07
7798,1,29,739,1365,2,2025-08-16,61.98,29.0,Online,88.03,58.12,29.91,33.98
7799,11,64,626,133,4,2025-03-10,48.8,25.8,Cash,144.77,123.56,21.21,14.65
7800,1,3,1938,275,5,2025-07-07,76.73,27.8,Online,276.99,231.35,45.64,16.48
7801,6,77,2021,161,4,2025-05-04,108.38,7.1,Debit Card,402.67,186.52,216.15,53.68
7802,12,100,3727,150,2,2024-12-29,93.24,3.3,Online,180.36,110.58,69.78,38.69
7803,6,77,232,253,5,2025-10-16,106.73,6.1,Cash,501.35,287.45,213.9,42.66
7804,5,40,1058,645,3,2025-08-07,57.62,11.7,Credit Card,152.62,83.37,69.25,45.37
7805,12,100,3112,315,2,2025-04-11,101.23,8.1,Online,185.97,97.96,88.01,47.32
7806,6,49,4499,59,5,2025-03-16,192.36,6.3,Credit Card,901.28,400.8,500.48,55.53
7807,10,87,4476,1268,1,2024-12-15,65.47,26.5,Debit Card,48.13,28.71,19.42,40.35
7808,5,105,320,627,1,2025-03-29,146.02,5.9,Cash,137.39,69.13,68.26,49.68
7809,6,107,1237,290,2,2024-10-06,187.27,9.9,Online,337.29,213.64,123.65,36.66
7810,9,65,68,73,3,2025-08-05,246.76,7.0,Credit Card,688.76,264.9,423.86,61.54
7811,7,84,1311,68,1,2024-11-04,158.57,10.0,Cash,142.71,56.62,86.09,60.33
7812,3,46,3786,147,5,2025-09-23,55.24,9.9,Debit Card,248.74,196.6,52.14,20.96
7813,9,25,5000,1270,5,2024-12-25,197.5,6.0,Credit Card,928.21,442.55,485.66,52.32
7814,6,77,116,74,2,2025-06-23,70.83,6.3,Debit Card,132.69,83.44,49.25,37.12
7815,5,40,1147,465,2,2025-09-20,113.93,7.4,Online,211.1,85.82,125.28,59.35
7816,4,42,1930,435,1,2025-09-10,252.0,8.4,Credit Card,230.86,112.56,118.3,51.24
7817,10,87,4456,46,2,2024-10-02,299.26,22.4,Cash,464.25,217.4,246.85,53.17
7818,1,17,3451,623,1,2024-10-08,205.28,25.5,Credit Card,152.86,96.3,56.56,37.0
7819,7,41,3151,239,1,2025-07-30,152.27,5.8,Cash,143.46,83.96,59.5,41.47
7820,5,105,1663,251,1,2025-04-13,77.88,9.2,Online,70.73,32.22,38.51,54.45
7821,1,86,1250,3,2,2025-10-07,116.1,30.2,Credit Card,162.11,110.32,51.79,31.95
7822,4,42,3236,1191,2,2025-07-14,173.53,7.7,Online,320.35,156.48,163.87,51.15
7823,10,87,3572,332,5,2025-01-04,288.02,32.0,Credit Card,979.53,695.3,284.23,29.02
7824,1,50,4775,314,1,2025-08-21,204.36,31.6,Credit Card,139.77,111.12,28.65,20.5
7825,10,71,586,195,5,2024-11-30,223.17,25.0,Cash,836.82,413.95,422.87,50.53
7826,4,34,4988,606,1,2024-10-01,157.65,9.4,Online,142.76,105.49,37.27,26.11
7827,7,41,3063,1000,1,2025-05-25,140.87,7.4,Credit Card,130.39,100.34,30.05,23.05
7828,9,52,569,248,2,2025-07-03,13.59,6.6,Cash,25.39,18.5,6.89,27.14
7829,12,93,3733,273,3,2025-06-13,260.38,8.9,Debit Card,711.29,378.66,332.63,46.76
7830,12,102,1800,105,4,2025-02-02,168.36,7.4,Credit Card,623.45,343.88,279.57,44.84
7831,2,83,1672,177,4,2025-02-13,91.72,6.0,Cash,344.74,238.76,105.98,30.74
7832,12,18,2833,235,2,2025-12-09,5.39,7.0,Debit Card,10.02,7.58,2.44,24.35
7833,4,70,1319,484,3,2025-01-12,140.37,3.7,Credit Card,405.52,254.73,150.79,37.18
7834,1,59,1920,1296,5,2025-04-24,181.2,31.8,Online,618.27,987.3,-369.03,-59.69
7835,6,78,123,69,5,2024-11-09,299.65,6.1,Cash,1407.02,871.0,536.02,38.1
7836,8,112,1676,265,5,2025-08-14,62.91,8.6,Credit Card,287.6,162.1,125.5,43.64
7837,12,108,4918,333,1,2025-09-10,67.56,8.0,Debit Card,62.15,38.19,23.96,38.55
7838,3,53,788,977,1,2025-06-30,127.57,4.7,Online,121.59,64.04,57.55,47.33
7839,11,44,810,1031,3,2024-10-29,160.51,31.9,Credit Card,327.85,187.56,140.29,42.79
7840,12,60,2303,483,3,2025-07-19,155.59,11.7,Credit Card,412.22,165.51,246.71,59.85
7841,5,40,3936,98,1,2025-06-22,86.07,9.6,Cash,77.79,102.36,-24.57,-31.59
7842,11,81,3452,840,1,2025-02-06,110.17,28.3,Cash,78.99,52.7,26.29,33.28
7843,1,29,3344,290,3,2024-11-15,213.94,25.9,Online,475.53,279.45,196.08,41.23
7844,12,18,188,1385,4,2025-07-22,202.34,8.3,Credit Card,742.38,462.32,280.06,37.72
7845,5,105,129,1360,5,2025-09-10,72.51,10.6,Debit Card,324.06,249.65,74.41,22.96
7846,1,68,3602,276,2,2024-12-31,61.91,31.8,Cash,84.42,67.78,16.64,19.71
7847,5,22,345,1331,1,2025-03-26,165.25,11.4,Credit Card,146.44,104.88,41.56,28.38
7848,9,52,4536,13,1,2024-12-11,167.04,10.5,Debit Card,149.46,69.21,80.25,53.69
7849,7,41,4320,1247,5,2025-01-21,81.65,3.7,Cash,393.06,209.5,183.56,46.7
7850,7,104,1514,1394,4,2025-06-19,117.88,9.1,Credit Card,428.39,209.08,219.31,51.19
7851,9,65,3466,1438,1,2025-10-05,56.73,7.0,Credit Card,52.75,23.89,28.86,54.71
7852,11,81,1639,834,2,2025-05-07,89.41,23.3,Cash,137.24,95.74,41.5,30.24
7853,5,47,3129,91,1,2024-11-10,25.28,10.2,Credit Card,22.7,12.04,10.66,46.96
7854,8,80,1311,1424,1,2025-12-04,158.57,7.4,Debit Card,146.82,56.62,90.2,61.44
7855,7,84,1941,214,1,2025-12-03,249.47,4.8,Debit Card,237.45,165.25,72.2,30.41
7856,6,77,487,236,1,2025-01-22,163.27,5.9,Credit Card,153.6,104.85,48.75,31.74
7857,6,78,637,8,5,2024-10-09,242.17,4.5,Debit Card,1156.22,599.6,556.62,48.14
7858,7,7,2849,172,2,2025-05-18,44.98,8.5,Cash,82.3,63.86,18.44,22.41
7859,10,15,90,129,3,2025-07-23,81.37,33.5,Debit Card,162.4,122.28,40.12,24.7
7860,12,60,1938,225,1,2024-12-08,76.73,5.7,Credit Card,72.39,46.27,26.12,36.08
7861,3,53,2912,135,3,2025-11-15,230.4,5.5,Debit Card,653.19,398.76,254.43,38.95
7862,11,64,355,224,2,2025-11-28,244.59,26.0,Debit Card,361.9,232.44,129.46,35.77
7863,5,40,1662,74,3,2025-05-21,80.07,11.8,Debit Card,211.92,121.05,90.87,42.88
7864,12,36,1464,1357,1,2025-06-14,140.5,5.8,Cash,132.31,100.54,31.77,24.01
7865,2,8,3485,493,2,2025-08-15,66.19,8.4,Cash,121.27,86.24,35.03,28.89
7866,5,113,259,1466,4,2025-01-28,112.89,4.7,Debit Card,430.33,288.2,142.13,33.03
7867,12,36,2195,3,1,2025-12-06,242.86,9.5,Debit Card,219.83,165.33,54.5,24.79
7868,8,116,3373,1008,1,2024-11-05,203.49,8.9,Credit Card,185.29,136.91,48.38,26.11
7869,7,41,1931,43,5,2025-01-24,116.71,4.1,Debit Card,559.57,366.45,193.12,34.51
7870,12,60,467,822,1,2025-05-04,123.77,3.2,Credit Card,119.86,76.97,42.89,35.78
7871,3,88,2866,1268,5,2025-03-23,264.2,3.2,Credit Card,1278.76,610.3,668.46,52.27
7872,7,19,692,71,4,2024-10-01,105.5,5.6,Debit Card,398.36,205.28,193.08,48.47
7873,2,89,3827,1369,2,2025-04-13,275.11,6.7,Online,513.35,198.3,315.05,61.37
7874,4,34,665,219,3,2024-12-27,45.97,12.0,Credit Card,121.38,77.22,44.16,36.38
7875,10,15,2005,173,4,2025-09-10,57.81,23.6,Online,176.72,158.8,17.92,10.14
7876,2,32,3275,888,2,2025-09-24,185.23,4.4,Credit Card,354.07,451.24,-97.17,-27.44
7877,7,5,3728,1060,2,2025-01-05,61.78,8.9,Debit Card,112.56,79.14,33.42,29.69
7878,5,105,4982,1010,2,2024-12-27,274.71,5.1,Online,521.66,395.0,126.66,24.28
7879,12,60,4634,373,1,2024-12-29,286.81,3.2,Credit Card,277.52,152.65,124.87,44.99
7880,9,24,4938,149,5,2025-10-16,269.15,8.7,Cash,1228.65,490.15,738.5,60.11
7881,7,5,3399,139,3,2025-02-08,82.08,4.6,Online,234.9,157.95,76.95,32.76
7882,2,73,645,115,1,2025-10-18,128.11,5.8,Debit Card,120.69,57.86,62.83,52.06
7883,4,42,1025,74,5,2025-07-03,191.05,5.2,Cash,905.46,521.65,383.81,42.39
7884,3,21,1950,197,2,2025-05-24,26.84,4.9,Debit Card,51.05,30.48,20.57,40.29
7885,10,33,253,1069,4,2025-04-19,25.95,30.9,Credit Card,71.7,73.0,-1.3,-1.81
7886,2,69,3048,1489,1,2025-08-08,212.21,9.9,Debit Card,191.12,87.29,103.83,54.33
7887,2,35,1044,581,2,2025-01-18,188.22,5.3,Cash,356.44,190.58,165.86,46.53
7888,8,91,1883,79,1,2025-09-26,27.05,11.8,Debit Card,23.85,14.08,9.77,40.96
7889,6,72,230,521,1,2025-11-08,292.46,11.9,Debit Card,257.68,138.76,118.92,46.15
7890,3,53,655,138,1,2025-04-05,60.05,10.8,Cash,53.54,22.57,30.97,57.84
7891,8,91,4655,653,3,2024-10-08,282.77,11.1,Credit Card,753.87,585.15,168.72,22.38
7892,3,21,3399,119,2,2025-04-06,82.08,3.4,Credit Card,158.62,105.3,53.32,33.61
7893,5,119,4577,83,1,2024-10-20,129.33,9.2,Debit Card,117.45,85.83,31.62,26.92
7894,1,86,1965,404,1,2025-04-27,281.08,27.3,Credit Card,204.35,170.69,33.66,16.47
7895,1,17,55,556,5,2025-09-21,116.23,28.3,Cash,416.71,363.15,53.56,12.85
7896,10,87,1412,93,1,2025-10-30,86.76,22.5,Credit Card,67.25,32.92,34.33,51.05
7897,12,93,4510,257,1,2025-10-01,153.02,3.4,Credit Card,147.85,74.77,73.08,49.43
7898,2,83,2019,1142,1,2024-10-13,49.65,6.5,Credit Card,46.43,17.93,28.5,61.38
7899,11,12,195,555,5,2024-12-09,234.28,25.8,Online,869.47,725.65,143.82,16.54
7900,7,95,2374,528,5,2024-10-02,51.33,8.3,Credit Card,235.31,168.05,67.26,28.58
7901,1,4,440,671,4,2025-09-26,100.02,24.7,Debit Card,301.43,270.36,31.07,10.31
7902,7,95,2663,176,2,2025-09-25,161.74,8.6,Cash,295.69,199.54,96.15,32.52
7903,10,117,1923,103,5,2025-01-19,56.62,27.0,Credit Card,206.74,179.9,26.84,12.98
7904,9,106,456,701,3,2025-02-27,36.28,10.0,Credit Card,98.0,40.2,57.8,58.98
7905,5,20,2650,936,2,2025-07-29,208.55,7.6,Online,385.44,213.14,172.3,44.7
7906,11,44,2995,1188,1,2025-07-08,244.11,22.9,Credit Card,188.15,141.22,46.93,24.94
7907,11,64,4490,886,2,2025-11-24,191.1,24.9,Credit Card,287.14,141.56,145.58,50.7
7908,6,78,1377,174,2,2024-11-15,77.62,6.1,Debit Card,145.81,74.8,71.01,48.7
7909,12,100,2681,234,2,2025-10-17,115.68,10.7,Debit Card,206.56,140.52,66.04,31.97
7910,10,55,3094,840,1,2025-10-11,222.3,24.1,Online,168.67,79.3,89.37,52.99
7911,11,63,3931,269,3,2025-01-07,265.48,25.5,Online,593.13,470.85,122.28,20.62
7912,7,62,2407,279,1,2024-12-28,40.4,10.6,Debit Card,36.11,22.31,13.8,38.22
7913,12,36,102,1328,3,2025-10-31,282.23,8.5,Debit Card,774.89,375.45,399.44,51.55
7914,8,112,2191,1373,2,2024-12-24,103.23,5.3,Cash,195.62,146.78,48.84,24.97
7915,11,12,4533,784,3,2025-10-25,272.4,27.8,Online,590.24,444.9,145.34,24.62
7916,2,43,4827,929,1,2025-09-15,275.92,6.3,Credit Card,258.42,187.09,71.33,27.6
7917,2,110,1025,133,2,2025-07-05,191.05,10.1,Debit Card,343.36,208.66,134.7,39.23
7918,9,6,1791,297,1,2025-04-27,158.96,9.0,Online,144.6,108.33,36.27,25.08
7919,6,99,873,239,5,2024-12-24,114.2,10.2,Cash,512.97,359.55,153.42,29.91
7920,7,62,4661,21,1,2025-06-24,198.97,3.8,Online,191.31,75.62,115.69,60.47
7921,12,60,4487,1151,5,2025-08-31,200.94,4.9,Cash,955.71,631.05,324.66,33.97
7922,5,47,1063,148,1,2025-02-19,230.28,9.4,Credit Card,208.57,81.73,126.84,60.81
7923,1,118,217,1296,1,2025-03-02,41.95,33.5,Debit Card,27.89,20.57,7.32,26.25
7924,8,80,3353,410,1,2025-06-21,60.01,9.8,Debit Card,54.15,35.48,18.67,34.48
7925,1,59,4817,940,5,2025-10-12,296.98,27.9,Debit Card,1070.47,1031.5,38.97,3.64
7926,1,86,3189,230,1,2024-12-01,286.4,33.4,Online,190.63,110.79,79.84,41.88
7927,2,28,4772,94,1,2024-12-04,251.16,6.3,Credit Card,235.36,123.73,111.63,47.43
7928,5,92,829,1125,1,2025-04-13,238.82,8.4,Debit Card,218.76,154.2,64.56,29.51
7929,4,56,489,848,1,2025-12-06,103.22,8.6,Online,94.36,38.64,55.72,59.05
7930,4,31,2156,764,1,2024-12-21,27.48,6.9,Cash,25.58,12.43,13.15,51.41
7931,1,82,4547,107,3,2024-10-23,235.46,27.0,Cash,515.77,367.05,148.72,28.83
7932,1,29,3817,261,1,2025-10-09,44.85,22.8,Online,34.64,15.82,18.82,54.33
7933,10,33,429,162,5,2025-08-18,165.22,24.5,Credit Card,623.51,479.7,143.81,23.06
7934,2,10,1910,339,2,2025-06-01,48.57,9.6,Online,87.8,122.66,-34.86,-39.7
7935,2,26,1079,267,4,2025-05-12,255.15,4.1,Credit Card,978.64,634.56,344.08,35.16
7936,1,3,4639,89,1,2025-08-08,18.51,26.7,Credit Card,13.58,7.27,6.31,46.47
7937,10,87,4504,372,3,2025-04-16,109.51,33.7,Cash,217.72,133.71,84.01,38.59
7938,11,97,1008,20,5,2024-12-23,79.43,31.7,Cash,271.18,146.45,124.73,46.0
7939,8,91,335,36,4,2025-04-16,201.26,9.0,Online,732.91,284.16,448.75,61.23
7940,3,46,2639,92,1,2025-10-24,184.67,6.2,Debit Card,173.23,67.89,105.34,60.81
7941,8,109,3106,290,5,2024-12-20,163.86,11.1,Cash,728.02,494.35,233.67,32.1
7942,5,76,3358,779,2,2025-08-28,295.84,9.4,Cash,535.88,324.7,211.18,39.41
7943,11,97,2210,848,2,2025-09-17,89.1,22.8,Online,137.5,68.98,68.52,49.83
7944,12,93,2484,139,3,2025-06-18,129.29,5.1,Debit Card,368.27,225.69,142.58,38.72
7945,3,14,97,193,1,2024-10-08,177.41,10.6,Cash,158.52,92.45,66.07,41.68
7946,6,74,4689,117,1,2025-05-15,113.72,11.3,Debit Card,100.87,64.39,36.48,36.17
7947,2,103,2210,19,2,2024-10-15,89.1,8.7,Online,162.74,68.98,93.76,57.61
7948,11,64,3304,248,2,2024-12-17,106.71,24.1,Credit Card,162.02,84.66,77.36,47.75
7949,1,29,1911,273,1,2025-01-27,137.17,29.0,Cash,97.35,53.21,44.14,45.34
7950,9,24,2259,1306,5,2025-03-25,125.25,7.4,Credit Card,580.2,413.3,166.9,28.77
7951,3,53,3003,636,1,2025-03-01,212.08,4.2,Credit Card,203.24,134.14,69.1,34.0
7952,7,19,4566,1303,4,2024-11-13,143.37,9.8,Credit Card,517.55,228.44,289.11,55.86
7953,9,2,3745,140,2,2025-09-23,158.73,6.8,Debit Card,295.77,122.36,173.41,58.63
7954,4,34,2051,674,2,2025-03-29,103.01,11.2,Credit Card,182.98,86.56,96.42,52.69
7955,9,24,498,300,1,2025-09-11,90.73,11.3,Cash,80.5,58.88,21.62,26.86
7956,4,1,1327,149,1,2024-12-30,144.28,7.7,Debit Card,133.11,99.44,33.67,25.29
7957,2,45,2266,106,2,2025-06-07,135.32,3.9,Credit Card,260.06,189.34,70.72,27.19
7958,6,96,2978,146,1,2025-08-17,91.01,6.1,Cash,85.41,50.15,35.26,41.28
7959,9,25,3619,1440,4,2024-10-10,203.19,11.1,Cash,722.3,291.08,431.22,59.7
7960,3,14,174,12,1,2024-12-20,130.02,7.8,Debit Card,119.89,50.15,69.74,58.17
7961,2,32,4229,1215,2,2025-06-11,279.06,4.1,Online,535.0,391.02,143.98,26.91
7962,5,40,438,816,2,2024-10-09,159.68,3.6,Debit Card,307.81,182.7,125.11,40.65
7963,7,19,1042,272,1,2024-12-10,289.97,11.5,Credit Card,256.74,362.23,-105.49,-41.09
7964,11,44,2225,1075,3,2025-08-12,227.26,33.6,Credit Card,453.03,372.21,80.82,17.84
7965,6,107,3864,26,2,2025-09-18,195.84,8.3,Debit Card,359.06,268.56,90.5,25.2
7966,4,56,3794,273,1,2025-06-10,161.68,3.4,Cash,156.11,74.65,81.46,52.18
7967,9,25,2706,143,2,2025-03-09,82.55,9.0,Online,150.24,62.88,87.36,58.15
7968,1,50,4347,5,5,2025-03-27,170.81,26.9,Credit Card,624.16,311.65,312.51,50.07
7969,10,90,2727,358,2,2024-12-30,161.98,32.0,Credit Card,220.35,114.06,106.29,48.24
7970,1,54,1482,474,1,2025-07-04,116.63,25.9,Cash,86.4,55.82,30.58,35.39
7971,7,84,137,296,1,2024-10-22,98.3,9.8,Cash,88.7,51.87,36.83,41.52
7972,5,119,4725,196,2,2025-08-16,111.06,10.1,Credit Card,199.7,93.2,106.5,53.33
7973,4,1,1425,913,5,2025-02-28,261.7,6.6,Credit Card,1222.2,618.85,603.35,49.37
7974,5,47,2275,172,3,2024-12-01,138.14,8.8,Credit Card,377.94,197.04,180.9,47.86
7975,3,14,2211,312,1,2025-07-06,65.67,3.8,Credit Card,63.2,31.15,32.05,50.71
7976,1,86,970,1489,5,2025-04-27,233.78,24.3,Debit Card,884.44,538.95,345.49,39.06
7977,9,65,1012,1038,5,2024-10-05,58.19,5.9,Cash,273.81,105.5,168.31,61.47
7978,12,108,704,433,2,2025-02-04,255.91,10.2,Credit Card,459.86,359.08,100.78,21.92
7979,5,47,4553,523,2,2025-02-05,56.22,9.0,Cash,102.27,53.82,48.45,47.37
7980,10,117,3355,1024,2,2025-04-24,116.0,25.8,Debit Card,172.08,81.42,90.66,52.68
7981,6,49,682,88,4,2024-12-16,134.09,6.6,Online,500.93,362.08,138.85,27.72
7982,8,9,2944,56,2,2025-04-18,224.17,7.0,Debit Card,416.8,277.34,139.46,33.46
7983,10,71,608,111,1,2024-12-08,105.15,29.4,Debit Card,74.19,37.06,37.13,50.05
7984,6,74,616,734,1,2025-11-19,243.94,7.9,Cash,224.55,129.49,95.06,42.33
7985,10,87,4177,810,5,2024-10-12,119.5,29.1,Credit Card,423.66,213.15,210.51,49.69
7986,3,46,3905,15,5,2025-10-31,78.69,8.4,Credit Card,360.58,192.9,167.68,46.5
7987,8,112,1934,30,5,2024-11-14,283.26,5.1,Online,1344.43,547.25,797.18,59.3
7988,2,10,3272,1445,2,2025-10-17,96.34,8.2,Cash,176.87,240.7,-63.83,-36.09
7989,7,41,2445,247,1,2024-12-27,147.85,11.8,Cash,130.38,91.68,38.7,29.68
7990,6,77,4229,268,5,2025-10-03,279.06,6.3,Credit Card,1306.81,977.55,329.26,25.2
7991,11,44,3868,337,3,2025-11-15,8.13,27.4,Credit Card,17.72,9.78,7.94,44.81
7992,2,11,106,1394,4,2025-09-05,95.04,10.8,Debit Card,339.03,267.84,71.19,21.0
7993,4,56,3436,80,3,2025-01-08,42.4,9.3,Online,115.37,82.17,33.2,28.78
7994,3,88,1952,400,1,2025-11-13,134.4,11.1,Debit Card,119.44,86.48,32.96,27.6
7995,1,4,1934,38,2,2025-06-06,283.26,30.3,Online,395.09,218.9,176.19,44.59
7996,3,115,4159,257,1,2024-10-28,151.01,10.4,Debit Card,135.29,104.17,31.12,23.0
7997,7,7,2819,221,1,2025-07-06,249.34,3.1,Credit Card,241.63,312.52,-70.89,-29.34
7998,11,63,1273,135,3,2025-05-10,109.18,24.9,Online,246.14,121.11,125.03,50.8
7999,6,77,3015,221,2,2024-12-29,144.14,5.0,Cash,273.83,195.24,78.59,28.7
8000,3,88,3502,595,3,2025-04-11,94.21,3.8,Debit Card,271.91,152.13,119.78,44.05
8001,2,11,722,1023,3,2025-03-09,161.41,5.1,Debit Card,459.48,322.95,136.53,29.71
8002,6,66,3669,855,1,2025-06-10,204.7,10.6,Credit Card,183.0,75.6,107.4,58.69
8003,12,102,1503,293,4,2025-11-15,165.34,10.5,Cash,591.65,324.0,267.65,45.24
8004,7,7,2732,1191,1,2025-02-25,91.73,6.6,Cash,85.68,50.61,35.07,40.93
8005,2,73,1550,582,1,2025-05-24,57.04,8.6,Debit Card,52.16,21.75,30.41,58.3
8006,7,104,3062,1015,1,2025-11-16,245.6,9.1,Cash,223.33,275.23,-51.9,-23.24
8007,3,88,2522,200,1,2025-08-06,297.79,8.7,Cash,271.87,147.88,123.99,45.61
8008,6,72,1177,596,4,2025-04-21,282.63,8.3,Credit Card,1036.73,707.08,329.65,31.8
8009,5,20,566,38,1,2025-06-14,23.6,10.5,Credit Card,21.12,10.77,10.35,49.01
8010,12,108,2690,1372,1,2025-04-19,147.47,6.3,Online,138.24,54.11,84.13,60.86
8011,12,36,4129,388,5,2025-01-26,147.7,6.1,Credit Card,693.4,411.75,281.65,40.62
8012,1,79,1836,1071,1,2025-01-18,171.78,23.0,Cash,132.32,197.6,-65.28,-49.33
8013,12,100,1765,243,1,2025-01-17,249.47,5.4,Credit Card,236.11,102.09,134.02,56.76
8014,9,120,443,16,1,2024-10-20,59.21,11.3,Cash,52.54,26.63,25.91,49.31
8015,4,1,1152,247,2,2025-01-14,200.82,4.9,Credit Card,381.94,427.92,-45.98,-12.04
8016,5,20,341,678,1,2025-01-27,287.43,9.4,Credit Card,260.3,150.62,109.68,42.14
8017,3,46,952,33,5,2025-10-07,238.7,9.2,Online,1083.63,585.0,498.63,46.01
8018,7,7,262,51,2,2025-05-15,234.31,9.8,Online,422.89,515.64,-92.75,-21.93
8019,10,39,2614,28,2,2025-10-15,291.0,29.4,Debit Card,411.0,306.86,104.14,25.34
8020,4,70,1378,60,1,2025-07-24,127.95,3.6,Online,123.41,73.85,49.56,40.16
8021,4,42,627,344,2,2024-12-11,132.76,5.0,Debit Card,252.31,109.42,142.89,56.63
8022,9,111,3247,1124,1,2025-01-07,173.52,11.6,Debit Card,153.38,62.94,90.44,58.96
8023,3,53,4346,236,1,2025-06-26,52.27,4.9,Debit Card,49.73,64.49,-14.76,-29.68
8024,5,76,892,927,1,2025-01-14,266.8,6.0,Cash,250.77,122.99,127.78,50.96
8025,3,88,3632,200,3,2025-05-04,256.48,11.6,Debit Card,680.32,322.05,358.27,52.66
8026,2,110,3971,1066,2,2025-12-02,23.72,11.3,Credit Card,42.06,26.26,15.8,37.57
8027,6,74,3407,79,2,2025-01-08,210.5,5.5,Online,397.96,481.86,-83.9,-21.08
8028,8,9,799,287,3,2025-01-23,220.27,7.9,Debit Card,608.54,318.42,290.12,47.67
8029,5,92,1943,261,4,2025-11-25,176.22,4.7,Debit Card,671.55,332.56,338.99,50.48
8030,2,110,208,52,5,2025-04-06,288.82,8.0,Debit Card,1327.86,656.6,671.26,50.55
8031,12,102,3546,120,2,2024-10-09,70.48,4.8,Credit Card,134.15,51.08,83.07,61.92
8032,5,105,3563,243,1,2025-01-26,272.79,8.7,Debit Card,249.14,304.71,-55.57,-22.3
8033,10,71,3249,816,1,2025-01-11,171.19,23.7,Online,130.66,72.24,58.42,44.71
8034,12,18,349,1215,1,2025-05-26,263.46,6.3,Debit Card,246.96,294.53,-47.57,-19.26
8035,6,74,3440,707,1,2025-05-27,268.54,10.0,Online,241.7,143.06,98.64,40.81
8036,12,102,1097,147,4,2024-12-13,232.12,7.5,Credit Card,859.0,503.4,355.6,41.4
8037,1,3,3072,52,2,2025-03-31,55.45,28.1,Credit Card,79.69,72.6,7.09,8.9
8038,12,102,3616,263,1,2025-05-31,24.31,6.5,Credit Card,22.74,16.35,6.39,28.1
8039,3,115,3518,173,2,2024-11-19,37.42,11.1,Online,66.53,37.88,28.65,43.06
8040,7,19,2836,282,1,2025-07-15,86.11,10.0,Online,77.46,47.27,30.19,38.97
8041,9,24,2796,199,1,2025-05-29,213.06,9.8,Online,192.16,111.85,80.31,41.79
8042,8,85,4412,190,4,2025-04-08,283.73,7.3,Online,1052.4,474.16,578.24,54.94
8043,4,1,1675,1236,1,2025-06-25,51.81,7.5,Credit Card,47.92,63.23,-15.31,-31.95
8044,6,49,1186,503,4,2025-07-24,244.66,5.7,Debit Card,922.47,451.8,470.67,51.02
8045,10,67,4192,510,2,2024-11-13,95.8,26.1,Cash,141.63,92.26,49.37,34.86
8046,11,97,2225,67,5,2025-10-16,227.26,22.4,Cash,881.89,620.35,261.54,29.66
8047,9,61,4929,195,1,2024-11-19,225.15,6.6,Credit Card,210.25,158.12,52.13,24.79
8048,7,95,1447,789,1,2024-12-23,96.65,8.1,Debit Card,88.83,38.93,49.9,56.17
8049,10,39,3168,284,5,2025-08-12,64.23,27.5,Debit Card,232.68,154.15,78.53,33.75
8050,11,12,1988,231,4,2025-07-02,76.68,32.5,Credit Card,206.98,208.64,-1.66,-0.8
8051,2,8,1943,1419,2,2025-07-03,176.22,6.3,Debit Card,330.16,166.28,163.88,49.64
8052,6,49,2301,69,4,2025-06-11,266.3,10.2,Online,956.73,520.64,436.09,45.58
8053,8,116,3033,81,2,2025-04-20,35.16,4.1,Credit Card,67.45,29.16,38.29,56.77
8054,1,59,2212,282,3,2025-05-17,219.35,32.6,Online,443.64,322.65,120.99,27.27
8055,11,63,2100,203,3,2025-02-06,124.92,30.7,Credit Card,259.63,229.2,30.43,11.72
8056,1,54,1148,241,2,2025-11-18,41.76,27.8,Debit Card,60.34,106.98,-46.64,-77.3
8057,1,48,3987,274,5,2025-08-23,82.75,26.2,Cash,305.55,284.2,21.35,6.99
8058,4,56,2511,64,2,2025-04-25,38.73,8.1,Debit Card,71.18,34.92,36.26,50.94
8059,2,83,2208,136,4,2025-02-27,60.6,3.8,Cash,233.1,100.0,133.1,57.1
8060,7,7,673,269,2,2025-03-25,65.78,6.8,Debit Card,122.63,64.92,57.71,47.06
8061,4,34,4924,97,4,2025-08-27,38.7,4.1,Online,148.44,101.92,46.52,31.34
8062,7,5,453,1019,2,2025-08-21,39.45,5.7,Credit Card,74.4,55.12,19.28,25.91
8063,12,100,3823,851,5,2025-02-07,93.96,6.3,Debit Card,440.16,184.55,255.61,58.07
8064,10,39,1414,285,1,2025-11-24,149.86,22.4,Credit Card,116.34,171.86,-55.52,-47.72
8065,11,64,3042,248,1,2025-11-19,73.88,30.7,Debit Card,51.23,36.0,15.23,29.73
8066,2,28,641,1289,1,2025-06-27,55.87,5.5,Cash,52.82,29.82,23.0,43.54
8067,3,21,2293,758,2,2025-03-18,237.48,8.7,Online,433.6,322.42,111.18,25.64
8068,12,93,1387,20,2,2025-10-02,235.25,9.1,Cash,427.65,318.42,109.23,25.54
8069,1,58,1174,112,1,2025-05-16,232.31,32.9,Debit Card,155.8,127.33,28.47,18.27
8070,9,51,2822,37,2,2024-12-12,155.32,6.4,Debit Card,290.87,172.7,118.17,40.63
8071,12,108,4540,1485,3,2025-10-09,228.26,10.6,Online,612.33,405.93,206.4,33.71
8072,11,81,3325,212,2,2025-06-26,134.9,29.0,Credit Card,191.51,186.4,5.11,2.67
8073,6,107,439,68,2,2025-02-09,61.44,9.8,Online,110.81,55.92,54.89,49.54
8074,11,12,3778,180,5,2025-01-30,130.82,34.0,Credit Card,431.83,431.55,0.28,0.06
8075,10,101,1070,1440,4,2024-10-22,70.02,29.8,Credit Card,196.57,150.52,46.05,23.43
8076,10,71,434,72,3,2025-01-25,155.48,23.9,Cash,354.83,269.13,85.7,24.15
8077,7,5,2586,179,5,2025-06-10,126.96,3.3,Online,613.84,410.45,203.39,33.13
8078,11,44,3833,138,5,2025-09-25,88.08,28.1,Online,316.85,289.55,27.3,8.62
8079,4,42,1796,871,3,2025-09-13,247.45,5.2,Cash,704.05,452.73,251.32,35.7
8080,4,34,2403,13,1,2024-12-20,221.44,8.2,Cash,203.31,280.34,-77.03,-37.89
8081,10,15,4277,1341,3,2024-12-13,254.96,28.8,Credit Card,544.81,503.01,41.8,7.67
8082,10,67,4125,1107,5,2025-02-25,288.83,31.3,Cash,991.84,643.3,348.54,35.14
8083,8,9,2007,183,2,2025-02-04,98.26,9.8,Credit Card,177.18,92.7,84.48,47.68
8084,1,98,1208,1204,1,2025-05-10,19.72,30.0,Cash,13.81,10.02,3.79,27.44
8085,11,63,103,213,1,2025-11-06,183.46,22.6,Online,141.97,109.62,32.35,22.79
8086,7,95,2757,146,2,2024-12-12,86.9,4.7,Online,165.68,113.76,51.92,31.34
8087,4,31,3604,204,2,2025-07-22,37.35,6.2,Credit Card,70.05,53.52,16.53,23.6
8088,4,42,4035,975,1,2025-09-08,212.58,7.2,Debit Card,197.18,124.31,72.87,36.96
8089,8,30,4091,281,1,2025-04-10,299.63,9.7,Credit Card,270.53,142.99,127.54,47.14
8090,6,74,3494,109,1,2025-01-30,150.03,11.7,Debit Card,132.55,104.14,28.41,21.43
8091,5,20,4452,35,2,2025-02-27,53.98,5.4,Debit Card,102.17,70.4,31.77,31.1
8092,9,6,1260,320,1,2025-03-06,292.05,10.2,Online,262.38,174.01,88.37,33.68
8093,12,18,3728,956,2,2024-12-04,61.78,5.9,Cash,116.29,79.14,37.15,31.95
8094,2,89,4483,1067,3,2024-10-22,59.72,6.6,Credit Card,167.28,107.58,59.7,35.69
8095,7,104,2112,969,2,2024-12-28,194.57,7.9,Debit Card,358.26,210.78,147.48,41.17
8096,2,83,93,257,1,2024-12-17,229.56,7.1,Debit Card,213.28,109.32,103.96,48.74
8097,12,18,1082,189,5,2025-05-30,222.1,5.8,Debit Card,1046.27,609.15,437.12,41.78
8098,5,92,926,1427,4,2024-10-04,108.82,3.3,Credit Card,421.1,229.76,191.34,45.44
8099,3,14,1578,1268,5,2025-09-25,94.81,10.2,Cash,425.7,518.75,-93.05,-21.86
8100,9,51,2497,757,2,2024-10-07,170.03,7.3,Online,315.1,169.76,145.34,46.13
8101,6,77,1535,216,5,2024-10-20,50.97,4.7,Debit Card,242.9,100.7,142.2,58.54
8102,6,99,200,1421,2,2024-12-12,264.03,8.6,Cash,482.52,360.12,122.4,25.37
8103,3,115,2812,187,2,2025-11-26,299.63,10.0,Online,539.59,431.24,108.35,20.08
8104,9,37,2829,554,3,2024-12-09,257.02,9.2,Debit Card,700.24,524.31,175.93,25.12
8105,12,18,1065,148,4,2025-05-13,56.29,8.0,Credit Card,207.04,140.72,66.32,32.03
8106,7,41,81,1008,2,2025-03-08,68.7,4.7,Cash,130.93,97.84,33.09,25.27
8107,5,105,865,1081,2,2024-11-20,105.33,5.4,Online,199.33,105.3,94.03,47.17
8108,10,117,3184,255,3,2025-02-11,267.77,24.5,Cash,606.33,568.38,37.95,6.26
8109,7,84,213,282,1,2025-11-11,185.2,5.0,Debit Card,175.94,97.23,78.71,44.74
8110,10,33,4470,1346,1,2025-10-02,210.01,22.7,Debit Card,162.35,77.25,85.1,52.42
8111,2,11,2640,72,3,2025-08-10,198.34,11.2,Online,528.09,709.44,-181.35,-34.34
8112,6,99,3871,236,2,2025-02-28,284.6,4.0,Credit Card,546.42,364.76,181.66,33.25
8113,5,76,2668,265,4,2024-11-24,82.44,11.5,Cash,291.87,131.04,160.83,55.1
8114,6,72,3418,950,3,2025-11-03,205.41,4.3,Cash,589.82,262.17,327.65,55.55
8115,11,97,2665,834,1,2025-01-05,118.39,27.4,Debit Card,85.99,80.12,5.87,6.83
8116,12,36,785,307,1,2025-02-12,199.49,4.7,Credit Card,190.1,71.19,118.91,62.55
8117,12,108,4640,78,1,2024-11-02,82.62,8.9,Credit Card,75.25,96.64,-21.39,-28.43
8118,8,116,1433,204,1,2025-03-13,101.94,10.5,Debit Card,91.26,62.28,28.98,31.76
8119,12,18,1368,46,1,2025-02-22,34.29,3.8,Cash,32.97,15.98,16.99,51.53
8120,3,53,101,76,5,2024-12-08,75.93,11.6,Debit Card,335.78,220.65,115.13,34.29
8121,10,67,1702,114,2,2025-02-04,90.55,26.9,Debit Card,132.36,81.4,50.96,38.5
8122,8,57,2745,167,4,2025-01-29,208.67,7.1,Online,775.09,498.24,276.85,35.72
8123,9,61,1161,221,3,2025-03-22,185.15,11.4,Debit Card,492.03,309.84,182.19,37.03
8124,5,20,4804,663,1,2025-03-23,297.49,10.9,Credit Card,264.97,314.01,-49.04,-18.51
8125,5,113,4847,12,5,2025-08-20,16.42,4.0,Cash,78.85,35.2,43.65,55.36
8126,7,95,1473,1116,3,2025-10-13,197.08,8.6,Cash,540.53,354.72,185.81,34.38
8127,4,56,4105,1477,2,2025-04-07,252.85,10.2,Online,454.2,264.44,189.76,41.78
8128,3,88,2882,1393,3,2025-10-28,209.31,9.7,Credit Card,566.8,318.6,248.2,43.79
8129,12,100,1393,213,2,2024-12-30,242.53,5.2,Cash,459.73,282.76,176.97,38.49
8130,3,53,709,200,5,2025-04-05,46.7,6.1,Online,219.3,89.9,129.4,59.01
8131,9,52,356,262,1,2025-07-19,252.39,5.3,Online,239.14,163.8,75.34,31.5
8132,11,97,4464,494,3,2024-10-02,200.71,27.8,Online,434.89,390.15,44.74,10.29
8133,10,67,1291,139,1,2025-02-16,102.53,34.0,Cash,67.68,60.36,7.32,10.82
8134,1,54,2194,465,5,2025-11-12,190.96,22.3,Credit Card,741.96,664.1,77.86,10.49
8135,9,27,4130,155,1,2024-10-29,123.73,5.7,Cash,116.68,53.58,63.1,54.08
8136,8,94,4784,482,1,2025-05-30,47.74,9.8,Cash,43.06,33.92,9.14,21.23
8137,1,86,4358,459,3,2025-08-31,178.31,33.6,Debit Card,355.33,372.93,-17.6,-4.95
8138,8,116,2171,1,5,2025-01-11,20.35,5.9,Credit Card,95.73,52.1,43.63,45.58
8139,4,1,3068,1114,5,2025-01-26,155.28,7.5,Cash,717.92,326.7,391.22,54.49
8140,6,99,4889,97,4,2024-10-03,122.69,5.2,Debit Card,465.45,234.96,230.49,49.52
8141,8,112,762,1479,4,2025-07-01,254.2,10.0,Debit Card,915.51,457.44,458.07,50.03
8142,1,118,2009,276,2,2025-01-17,281.07,32.9,Online,377.42,337.3,40.12,10.63
8143,4,31,2414,194,1,2025-09-23,209.79,10.7,Debit Card,187.25,116.62,70.63,37.72
8144,2,13,4769,46,1,2025-06-07,29.41,8.1,Debit Card,27.04,17.1,9.94,36.76
8145,1,48,4006,543,1,2024-10-21,32.69,25.8,Cash,24.26,16.79,7.47,30.79
8146,4,70,3550,180,2,2025-07-27,212.85,4.2,Credit Card,407.82,198.8,209.02,51.25
8147,12,102,4447,1389,5,2025-03-11,121.73,9.8,Debit Card,549.1,438.2,110.9,20.2
8148,3,46,3674,1072,1,2024-11-11,120.97,8.3,Credit Card,110.98,42.37,68.61,61.82
8149,9,51,51,63,1,2024-12-06,146.82,3.3,Online,142.01,89.56,52.45,36.93
8150,1,118,154,229,4,2024-11-25,79.36,32.9,Online,213.01,158.64,54.37,25.52
8151,11,12,562,223,5,2025-10-27,34.71,27.3,Debit Card,126.24,78.2,48.04,38.05
8152,6,66,1055,627,1,2024-11-29,152.92,10.0,Online,137.63,70.54,67.09,48.75
8153,4,56,3679,137,5,2025-09-20,215.56,11.5,Credit Card,953.39,522.2,431.19,45.23
8154,4,1,675,1009,5,2024-10-03,76.81,10.6,Cash,343.52,254.75,88.77,25.84
8155,3,14,4420,1325,1,2025-09-25,296.42,9.8,Online,267.23,141.85,125.38,46.92
8156,2,103,3813,277,1,2025-11-01,15.25,5.9,Cash,14.34,8.37,5.97,41.63
8157,4,56,264,1282,4,2025-03-20,96.26,6.8,Debit Card,358.98,141.68,217.3,60.53
8158,7,95,1862,163,5,2025-07-31,184.03,10.7,Online,821.73,404.1,417.63,50.82
8159,7,41,2128,159,4,2025-02-14,128.15,7.5,Credit Card,474.01,290.8,183.21,38.65
8160,1,68,3121,671,2,2025-09-30,126.17,31.4,Credit Card,173.01,112.9,60.11,34.74
8161,10,55,2156,223,2,2025-05-02,27.48,22.0,Debit Card,42.85,24.86,17.99,41.98
8162,3,115,1614,139,5,2025-05-09,114.67,7.1,Credit Card,532.39,259.45,272.94,51.27
8163,12,102,2030,155,1,2024-12-16,38.05,6.3,Cash,35.64,24.47,11.17,31.34
8164,4,31,3974,998,1,2025-04-14,76.8,3.1,Cash,74.42,50.8,23.62,31.74
8165,3,14,4413,441,1,2025-12-04,91.62,11.9,Cash,80.71,32.37,48.34,59.89
8166,6,78,1874,875,1,2024-11-20,283.49,10.9,Debit Card,252.62,199.79,52.83,20.91
8167,7,41,2528,207,2,2024-10-30,257.34,3.2,Debit Card,498.42,306.86,191.56,38.43
8168,4,42,4075,1317,1,2025-01-23,187.08,5.5,Debit Card,176.73,73.04,103.69,58.67
8169,12,100,4652,1173,2,2025-09-25,271.26,5.7,Cash,511.42,271.16,240.26,46.98
8170,7,7,2276,18,3,2025-11-26,113.05,6.0,Debit Card,318.76,166.35,152.41,47.81
8171,6,99,4959,183,4,2025-03-22,279.36,5.6,Debit Card,1054.54,703.52,351.02,33.29
8172,1,59,2280,37,2,2024-12-09,148.65,32.8,Online,199.66,201.88,-2.22,-1.11
8173,1,3,2660,119,4,2024-11-07,58.61,29.5,Credit Card,165.29,115.0,50.29,30.43
8174,12,93,4060,1278,2,2025-08-09,142.12,8.4,Debit Card,260.46,163.36,97.1,37.28
8175,4,34,2682,1188,4,2024-11-24,153.24,6.9,Debit Card,570.73,663.04,-92.31,-16.17
8176,7,62,2142,29,2,2025-02-22,283.95,9.2,Credit Card,515.44,244.0,271.44,52.66
8177,4,42,3815,18,5,2025-05-31,259.27,8.6,Credit Card,1185.17,543.55,641.62,54.14
8178,7,95,3098,438,5,2025-02-10,251.09,4.6,Debit Card,1197.88,460.6,737.28,61.55
8179,6,74,2498,118,4,2025-02-17,277.2,5.7,Credit Card,1045.59,541.56,504.03,48.21
8180,4,42,1965,2,2,2024-11-03,281.08,11.7,Online,496.44,341.38,155.06,31.23
8181,10,55,239,999,2,2025-04-07,145.45,23.7,Online,221.9,201.5,20.4,9.19
8182,8,116,2165,193,1,2024-10-03,242.75,3.4,Credit Card,234.5,131.07,103.43,44.11
8183,1,59,4757,209,2,2025-01-14,141.46,33.0,Debit Card,189.6,122.52,67.08,35.38
8184,7,104,3940,55,1,2025-08-27,124.8,11.9,Credit Card,109.98,49.08,60.9,55.37
8185,12,100,3270,238,4,2025-08-03,281.2,3.1,Credit Card,1089.37,579.84,509.53,46.77
8186,12,93,4926,829,2,2025-07-01,160.66,11.6,Online,284.11,154.8,129.31,45.51
8187,1,59,4859,150,1,2025-01-21,237.78,22.5,Credit Card,184.27,105.25,79.02,42.88
8188,6,74,4512,984,2,2025-07-05,294.31,8.7,Cash,537.7,298.96,238.74,44.4
8189,7,7,1269,451,1,2025-10-23,238.02,10.4,Cash,213.23,144.45,68.78,32.26
8190,6,66,4688,208,1,2025-04-05,29.07,12.0,Credit Card,25.59,16.34,9.25,36.15
8191,4,31,921,253,1,2025-07-06,113.08,6.2,Debit Card,106.03,57.19,48.84,46.06
8192,8,9,1961,56,1,2025-07-12,8.26,10.9,Online,7.36,5.46,1.9,25.82
8193,11,44,2520,1182,1,2025-12-05,273.62,22.3,Cash,212.6,297.47,-84.87,-39.92
8194,8,94,301,1182,2,2024-11-22,116.96,9.6,Online,211.54,115.58,95.96,45.36
8195,2,26,1666,192,1,2025-08-23,290.45,10.4,Online,260.2,140.81,119.39,45.88
8196,1,48,3076,477,4,2025-09-28,276.54,33.2,Debit Card,738.59,631.28,107.31,14.53
8197,8,57,4570,794,1,2025-06-29,120.43,4.6,Credit Card,114.87,70.68,44.19,38.47
8198,7,19,3338,978,2,2025-03-18,259.54,3.0,Credit Card,503.26,267.54,235.72,46.84
8199,10,90,481,675,4,2025-09-25,106.53,28.6,Debit Card,304.15,261.24,42.91,14.11
8200,11,63,1639,251,2,2024-11-28,89.41,23.2,Online,137.33,95.74,41.59,30.28
8201,2,69,2197,594,2,2025-06-03,147.61,6.6,Online,275.74,181.78,93.96,34.08
8202,5,20,389,1343,3,2025-07-26,191.24,11.1,Online,510.21,330.0,180.21,35.32
8203,5,20,813,236,2,2025-12-03,117.74,4.4,Online,225.11,126.6,98.51,43.76
8204,7,62,1200,41,1,2025-03-02,68.43,10.1,Online,61.55,30.91,30.64,49.78
8205,2,43,4378,926,5,2025-03-03,178.28,3.8,Debit Card,857.58,578.75,278.83,32.51
8206,9,52,1171,664,3,2025-04-10,117.61,5.4,Credit Card,333.7,173.43,160.27,48.03
8207,9,37,3499,149,2,2025-11-25,297.78,5.6,Cash,562.04,251.26,310.78,55.29
8208,5,76,2839,295,4,2024-10-15,148.86,5.4,Cash,563.56,356.12,207.44,36.81
8209,11,64,4393,37,3,2025-11-20,264.52,23.3,Cash,608.51,404.73,203.78,33.49
8210,2,89,4563,240,2,2025-04-06,264.94,10.5,Credit Card,474.18,213.56,260.62,54.96
8211,12,60,748,200,2,2025-05-13,205.91,4.4,Credit Card,393.83,286.54,107.29,27.24
8212,7,41,2958,126,1,2025-02-13,98.26,11.5,Debit Card,86.95,38.52,48.43,55.7
8213,4,42,1393,77,3,2024-11-22,242.53,6.3,Cash,681.56,424.14,257.42,37.77
8214,11,12,405,172,3,2025-06-01,58.36,30.9,Credit Card,121.03,71.46,49.57,40.96
8215,3,14,2627,1309,5,2024-12-09,179.41,3.6,Debit Card,864.8,502.45,362.35,41.9
8216,11,44,2129,257,5,2025-05-12,88.15,29.0,Credit Card,312.76,514.75,-201.99,-64.58
8217,7,41,2319,101,1,2025-01-27,55.88,3.1,Credit Card,54.12,22.22,31.9,58.94
8218,7,84,4091,1007,3,2025-07-28,299.63,8.6,Cash,821.17,428.97,392.2,47.76
8219,1,68,14,135,1,2025-10-27,138.32,28.5,Online,98.83,62.7,36.13,36.56
8220,7,19,2787,909,1,2024-12-03,164.94,8.7,Cash,150.65,72.63,78.02,51.79
8221,10,15,4260,9,5,2025-06-08,80.05,30.0,Online,280.12,261.7,18.42,6.58
8222,5,40,4694,1271,1,2025-02-08,203.6,11.7,Debit Card,179.7,90.48,89.22,49.65
8223,7,41,2432,268,1,2025-09-07,9.54,7.9,Cash,8.78,3.89,4.89,55.69
8224,8,109,3088,790,2,2025-08-16,30.08,9.3,Credit Card,54.56,30.6,23.96,43.91
8225,10,117,3473,158,3,2025-06-04,299.63,30.4,Credit Card,626.01,386.22,239.79,38.3
8226,12,60,902,1039,3,2024-11-22,47.39,9.9,Credit Card,128.16,82.38,45.78,35.72
8227,7,62,549,575,1,2024-11-07,96.77,4.7,Debit Card,92.19,40.69,51.5,55.86
8228,10,15,3288,24,2,2025-08-07,69.47,25.4,Debit Card,103.6,81.96,21.64,20.89
8229,2,23,4760,21,1,2025-03-31,7.11,8.7,Credit Card,6.49,3.57,2.92,44.99
8230,4,31,2912,181,4,2024-11-05,230.4,9.0,Debit Card,838.99,531.68,307.31,36.63
8231,6,99,3584,26,3,2025-12-01,150.94,8.9,Cash,412.54,260.01,152.53,36.97
8232,9,106,67,22,1,2024-11-01,120.13,3.3,Credit Card,116.15,82.44,33.71,29.02
8233,5,119,2086,189,2,2024-12-28,245.62,8.5,Cash,449.47,180.98,268.49,59.73
8234,12,102,4922,116,1,2024-12-31,57.57,10.6,Online,51.45,34.04,17.41,33.84
8235,2,13,3288,176,1,2025-01-02,69.47,8.2,Debit Card,63.79,40.98,22.81,35.76
8236,4,34,4955,202,2,2025-09-15,18.85,11.4,Credit Card,33.42,22.56,10.86,32.5
8237,8,85,4884,43,2,2025-08-22,135.47,3.3,Cash,262.03,134.54,127.49,48.65
8238,4,34,3411,318,2,2025-09-27,47.45,7.4,Debit Card,87.92,58.3,29.62,33.69
8239,8,94,2020,174,2,2025-05-07,14.08,5.9,Credit Card,26.49,19.84,6.65,25.1
8240,4,34,4222,783,5,2025-05-03,269.15,5.2,Debit Card,1275.8,850.55,425.25,33.33
8241,8,116,1,1474,2,2024-10-20,98.97,5.9,Debit Card,186.2,214.8,-28.6,-15.36
8242,3,53,2453,191,5,2025-07-09,279.05,3.4,Online,1348.2,795.4,552.8,41.0
8243,4,31,1586,726,4,2025-01-07,213.19,3.8,Online,820.47,379.76,440.71,53.71
8244,10,67,522,148,3,2024-10-19,82.44,34.0,Credit Card,163.33,159.39,3.94,2.41
8245,9,65,3358,934,1,2025-02-23,295.84,3.7,Credit Card,284.8,162.35,122.45,43.0
8246,5,47,4381,550,2,2025-01-20,120.12,11.1,Cash,213.64,151.78,61.86,28.96
8247,3,14,3075,125,5,2025-07-13,225.83,9.1,Cash,1025.84,711.9,313.94,30.6
8248,3,53,1260,231,1,2025-05-03,292.05,8.8,Online,266.35,174.01,92.34,34.67
8249,4,1,140,919,1,2025-09-04,145.26,8.3,Online,133.25,77.42,55.83,41.9
8250,2,45,3677,629,1,2025-07-19,64.92,11.2,Online,57.63,43.45,14.18,24.61
8251,7,104,965,16,2,2025-05-17,103.16,6.2,Credit Card,193.51,96.4,97.11,50.18
8252,7,95,212,1,2,2025-04-25,253.42,5.2,Debit Card,480.43,295.72,184.71,38.45
8253,9,51,2092,762,1,2024-11-11,279.41,9.0,Cash,254.37,168.81,85.56,33.64
8254,8,116,1539,227,5,2025-05-13,191.36,7.4,Debit Card,886.25,632.95,253.3,28.58
8255,3,88,4498,256,4,2025-07-07,22.2,11.1,Credit Card,78.92,58.76,20.16,25.54
8256,5,22,3898,1394,2,2024-12-30,51.04,3.6,Credit Card,98.43,57.72,40.71,41.36
8257,8,30,1608,67,2,2025-07-16,71.69,8.8,Debit Card,130.83,93.64,37.19,28.43
8258,8,116,2983,17,5,2025-04-16,29.96,10.6,Debit Card,133.89,61.05,72.84,54.4
8259,2,110,3641,95,2,2024-11-03,58.19,5.1,Debit Card,110.46,66.2,44.26,40.07
8260,12,100,4861,638,1,2025-12-08,103.4,10.4,Debit Card,92.64,70.0,22.64,24.44
8261,1,59,3857,92,4,2025-06-22,150.71,22.8,Credit Card,465.6,282.92,182.68,39.24
8262,5,105,3344,265,2,2025-09-13,213.94,11.3,Cash,379.45,186.3,193.15,50.9
8263,1,82,4078,1067,2,2025-04-23,53.2,31.4,Credit Card,73.01,69.1,3.91,5.36
8264,7,41,244,1022,1,2024-11-04,54.29,5.4,Debit Card,51.38,36.97,14.41,28.05
8265,8,85,4708,106,2,2025-09-28,236.2,9.7,Debit Card,426.57,337.06,89.51,20.98
8266,11,64,1088,1192,2,2024-11-03,216.54,25.1,Debit Card,324.21,163.1,161.11,49.69
8267,6,72,3192,1482,5,2025-09-02,169.71,5.0,Credit Card,806.3,369.75,436.55,54.14
8268,3,14,1350,1423,1,2025-11-20,93.75,9.4,Debit Card,84.93,39.49,45.44,53.5
8269,12,108,453,1174,1,2025-11-26,39.45,10.4,Credit Card,35.33,27.56,7.77,21.99
8270,10,16,2703,32,1,2025-04-01,232.35,32.6,Debit Card,156.5,148.25,8.25,5.27
8271,1,79,3907,382,5,2024-12-28,232.08,23.5,Debit Card,888.0,497.6,390.4,43.96
8272,2,114,3042,220,5,2025-01-22,73.88,7.2,Cash,342.73,180.0,162.73,47.48
8273,2,28,4796,140,3,2025-07-28,274.21,4.7,Cash,784.33,392.37,391.96,49.97
8274,10,75,2592,158,2,2025-10-21,90.32,33.9,Credit Card,119.44,89.0,30.44,25.49
8275,2,114,256,1330,2,2025-04-01,50.73,10.4,Debit Card,90.9,49.04,41.86,46.05
8276,10,87,3171,1357,2,2025-01-23,171.62,27.7,Cash,248.29,238.16,10.13,4.08
8277,5,22,4688,51,2,2025-03-17,29.07,11.2,Online,51.6,32.68,18.92,36.67
8278,2,23,2625,102,2,2025-11-30,150.49,10.4,Debit Card,269.74,137.0,132.74,49.21
8279,9,111,2202,1254,2,2024-10-04,289.52,3.3,Debit Card,560.06,308.02,252.04,45.0
8280,6,72,2987,342,2,2025-04-14,167.24,10.0,Credit Card,301.0,187.86,113.14,37.59
8281,7,62,1978,619,4,2025-08-31,231.54,4.1,Debit Card,888.23,558.84,329.39,37.08
8282,3,21,2870,174,3,2025-09-09,18.41,6.0,Credit Card,51.93,35.58,16.35,31.48
8283,10,15,3721,121,3,2025-03-21,104.79,26.6,Credit Card,230.84,134.01,96.83,41.95
8284,7,41,926,223,4,2025-05-31,108.82,3.6,Cash,419.72,229.76,189.96,45.26
8285,4,42,4525,171,1,2025-11-23,45.08,8.5,Online,41.27,26.54,14.73,35.69
8286,8,80,3985,1334,1,2025-05-02,123.22,11.6,Debit Card,108.96,52.77,56.19,51.57
8287,9,24,3822,83,1,2025-02-10,240.09,3.6,Credit Card,231.33,122.36,108.97,47.11
8288,5,47,98,1476,2,2024-10-12,292.8,9.7,Debit Card,528.55,325.44,203.11,38.43
8289,3,115,1357,1220,1,2025-03-07,230.1,5.5,Debit Card,217.41,99.18,118.23,54.38
8290,11,63,4117,286,4,2025-02-06,193.64,23.3,Debit Card,593.79,487.76,106.03,17.86
8291,6,107,1706,172,2,2025-09-06,65.11,11.3,Cash,115.5,82.58,32.92,28.5
8292,3,21,2933,671,1,2025-05-16,256.39,3.5,Debit Card,247.45,168.43,79.02,31.93
8293,6,99,3706,241,1,2024-12-29,150.71,4.0,Credit Card,144.75,102.88,41.87,28.93
8294,7,104,855,188,3,2024-11-30,109.71,5.0,Debit Card,312.54,193.83,118.71,37.98
8295,6,77,4403,167,5,2025-03-04,20.25,11.4,Cash,89.73,55.85,33.88,37.76
8296,4,34,3883,41,1,2025-08-21,28.16,5.7,Credit Card,26.55,10.36,16.19,60.98
8297,7,104,2337,218,5,2025-10-21,198.55,3.3,Cash,960.35,684.0,276.35,28.78
8298,2,10,988,124,1,2025-02-08,37.78,4.7,Credit Card,36.01,26.05,9.96,27.66
8299,5,47,3093,10,4,2025-06-09,244.27,7.0,Credit Card,908.63,644.08,264.55,29.12
8300,6,66,915,117,1,2025-02-20,42.96,10.9,Cash,38.26,27.83,10.43,27.26
8301,6,107,3182,118,1,2025-02-03,206.56,5.3,Debit Card,195.52,78.49,117.03,59.86
8302,5,22,4335,152,1,2025-02-07,47.19,7.6,Online,43.61,23.88,19.73,45.24
8303,10,38,3290,1337,1,2025-02-10,19.98,26.1,Cash,14.76,13.52,1.24,8.4
8304,5,105,2623,1199,5,2024-11-18,284.68,8.2,Credit Card,1307.11,589.8,717.31,54.88
8305,8,57,2315,17,1,2025-12-04,298.32,3.8,Cash,286.99,181.74,105.25,36.67
8306,5,20,1433,120,1,2024-11-22,101.94,7.5,Cash,94.29,62.28,32.01,33.95
8307,11,44,4799,222,5,2025-12-01,64.96,24.9,Credit Card,243.86,128.95,114.91,47.12
8308,6,78,3879,139,2,2025-03-17,170.84,11.8,Credit Card,301.3,205.98,95.32,31.64
8309,10,15,3786,198,5,2024-11-13,55.24,33.3,Debit Card,184.22,196.6,-12.38,-6.72
8310,1,79,1340,992,1,2025-11-09,122.17,30.0,Cash,85.57,132.82,-47.25,-55.22
8311,1,4,2561,285,5,2025-01-04,134.01,26.2,Online,494.31,359.4,134.91,27.29
8312,1,50,891,210,2,2025-04-28,141.39,23.1,Cash,217.42,150.74,66.68,30.67
8313,4,31,50,243,1,2025-07-13,72.4,5.8,Debit Card,68.23,41.64,26.59,38.97
8314,3,115,4167,138,1,2025-06-17,177.45,4.3,Debit Card,169.8,127.47,42.33,24.93
8315,5,76,3729,106,3,2025-05-06,212.08,11.9,Debit Card,560.26,352.05,208.21,37.16
8316,7,41,3297,107,1,2025-04-07,223.68,5.2,Credit Card,212.04,89.96,122.08,57.57
8317,6,99,1170,896,1,2025-11-28,43.69,10.8,Debit Card,38.97,24.49,14.48,37.16
8318,3,21,1644,97,1,2025-11-21,220.3,6.9,Online,205.13,90.84,114.29,55.72
8319,2,45,73,1234,3,2024-11-06,207.0,5.9,Cash,584.23,221.25,362.98,62.13
8320,2,10,3031,225,5,2025-08-24,40.39,5.2,Debit Card,191.38,86.2,105.18,54.96
8321,3,53,1050,267,5,2024-10-08,29.12,10.8,Credit Card,129.93,89.8,40.13,30.89
8322,10,38,2517,333,5,2025-10-13,245.52,28.0,Credit Card,884.14,579.95,304.19,34.41
8323,3,14,2421,154,1,2025-01-14,39.59,10.9,Online,35.29,14.09,21.2,60.07
8324,3,21,2160,1187,5,2025-03-09,36.44,9.6,Online,164.69,105.2,59.49,36.12
8325,8,57,4192,325,1,2025-10-18,95.8,3.6,Credit Card,92.38,46.13,46.25,50.06
8326,3,14,3357,1199,1,2025-09-27,110.53,6.2,Credit Card,103.7,62.75,40.95,39.49
8327,6,72,611,254,2,2025-11-13,152.11,10.3,Debit Card,272.79,109.16,163.63,59.98
8328,9,51,2872,20,1,2025-06-20,128.83,11.8,Credit Card,113.68,48.52,65.16,57.32
8329,8,80,751,16,1,2025-02-22,38.52,10.7,Debit Card,34.38,49.62,-15.24,-44.33
8330,6,72,3396,154,1,2025-01-26,180.95,9.0,Cash,164.63,87.07,77.56,47.11
8331,10,39,4127,1042,3,2025-07-22,287.08,31.1,Debit Card,593.35,584.01,9.34,1.57
8332,5,119,653,134,2,2025-01-09,28.61,6.3,Debit Card,53.61,33.82,19.79,36.91
8333,5,47,3905,243,4,2025-04-12,78.69,9.0,Online,286.34,154.32,132.02,46.11
8334,8,109,1748,101,3,2025-11-16,170.37,9.8,Credit Card,460.89,192.96,267.93,58.13
8335,7,7,1058,751,2,2025-11-04,57.62,7.5,Credit Card,106.57,55.58,50.99,47.85
8336,11,63,1311,510,1,2025-09-17,158.57,32.0,Credit Card,107.88,56.62,51.26,47.52
8337,5,119,1962,1208,5,2025-11-24,182.41,11.4,Credit Card,808.52,464.7,343.82,42.52
8338,11,97,4982,178,2,2025-01-24,274.71,28.5,Debit Card,392.99,395.0,-2.01,-0.51
8339,10,101,4955,1455,2,2025-05-17,18.85,33.9,Credit Card,24.91,22.56,2.35,9.43
8340,6,49,2523,1134,2,2025-07-28,37.72,4.1,Credit Card,72.36,31.8,40.56,56.05
8341,12,60,4138,225,1,2025-01-23,173.74,9.6,Online,156.98,61.44,95.54,60.86
8342,5,20,832,1081,3,2025-07-12,258.16,8.9,Online,705.25,298.92,406.33,57.62
8343,11,64,2727,213,2,2025-07-12,161.98,27.4,Credit Card,235.11,114.06,121.05,51.49
8344,9,120,1912,863,2,2025-11-07,72.02,11.6,Debit Card,127.3,89.7,37.6,29.54
8345,11,63,641,181,2,2025-08-10,55.87,23.0,Debit Card,86.06,59.64,26.42,30.7
8346,6,66,731,128,2,2024-12-27,165.37,4.1,Credit Card,317.17,125.44,191.73,60.45
8347,3,115,3017,713,1,2025-11-03,105.07,4.9,Cash,99.97,63.2,36.77,36.78
8348,3,46,3422,1394,5,2025-09-06,228.7,9.5,Cash,1034.9,485.8,549.1,53.06
8349,10,101,2636,680,1,2025-02-27,142.19,25.5,Online,105.97,94.76,11.21,10.58
8350,10,67,4617,1430,1,2024-11-22,188.57,29.9,Credit Card,132.22,87.91,44.31,33.51
8351,4,31,3359,1262,2,2024-10-23,239.85,4.3,Debit Card,459.01,307.38,151.63,33.03
8352,5,47,2216,214,4,2025-09-03,263.8,9.4,Debit Card,956.44,701.28,255.16,26.68
8353,12,60,1027,253,2,2025-05-19,39.13,5.8,Debit Card,73.68,55.44,18.24,24.76
8354,9,2,512,96,5,2024-12-03,54.78,6.6,Cash,255.85,179.65,76.2,29.78
8355,10,101,499,220,1,2025-10-02,136.86,29.5,Cash,96.46,56.36,40.1,41.57
8356,11,81,1954,802,3,2024-11-22,251.78,26.0,Cash,559.03,382.35,176.68,31.6
8357,2,103,170,262,1,2025-11-29,123.12,11.7,Debit Card,108.77,54.5,54.27,49.89
8358,2,26,1772,1421,1,2025-09-29,14.2,10.1,Credit Card,12.76,5.47,7.29,57.13
8359,1,68,2409,58,3,2025-03-22,225.66,32.7,Debit Card,455.91,471.33,-15.42,-3.38
8360,8,9,3499,254,2,2025-05-02,297.78,6.9,Credit Card,554.49,251.26,303.23,54.69
8361,1,4,11,267,5,2025-07-29,158.76,25.1,Debit Card,594.25,281.35,312.9,52.65
8362,6,49,1032,75,1,2025-09-28,57.56,6.0,Debit Card,54.12,29.97,24.15,44.62
8363,2,11,2789,892,2,2024-10-10,106.9,8.8,Cash,194.98,112.28,82.7,42.41
8364,9,65,4891,955,1,2025-10-18,270.82,10.5,Cash,242.4,160.1,82.3,33.95
8365,4,42,3401,1193,4,2025-03-07,119.16,4.7,Credit Card,454.12,203.08,251.04,55.28
8366,10,38,1609,1312,2,2025-08-22,204.42,25.4,Credit Card,305.19,153.68,151.51,49.64
8367,11,97,2178,743,1,2025-07-18,167.67,28.2,Online,120.43,70.41,50.02,41.53
8368,5,22,1085,1026,1,2025-01-01,150.47,9.4,Online,136.38,53.28,83.1,60.93
8369,2,110,2513,37,5,2025-01-31,218.9,9.9,Debit Card,986.55,718.6,267.95,27.16
8370,5,20,3330,192,4,2025-12-07,5.38,10.4,Cash,19.28,14.0,5.28,27.39
8371,7,7,1530,143,2,2025-11-14,10.99,6.5,Online,20.55,8.28,12.27,59.71
8372,5,40,1240,882,2,2024-12-14,148.76,6.7,Credit Card,277.6,167.94,109.66,39.5
8373,1,79,4838,155,1,2025-04-14,291.87,27.2,Debit Card,212.37,179.32,33.05,15.56
8374,9,25,3523,251,1,2025-06-22,112.61,11.6,Credit Card,99.58,75.45,24.13,24.23
8375,2,10,3990,212,2,2025-08-25,76.74,11.4,Credit Card,136.04,87.7,48.34,35.53
8376,4,56,3233,776,1,2025-05-06,200.67,9.7,Debit Card,181.17,102.63,78.54,43.35
8377,6,77,3895,289,3,2025-10-22,169.93,4.7,Cash,485.67,308.88,176.79,36.4
8378,1,59,1990,198,1,2024-12-31,190.79,27.8,Credit Card,137.72,117.6,20.12,14.61
8379,9,51,4790,66,2,2025-09-25,239.56,10.4,Cash,429.41,305.86,123.55,28.77
8380,9,2,1962,82,3,2025-07-18,182.41,11.9,Cash,482.22,278.82,203.4,42.18
8381,8,94,3880,665,1,2025-01-15,15.35,7.9,Credit Card,14.13,9.49,4.64,32.84
8382,9,106,1868,17,1,2025-04-29,104.75,8.3,Credit Card,96.06,63.79,32.27,33.59
8383,4,34,1297,220,2,2024-12-25,145.73,11.9,Online,256.9,188.54,68.36,26.61
8384,9,65,545,690,3,2025-01-10,293.95,10.6,Cash,788.25,315.18,473.07,60.02
8385,4,34,1003,183,4,2025-07-25,221.6,3.6,Online,854.11,481.4,372.71,43.64
8386,5,47,112,453,1,2025-05-19,218.42,11.7,Online,192.91,146.05,46.86,24.29
8387,6,66,2417,807,2,2025-09-04,15.38,5.2,Debit Card,29.16,18.18,10.98,37.65
8388,11,12,2362,1141,4,2025-03-04,136.32,29.8,Debit Card,383.05,379.56,3.49,0.91
8389,7,84,1888,113,1,2025-09-29,286.12,6.5,Credit Card,267.49,170.34,97.15,36.32
8390,11,44,4942,613,1,2025-08-23,203.77,33.4,Debit Card,135.66,137.09,-1.43,-1.05
8391,3,88,2478,280,1,2024-11-01,102.4,10.7,Cash,91.43,55.4,36.03,39.41
8392,2,45,4960,230,4,2025-10-28,182.41,3.2,Debit Card,706.14,452.16,253.98,35.97
8393,12,102,134,210,2,2025-06-12,79.21,8.3,Online,145.35,107.5,37.85,26.04
8394,5,119,2398,1119,2,2025-05-13,76.97,5.1,Debit Card,146.08,86.08,60.0,41.07
8395,10,16,1654,90,1,2025-04-13,9.95,29.5,Credit Card,7.01,6.04,0.97,13.84
8396,3,115,2038,836,4,2025-10-28,9.05,7.9,Credit Card,33.34,21.24,12.1,36.29
8397,11,97,742,39,2,2024-10-27,286.48,25.4,Debit Card,427.35,360.06,67.29,15.75
8398,3,14,3694,274,3,2025-07-15,179.33,11.7,Cash,475.15,365.52,109.63,23.07
8399,7,95,2606,80,2,2025-04-23,40.27,4.3,Debit Card,77.08,54.24,22.84,29.63
8400,6,107,2855,230,1,2025-04-11,290.43,9.8,Credit Card,261.98,158.74,103.24,39.41
8401,11,12,1512,242,2,2025-10-05,119.69,33.9,Credit Card,158.31,116.36,41.95,26.5
8402,12,18,4979,697,5,2024-10-22,207.95,6.6,Credit Card,971.27,575.1,396.17,40.79
8403,3,115,461,105,1,2025-03-27,57.51,3.9,Online,55.28,74.66,-19.38,-35.06
8404,7,95,3429,148,1,2025-10-21,85.57,7.7,Debit Card,79.01,36.51,42.5,53.79
8405,10,55,110,251,4,2025-01-25,13.57,32.3,Online,36.73,31.92,4.81,13.1
8406,11,81,903,770,3,2025-03-03,109.39,26.3,Credit Card,241.7,179.91,61.79,25.56
8407,10,101,4961,273,1,2024-10-13,211.05,27.4,Cash,153.25,100.93,52.32,34.14
8408,6,66,3914,883,2,2025-06-21,151.18,3.7,Debit Card,291.31,188.06,103.25,35.44
8409,1,50,3918,464,1,2025-01-23,281.93,23.8,Debit Card,214.85,166.51,48.34,22.5
8410,5,20,2359,1258,1,2025-11-09,104.55,5.1,Credit Card,99.25,73.4,25.85,26.05
8411,4,56,297,507,4,2025-01-22,47.8,11.0,Cash,170.19,96.44,73.75,43.33
8412,3,14,1563,174,2,2025-05-11,128.1,7.0,Credit Card,238.39,101.78,136.61,57.31
8413,3,14,4541,51,5,2025-04-25,187.04,9.6,Cash,845.87,667.7,178.17,21.06
8414,8,85,3864,613,1,2025-09-22,195.84,11.6,Debit Card,173.08,134.28,38.8,22.42
8415,3,115,3644,1448,5,2024-11-26,5.94,3.0,Online,28.79,18.35,10.44,36.26
8416,11,64,1614,244,1,2025-10-13,114.67,27.8,Online,82.81,51.89,30.92,37.34
8417,2,23,1458,68,2,2024-12-12,35.99,4.1,Credit Card,69.02,47.3,21.72,31.47
8418,5,22,2954,161,3,2025-11-13,41.41,3.5,Cash,119.89,69.57,50.32,41.97
8419,10,87,1888,206,5,2025-11-12,286.12,26.9,Credit Card,1046.41,851.7,194.71,18.61
8420,3,53,1907,69,5,2025-01-20,7.63,9.4,Cash,34.56,47.8,-13.24,-38.31
8421,10,87,3422,167,3,2025-03-29,228.7,32.2,Cash,465.2,291.48,173.72,37.34
8422,3,14,114,897,2,2025-08-28,167.08,5.3,Cash,316.34,220.48,95.86,30.3
8423,8,30,3966,159,1,2025-01-27,271.55,4.4,Credit Card,259.67,171.59,88.08,33.92
8424,9,52,4694,1496,2,2025-03-23,203.6,4.1,Credit Card,390.44,180.96,209.48,53.65
8425,2,43,890,146,1,2025-05-16,243.24,5.5,Debit Card,229.97,156.43,73.54,31.98
8426,1,4,3998,50,2,2024-11-07,213.28,25.6,Online,317.53,296.34,21.19,6.67
8427,8,9,1752,865,4,2025-08-27,159.23,11.1,Online,566.15,328.4,237.75,41.99
8428,12,100,1274,61,2,2025-04-09,102.58,11.7,Credit Card,181.12,118.5,62.62,34.57
8429,10,16,4005,24,2,2025-10-09,291.78,30.2,Cash,407.59,409.86,-2.27,-0.56
8430,10,87,1998,199,1,2024-11-06,86.56,24.5,Online,65.33,91.22,-25.89,-39.63
8431,6,72,1033,1205,1,2025-08-22,169.38,8.3,Debit Card,155.4,78.78,76.62,49.31
8432,12,102,2538,286,2,2025-05-23,242.41,7.2,Debit Card,450.0,244.62,205.38,45.64
8433,9,37,3829,1254,1,2025-03-24,21.98,7.6,Credit Card,20.32,15.67,4.65,22.88
8434,12,60,3034,1121,4,2024-12-31,286.79,11.8,Credit Card,1011.85,755.68,256.17,25.32
8435,1,98,1668,38,1,2025-07-12,140.41,26.3,Debit Card,103.5,95.22,8.28,8.0
8436,5,40,964,28,1,2025-06-28,209.84,4.4,Credit Card,200.65,142.07,58.58,29.2
8437,5,105,207,149,3,2025-02-12,296.1,11.9,Credit Card,782.85,406.74,376.11,48.04
8438,3,115,2508,1150,2,2025-05-15,20.36,7.5,Credit Card,37.65,19.4,18.25,48.47
8439,2,89,287,253,5,2025-10-02,186.18,8.1,Cash,855.19,580.15,275.04,32.16
8440,9,2,1137,1374,1,2024-10-22,235.26,11.8,Credit Card,207.46,153.05,54.41,26.23
8441,11,81,1450,150,1,2025-07-15,214.59,27.2,Cash,156.19,106.27,49.92,31.96
8442,7,19,778,224,2,2025-03-19,286.59,3.8,Online,551.54,292.5,259.04,46.97
8443,9,51,3509,13,4,2025-09-04,259.83,4.5,Debit Card,992.82,747.32,245.5,24.73
8444,3,115,881,1122,1,2025-08-15,240.45,5.0,Credit Card,228.55,127.0,101.55,44.43
8445,1,29,1431,80,1,2024-10-01,279.48,33.8,Debit Card,184.9,163.28,21.62,11.69
8446,2,8,2768,1460,2,2025-02-09,226.99,6.8,Cash,423.19,179.16,244.03,57.66
8447,6,96,2371,153,1,2025-01-31,261.77,8.8,Credit Card,238.86,145.03,93.83,39.28
8448,6,74,3888,1336,1,2025-05-21,81.36,7.2,Credit Card,75.48,31.42,44.06,58.37
8449,2,13,195,511,5,2025-02-12,234.28,9.1,Debit Card,1064.59,725.65,338.94,31.84
8450,9,27,26,288,1,2025-04-10,48.36,5.2,Credit Card,45.86,32.44,13.42,29.26
8451,10,67,4930,61,1,2024-10-12,188.76,30.3,Credit Card,131.63,133.01,-1.38,-1.05
8452,1,86,3126,53,5,2025-02-09,66.37,26.7,Online,243.15,145.1,98.05,40.32
8453,4,42,1375,133,5,2024-10-11,49.36,3.4,Cash,238.52,126.2,112.32,47.09
8454,4,1,992,179,2,2025-06-10,238.45,6.6,Cash,445.54,263.04,182.5,40.96
8455,1,29,2887,351,1,2024-12-21,99.77,30.0,Debit Card,69.83,47.42,22.41,32.09
8456,12,100,2592,84,2,2025-05-25,90.32,4.7,Credit Card,172.06,89.0,83.06,48.27
8457,5,20,4377,578,3,2025-04-28,72.14,5.4,Credit Card,204.67,137.85,66.82,32.65
8458,6,72,3189,29,1,2025-04-22,286.4,11.6,Credit Card,253.2,110.79,142.41,56.24
8459,9,51,754,1096,1,2025-06-30,273.27,9.7,Debit Card,246.76,107.53,139.23,56.42
8460,11,44,886,1132,1,2025-11-07,289.33,22.6,Debit Card,223.87,203.59,20.28,9.06
8461,8,116,3023,1189,5,2025-11-04,267.19,11.9,Credit Card,1176.83,839.7,337.13,28.65
8462,4,31,4883,213,5,2025-11-07,85.83,5.6,Credit Card,405.09,202.8,202.29,49.94
8463,6,78,3705,66,4,2025-08-02,292.19,10.7,Debit Card,1044.17,800.8,243.37,23.31
8464,7,19,1639,255,4,2025-02-01,89.41,5.3,Credit Card,338.71,191.48,147.23,43.47
8465,6,72,468,776,1,2025-07-06,207.19,10.0,Credit Card,186.42,129.84,56.58,30.35
8466,5,105,3726,135,5,2025-11-23,94.45,10.2,Cash,424.24,191.3,232.94,54.91
8467,1,118,4634,502,4,2025-10-29,286.81,24.2,Cash,869.14,610.6,258.54,29.75
8468,7,5,1415,10,5,2024-11-04,243.19,12.0,Debit Card,1070.46,733.4,337.06,31.49
8469,11,44,4874,938,2,2025-05-23,210.93,31.6,Credit Card,288.46,283.24,5.22,1.81
8470,7,84,1754,109,1,2025-08-02,281.01,9.6,Credit Card,253.98,171.83,82.15,32.35
8471,5,119,4,1238,4,2025-08-03,274.78,10.3,Debit Card,985.69,612.52,373.17,37.86
8472,12,36,3190,272,1,2024-11-09,16.09,10.5,Debit Card,14.4,7.46,6.94,48.19
8473,9,111,535,188,4,2025-11-28,55.45,7.6,Cash,204.96,118.2,86.76,42.33
8474,12,93,3929,712,3,2025-11-17,16.62,5.0,Credit Card,47.37,34.95,12.42,26.22
8475,3,88,4811,157,2,2024-10-13,252.17,10.4,Credit Card,451.81,330.24,121.57,26.91
8476,1,79,1118,646,5,2025-08-12,154.85,33.6,Credit Card,514.21,519.1,-4.89,-0.95
8477,5,76,2694,157,2,2025-11-04,208.8,9.0,Credit Card,380.21,219.76,160.45,42.2
8478,4,31,3348,1042,4,2024-10-26,137.28,6.7,Credit Card,512.36,289.44,222.92,43.51
8479,6,99,2540,1444,2,2025-01-23,299.19,11.3,Cash,530.65,234.82,295.83,55.75
8480,2,11,2793,474,4,2025-12-04,98.4,10.9,Online,350.51,224.08,126.43,36.07
8481,5,47,2701,270,3,2024-12-18,111.08,4.3,Credit Card,318.93,128.04,190.89,59.85
8482,8,112,891,230,1,2025-04-16,141.39,4.7,Cash,134.78,75.37,59.41,44.08
8483,8,116,3293,1288,2,2025-07-07,248.44,7.2,Credit Card,460.88,303.34,157.54,34.18
8484,12,100,3941,219,3,2025-02-27,111.71,8.9,Debit Card,305.41,205.98,99.43,32.56
8485,2,103,21,931,5,2025-12-08,65.73,5.6,Credit Card,310.33,228.85,81.48,26.26
8486,3,115,4925,2,3,2025-07-15,109.69,6.9,Cash,306.4,198.9,107.5,35.08
8487,9,106,2004,1178,4,2024-11-24,90.69,4.5,Debit Card,346.61,162.44,184.17,53.13
8488,11,63,4627,194,1,2025-02-27,74.77,29.5,Cash,52.69,46.97,5.72,10.86
8489,11,12,2850,140,5,2025-04-03,193.26,24.6,Debit Card,729.06,617.5,111.56,15.3
8490,7,62,653,76,1,2025-06-30,28.61,4.9,Debit Card,27.2,16.91,10.29,37.83
8491,9,24,4158,36,1,2025-01-24,265.29,11.5,Credit Card,234.81,172.89,61.92,26.37
8492,4,42,3128,1147,4,2024-10-01,195.63,11.5,Cash,692.16,410.68,281.48,40.67
8493,11,97,3186,166,4,2025-02-26,46.25,33.2,Online,123.54,115.6,7.94,6.43
8494,7,84,4803,1418,2,2025-06-27,43.51,4.2,Debit Card,83.41,59.62,23.79,28.52
8495,7,19,2725,211,1,2025-05-18,246.05,6.5,Cash,230.09,172.68,57.41,24.95
8496,7,84,1087,1344,1,2025-01-28,138.05,9.6,Credit Card,124.8,99.03,25.77,20.65
8497,10,90,1136,475,1,2025-09-04,157.68,23.4,Credit Card,120.83,204.73,-83.9,-69.44
8498,11,63,4244,78,3,2024-12-06,8.07,29.9,Online,16.97,15.63,1.34,7.9
8499,5,119,3133,153,1,2024-12-31,44.58,3.1,Credit Card,43.21,24.02,19.19,44.41
8500,6,99,4744,1323,1,2024-12-22,51.73,4.7,Cash,49.29,33.93,15.36,31.16
8501,4,31,3640,215,4,2025-02-25,254.43,5.8,Cash,958.37,463.2,495.17,51.67
8502,11,63,4778,29,1,2025-08-03,115.68,27.2,Credit Card,84.24,59.94,24.3,28.85
8503,9,120,3863,171,4,2025-04-10,161.74,9.8,Credit Card,583.58,274.56,309.02,52.95
8504,4,1,1160,1129,5,2024-10-09,252.64,3.2,Credit Card,1223.11,600.45,622.66,50.91
8505,9,111,2359,1493,5,2025-07-14,104.55,7.2,Online,485.28,367.0,118.28,24.37
8506,9,27,4174,15,1,2025-10-14,230.52,9.2,Credit Card,209.25,100.56,108.69,51.94
8507,5,20,2936,236,2,2025-09-29,64.09,8.6,Credit Card,117.21,53.84,63.37,54.07
8508,9,65,150,123,1,2024-11-15,116.36,7.2,Credit Card,108.02,58.45,49.57,45.89
8509,9,61,1434,1445,2,2025-03-23,157.2,5.3,Credit Card,297.61,158.6,139.01,46.71
8510,12,102,4622,193,5,2025-07-15,39.36,6.4,Debit Card,184.29,106.25,78.04,42.35
8511,3,115,4242,1301,2,2024-10-25,30.94,9.4,Debit Card,56.07,28.52,27.55,49.14
8512,12,36,3720,332,1,2024-10-22,100.68,9.8,Credit Card,90.79,44.56,46.23,50.92
8513,3,46,1334,1176,2,2025-05-02,214.5,7.4,Credit Card,397.16,219.66,177.5,44.69
8514,4,42,1515,1348,1,2025-05-16,240.76,11.2,Credit Card,213.72,135.62,78.1,36.54
8515,8,9,4770,53,2,2025-09-23,71.43,11.6,Credit Card,126.25,70.34,55.91,44.29
8516,3,53,4034,101,1,2025-02-02,34.71,10.0,Credit Card,31.22,13.57,17.65,56.53
8517,2,69,4819,133,3,2025-03-18,169.89,4.8,Online,485.06,304.68,180.38,37.19
8518,12,36,1975,268,3,2025-06-19,133.46,10.9,Credit Card,356.69,201.15,155.54,43.61
8519,6,77,1860,121,5,2025-06-03,37.81,7.1,Cash,175.66,98.9,76.76,43.7
8520,3,88,418,1302,2,2025-04-06,265.44,5.0,Debit Card,504.36,360.52,143.84,28.52
8521,9,6,4016,91,3,2024-10-13,287.03,10.1,Credit Card,774.38,494.34,280.04,36.16
8522,10,87,4826,86,2,2025-06-05,42.75,33.6,Credit Card,56.73,47.78,8.95,15.78
8523,9,106,1232,76,1,2025-10-12,50.78,5.1,Debit Card,48.17,58.59,-10.42,-21.63
8524,10,55,1427,218,1,2024-10-09,246.79,26.3,Credit Card,181.76,95.4,86.36,47.51
8525,6,49,1942,23,2,2025-09-06,41.41,4.1,Debit Card,79.46,54.88,24.58,30.93
8526,5,20,3459,541,5,2025-11-04,71.87,6.4,Online,336.33,382.35,-46.02,-13.68
8527,11,64,288,125,1,2024-11-30,192.82,27.6,Cash,139.61,125.0,14.61,10.46
8528,2,11,2169,1301,4,2024-12-20,275.43,6.6,Cash,1028.86,597.0,431.86,41.97
8529,8,112,2957,90,2,2025-08-04,68.04,7.0,Credit Card,126.56,95.24,31.32,24.75
8530,3,14,2723,40,2,2024-10-06,76.03,8.7,Cash,138.77,85.3,53.47,38.53
8531,5,40,3763,202,1,2025-11-08,114.54,3.5,Debit Card,110.51,54.42,56.09,50.76
8532,10,75,1655,123,1,2025-02-25,179.38,32.3,Online,121.44,125.91,-4.47,-3.68
8533,11,63,4490,1108,2,2025-08-09,191.1,25.8,Debit Card,283.69,141.56,142.13,50.1
8534,4,70,1748,261,1,2025-06-02,170.37,6.0,Debit Card,160.09,64.32,95.77,59.82
8535,3,115,4873,239,5,2025-12-07,188.5,9.7,Credit Card,851.09,359.7,491.39,57.74
8536,11,44,3446,835,5,2025-11-03,73.94,26.8,Debit Card,270.46,169.35,101.11,37.38
8537,3,21,4747,458,5,2025-06-07,64.01,7.7,Debit Card,295.43,144.55,150.88,51.07
8538,9,37,3584,5,1,2025-09-08,150.94,10.7,Online,134.76,86.67,48.09,35.69
8539,2,8,2744,557,2,2025-08-09,276.45,4.1,Debit Card,530.47,330.54,199.93,37.69
8540,3,115,4816,638,5,2025-02-13,211.39,6.4,Debit Card,989.53,486.05,503.48,50.88
8541,5,119,2562,88,4,2025-05-05,220.48,9.1,Cash,801.52,361.48,440.04,54.9
8542,11,64,3856,629,4,2025-06-01,165.58,28.5,Debit Card,473.83,242.68,231.15,48.78
8543,11,81,3430,1482,5,2025-06-19,129.32,28.8,Online,460.31,316.5,143.81,31.24
8544,12,36,4178,148,3,2025-12-07,87.34,4.5,Credit Card,250.3,104.16,146.14,58.39
8545,4,31,2886,20,2,2025-05-07,187.99,3.6,Cash,362.6,177.98,184.62,50.92
8546,12,108,607,1052,3,2025-11-28,139.9,8.0,Credit Card,386.11,224.16,161.95,41.94
8547,9,24,4740,103,1,2025-07-14,188.0,7.5,Credit Card,173.97,126.5,47.47,27.29
8548,5,113,1176,836,4,2024-12-10,212.09,6.3,Cash,795.2,945.24,-150.04,-18.87
8549,10,90,4490,204,1,2025-01-08,191.1,23.4,Credit Card,146.46,70.78,75.68,51.67
8550,5,20,3501,1212,1,2025-11-06,178.7,6.6,Debit Card,166.91,76.21,90.7,54.34
8551,7,41,2179,1326,1,2025-05-24,72.75,7.3,Online,67.45,32.37,35.08,52.01
8552,4,56,4562,199,1,2025-01-02,281.49,5.7,Online,265.58,143.64,121.94,45.91
8553,5,105,3191,1443,4,2025-04-20,20.35,3.1,Online,78.87,43.56,35.31,44.77
8554,1,118,4918,14,1,2024-11-04,67.56,25.8,Online,50.12,38.19,11.93,23.8
8555,7,84,4446,285,4,2025-07-13,218.75,11.6,Cash,773.4,320.12,453.28,58.61
8556,11,63,2177,717,1,2025-03-27,173.0,24.5,Cash,130.65,118.55,12.1,9.26
8557,4,70,2758,214,1,2025-10-22,147.6,9.9,Cash,132.96,83.69,49.27,37.06
8558,2,26,4013,477,1,2024-12-12,54.94,11.1,Credit Card,48.87,29.67,19.2,39.29
8559,7,5,2318,154,1,2025-01-06,8.63,6.9,Online,8.03,3.35,4.68,58.28
8560,8,30,2857,39,4,2025-06-16,65.96,6.3,Credit Card,247.35,133.88,113.47,45.87
8561,9,37,2054,1005,2,2024-10-05,88.31,11.0,Online,157.16,88.04,69.12,43.98
8562,8,30,873,149,2,2024-12-28,114.2,3.9,Cash,219.39,143.82,75.57,34.45
8563,8,80,1858,98,1,2025-07-20,252.56,7.4,Online,233.84,130.86,102.98,44.04
8564,8,91,2182,100,3,2024-10-12,126.45,8.8,Online,345.96,252.36,93.6,27.06
8565,7,7,223,968,4,2025-06-15,48.1,9.1,Debit Card,174.97,73.32,101.65,58.1
8566,2,89,1228,33,1,2025-01-31,154.57,4.0,Cash,148.36,82.81,65.55,44.18
8567,2,69,4737,249,3,2025-08-30,239.47,4.0,Online,689.65,409.2,280.45,40.67
8568,12,60,2083,98,1,2025-11-17,24.97,5.6,Cash,23.58,11.93,11.65,49.41
8569,11,12,4667,456,5,2025-06-06,95.59,33.7,Online,317.07,238.8,78.27,24.69
8570,9,37,1235,898,1,2025-04-03,256.13,11.8,Online,225.82,122.63,103.19,45.7
8571,1,82,2809,281,2,2025-07-11,250.05,25.3,Debit Card,373.57,214.54,159.03,42.57
8572,1,68,3334,345,3,2025-09-05,253.53,22.2,Online,592.01,349.29,242.72,41.0
8573,7,95,2306,371,3,2025-07-26,203.98,11.8,Credit Card,539.47,419.52,119.95,22.23
8574,10,33,2423,287,5,2025-08-24,54.43,23.3,Debit Card,208.87,132.3,76.57,36.66
8575,6,74,1197,110,3,2025-02-12,165.56,3.8,Cash,477.63,357.24,120.39,25.21
8576,6,74,882,461,2,2025-05-26,44.71,4.5,Cash,85.36,48.88,36.48,42.74
8577,8,9,3036,823,5,2025-09-02,120.94,5.8,Online,569.84,359.05,210.79,36.99
8578,11,63,278,973,2,2025-06-18,272.39,28.2,Credit Card,391.05,323.22,67.83,17.35
8579,11,97,4260,40,1,2025-08-17,80.05,29.8,Debit Card,56.23,52.34,3.89,6.92
8580,4,1,2562,199,5,2024-11-10,220.48,7.5,Credit Card,1019.82,451.85,567.97,55.69
8581,5,119,4619,185,2,2025-04-05,241.32,3.2,Debit Card,466.98,288.06,178.92,38.31
8582,5,105,150,1271,2,2025-09-07,116.36,11.5,Cash,206.07,116.9,89.17,43.27
8583,6,66,2421,479,5,2025-04-26,39.59,8.3,Cash,181.5,70.45,111.05,61.18
8584,1,82,2057,237,1,2025-01-03,75.43,22.9,Debit Card,58.13,53.54,4.59,7.9
8585,4,34,1909,1379,1,2024-11-30,62.21,9.7,Cash,56.17,68.0,-11.83,-21.06
8586,3,14,4087,81,1,2024-12-06,207.97,11.5,Credit Card,183.97,104.03,79.94,43.45
8587,11,63,582,181,1,2025-08-06,73.43,22.5,Cash,56.94,26.19,30.75,54.0
8588,11,64,869,388,1,2024-11-23,198.56,26.6,Credit Card,145.82,110.33,35.49,24.34
8589,7,19,429,256,2,2025-08-11,165.22,5.5,Online,312.24,191.88,120.36,38.55
8590,12,100,1611,296,2,2025-08-01,191.83,10.4,Online,343.7,219.72,123.98,36.07
8591,12,108,3083,785,3,2025-09-15,237.27,10.1,Credit Card,639.97,909.96,-269.99,-42.19
8592,1,79,2357,589,1,2025-11-22,87.62,27.3,Debit Card,63.74,61.61,2.13,3.34
8593,2,114,214,472,1,2025-05-15,263.68,10.0,Cash,237.31,157.86,79.45,33.48
8594,12,100,1049,646,1,2025-03-05,139.55,4.7,Debit Card,132.94,62.89,70.05,52.69
8595,11,97,454,845,1,2024-11-27,176.48,25.3,Online,131.78,73.46,58.32,44.26
8596,12,36,4937,106,5,2025-06-28,283.93,6.0,Debit Card,1335.05,716.7,618.35,46.32
8597,8,116,1708,565,4,2025-06-08,270.09,11.5,Debit Card,955.59,679.24,276.35,28.92
8598,2,69,1143,494,1,2025-07-02,55.41,8.3,Debit Card,50.8,23.05,27.75,54.63
8599,12,36,1080,616,1,2025-07-15,277.49,11.5,Credit Card,245.54,145.44,100.1,40.77
8600,11,44,1681,123,3,2025-01-11,84.02,25.4,Cash,188.06,170.76,17.3,9.2
8601,9,106,1807,141,1,2025-05-13,46.18,7.8,Credit Card,42.58,17.74,24.84,58.34
8602,4,56,4893,813,1,2025-10-21,265.5,7.5,Cash,245.47,121.6,123.87,50.46
8603,3,88,413,189,2,2025-08-08,65.05,7.0,Debit Card,121.02,62.2,58.82,48.6
8604,4,34,1363,1270,4,2024-12-19,12.4,11.9,Online,43.69,20.88,22.81,52.21
8605,9,2,680,57,2,2025-03-23,172.28,7.3,Online,319.55,149.24,170.31,53.3
8606,7,62,2213,87,4,2025-07-12,167.69,5.1,Online,636.23,350.32,285.91,44.94
8607,11,81,3398,93,1,2024-12-30,249.41,29.7,Credit Card,175.31,146.1,29.21,16.66
8608,11,81,3530,143,5,2025-08-16,159.08,28.4,Debit Card,569.28,550.45,18.83,3.31
8609,4,42,4717,1202,1,2025-06-15,98.6,4.2,Credit Card,94.47,54.78,39.69,42.01
8610,7,104,1436,189,3,2025-01-05,26.96,8.2,Cash,74.21,40.08,34.13,45.99
8611,8,9,4927,231,5,2025-11-25,278.61,9.5,Credit Card,1260.44,611.85,648.59,51.46
8612,11,81,1684,212,3,2025-08-14,222.69,24.1,Online,507.37,262.86,244.51,48.19
8613,11,97,865,921,2,2024-11-21,105.33,26.6,Credit Card,154.71,105.3,49.41,31.94
8614,8,112,2751,189,3,2025-04-09,66.23,4.4,Debit Card,189.99,101.4,88.59,46.63
8615,12,100,2608,998,2,2025-04-30,54.02,10.2,Debit Card,97.0,63.52,33.48,34.52
8616,6,96,4259,241,1,2025-02-16,252.77,11.0,Cash,224.91,160.52,64.39,28.63
8617,11,97,1844,122,2,2024-12-06,271.42,23.6,Credit Card,414.51,303.34,111.17,26.82
8618,11,12,238,216,4,2025-06-06,120.67,23.1,Online,371.31,226.52,144.79,38.99
8619,1,118,1653,199,3,2025-03-26,37.01,30.4,Cash,77.22,51.42,25.8,33.41
8620,10,33,4516,121,1,2025-08-22,244.25,32.6,Online,164.75,148.89,15.86,9.63
8621,11,81,3982,62,5,2025-03-13,155.88,26.5,Debit Card,572.58,375.1,197.48,34.49
8622,11,12,627,1024,2,2025-03-02,132.76,23.2,Cash,203.83,109.42,94.41,46.32
8623,3,53,3270,258,1,2025-05-26,281.2,3.3,Credit Card,271.84,144.96,126.88,46.67
8624,6,72,3291,122,1,2025-05-01,254.69,3.8,Online,245.09,111.25,133.84,54.61
8625,1,4,1700,214,1,2025-09-21,284.79,24.3,Debit Card,215.46,158.8,56.66,26.3
8626,5,47,4748,318,2,2025-10-12,219.49,9.5,Debit Card,397.19,263.7,133.49,33.61
8627,2,73,1601,660,3,2025-10-28,158.74,5.9,Debit Card,447.94,230.49,217.45,48.54
8628,1,17,2502,361,5,2024-12-31,66.12,32.3,Cash,223.91,236.65,-12.74,-5.69
8629,10,75,4177,117,2,2025-09-03,119.5,24.0,Debit Card,181.59,85.26,96.33,53.05
8630,12,102,4037,56,3,2025-06-23,220.05,9.0,Credit Card,600.45,846.24,-245.79,-40.93
8631,3,115,2535,37,1,2025-10-20,37.66,7.2,Cash,34.96,19.73,15.23,43.56
8632,2,35,2889,55,1,2025-02-09,81.67,5.8,Credit Card,76.95,54.59,22.36,29.06
8633,6,107,16,173,2,2025-07-09,167.11,8.0,Debit Card,307.32,142.0,165.32,53.79
8634,6,74,3538,178,3,2025-08-05,240.86,5.2,Cash,684.79,282.72,402.07,58.71
8635,11,97,1853,1435,4,2025-10-08,293.51,24.2,Credit Card,889.6,672.4,217.2,24.42
8636,7,5,1721,12,2,2024-10-23,183.31,12.0,Credit Card,322.79,250.96,71.83,22.25
8637,7,95,2002,397,2,2025-04-14,253.74,5.8,Cash,478.0,227.08,250.92,52.49
8638,5,92,1454,256,3,2025-06-15,47.1,6.3,Cash,132.33,63.18,69.15,52.26
8639,3,88,810,73,4,2025-06-01,160.51,10.8,Cash,572.56,250.08,322.48,56.32
8640,6,72,3734,1347,1,2025-10-20,190.45,6.2,Debit Card,178.58,98.33,80.25,44.94
8641,3,115,3444,934,4,2024-10-09,258.4,11.2,Credit Card,917.85,569.64,348.21,37.94
8642,5,76,1210,111,1,2025-04-19,9.7,9.3,Online,8.8,5.17,3.63,41.25
8643,3,115,2388,146,4,2025-09-05,211.69,3.2,Cash,819.89,463.32,356.57,43.49
8644,6,72,114,101,2,2024-12-16,167.08,6.4,Cash,312.78,220.48,92.3,29.51
8645,4,70,1876,155,1,2024-11-11,134.29,6.5,Online,125.6,79.03,46.57,37.08
8646,9,25,2103,114,1,2025-03-02,241.65,5.2,Debit Card,229.08,115.46,113.62,49.6
8647,2,8,529,129,1,2025-02-15,38.89,8.3,Cash,35.67,14.57,21.1,59.15
8648,7,84,1986,259,3,2025-11-05,47.13,3.4,Debit Card,136.63,53.19,83.44,61.07
8649,5,113,4258,169,2,2025-02-10,197.16,8.4,Credit Card,361.32,194.32,167.0,46.22
8650,9,65,4390,245,5,2024-12-16,212.2,8.0,Debit Card,975.95,604.35,371.6,38.08
8651,10,33,1651,16,5,2024-12-30,277.52,24.3,Credit Card,1050.92,596.45,454.47,43.24
8652,5,22,4352,725,5,2025-02-18,85.98,7.8,Debit Card,396.17,178.0,218.17,55.07
8653,12,100,3588,1285,2,2024-11-02,242.62,6.0,Debit Card,456.12,569.8,-113.68,-24.92
8654,5,105,1490,1490,1,2025-01-17,174.24,11.7,Cash,153.8,94.13,59.67,38.8
8655,12,100,2186,101,5,2024-11-30,296.3,4.2,Cash,1419.34,1025.05,394.29,27.78
8656,2,43,3643,193,4,2025-01-09,88.58,9.7,Debit Card,320.0,197.04,122.96,38.42
8657,3,53,4940,1421,2,2025-11-10,217.23,4.9,Cash,413.39,260.32,153.07,37.03
8658,6,96,1667,107,2,2024-11-19,292.31,3.6,Credit Card,563.81,222.0,341.81,60.63
8659,4,1,1572,270,1,2025-10-31,60.72,9.9,Online,54.71,32.71,22.0,40.21
8660,11,81,1724,898,3,2025-07-02,193.25,30.5,Debit Card,403.01,391.44,11.57,2.87
8661,3,21,2381,15,1,2025-09-07,217.81,4.1,Debit Card,208.89,86.58,122.31,58.55
8662,5,92,4675,53,1,2024-10-06,123.55,7.7,Cash,113.99,74.13,39.86,34.97
8663,9,24,2316,99,1,2025-08-08,227.53,9.6,Credit Card,205.79,244.47,-38.68,-18.8
8664,3,21,4491,228,3,2024-12-28,5.44,6.4,Online,15.27,7.41,7.86,51.47
8665,7,104,2443,8,1,2025-06-17,297.98,7.0,Credit Card,277.18,143.8,133.38,48.12
8666,9,65,3243,216,5,2024-10-25,50.81,11.8,Online,224.08,167.5,56.58,25.25
8667,4,34,1773,81,2,2025-07-02,14.96,9.6,Cash,27.06,18.58,8.48,31.34
8668,7,19,943,1050,1,2024-10-10,270.03,11.3,Debit Card,239.53,187.0,52.53,21.93
8669,11,81,4689,244,2,2024-10-18,113.72,22.8,Cash,175.61,128.78,46.83,26.67
8670,7,95,398,36,4,2025-01-23,122.06,7.3,Credit Card,452.68,272.56,180.12,39.79
8671,11,97,4289,232,2,2025-01-18,162.3,32.7,Online,218.5,128.28,90.22,41.29
8672,3,53,3700,241,4,2025-08-26,110.95,6.8,Debit Card,413.41,206.4,207.01,50.07
8673,1,86,1702,150,5,2025-06-16,90.55,29.9,Online,317.39,203.5,113.89,35.88
8674,4,42,4402,184,1,2024-11-06,224.79,9.3,Credit Card,203.94,83.5,120.44,59.06
8675,9,37,798,1412,1,2024-12-06,191.29,3.4,Online,184.79,89.69,95.1,51.46
8676,10,75,3618,124,1,2025-11-22,31.38,26.9,Credit Card,22.95,17.48,5.47,23.83
8677,7,19,4789,530,1,2025-10-26,176.57,11.5,Credit Card,156.35,228.28,-71.93,-46.01
8678,10,117,3985,484,4,2025-07-08,123.22,22.1,Debit Card,384.12,211.08,173.04,45.05
8679,6,72,2262,212,1,2025-06-01,94.26,8.9,Debit Card,85.83,35.71,50.12,58.39
8680,5,113,446,1297,1,2025-05-10,284.64,7.0,Online,264.74,117.34,147.4,55.68
8681,11,63,4365,809,1,2025-11-08,191.97,25.9,Credit Card,142.21,99.48,42.73,30.05
8682,10,38,2640,11,5,2025-10-20,198.34,26.0,Online,733.79,1182.4,-448.61,-61.14
8683,10,87,284,243,1,2025-06-06,293.03,25.2,Cash,219.06,161.56,57.5,26.25
8684,1,98,233,57,3,2025-10-02,160.88,25.4,Debit Card,359.84,192.09,167.75,46.62
8685,4,70,2555,144,2,2025-06-29,237.81,11.1,Credit Card,422.73,324.96,97.77,23.13
8686,3,21,872,120,1,2024-12-18,254.64,5.3,Cash,241.1,144.99,96.11,39.86
8687,3,115,2793,767,2,2025-07-12,98.4,7.2,Cash,182.58,112.04,70.54,38.64
8688,12,60,4940,125,1,2025-04-05,217.23,9.4,Credit Card,196.7,130.16,66.54,33.83
8689,11,81,1007,1479,3,2025-03-02,111.64,24.8,Credit Card,252.03,228.18,23.85,9.46
8690,1,48,2387,65,1,2024-10-15,278.01,29.8,Credit Card,195.25,312.86,-117.61,-60.24
8691,3,115,4220,206,2,2025-01-05,47.37,5.3,Online,89.69,44.2,45.49,50.72
8692,10,101,2468,245,5,2025-10-01,227.15,30.0,Credit Card,795.37,560.55,234.82,29.52
8693,11,12,3045,217,1,2025-11-23,270.16,33.1,Credit Card,180.69,119.16,61.53,34.05
8694,10,117,3219,47,1,2025-08-22,203.26,28.8,Debit Card,144.77,82.1,62.67,43.29
8695,8,9,4056,113,2,2025-11-21,210.96,9.6,Credit Card,381.49,185.82,195.67,51.29
8696,4,34,1381,261,4,2025-07-14,230.22,5.1,Debit Card,873.77,473.96,399.81,45.76
8697,7,104,813,900,2,2025-09-22,117.74,3.8,Debit Card,226.51,126.6,99.91,44.11
8698,2,89,410,566,5,2024-11-20,123.62,10.6,Credit Card,552.6,386.9,165.7,29.99
8699,12,93,387,273,5,2025-02-08,72.19,10.9,Online,321.44,164.65,156.79,48.78
8700,7,84,1100,1433,5,2025-04-24,111.58,10.7,Online,497.94,392.0,105.94,21.28
8701,6,74,3224,783,1,2025-02-06,192.18,6.8,Cash,179.08,86.6,92.48,51.64
8702,8,57,2900,1100,2,2025-04-04,159.31,4.3,Credit Card,304.99,368.98,-63.99,-20.98
8703,8,112,1843,7,5,2025-03-11,244.19,9.2,Cash,1108.6,611.35,497.25,44.85
8704,8,94,1487,109,4,2025-11-28,233.91,3.9,Debit Card,899.07,568.76,330.31,36.74
8705,10,39,2836,660,1,2025-07-13,86.11,26.9,Cash,62.93,47.27,15.66,24.88
8706,4,31,4247,140,1,2025-11-28,69.3,5.0,Cash,65.86,26.7,39.16,59.46
8707,9,2,1723,177,1,2025-04-16,165.01,4.0,Credit Card,158.46,74.51,83.95,52.98
8708,8,109,243,296,1,2024-12-13,73.99,3.0,Cash,71.76,32.35,39.41,54.92
8709,4,42,1586,272,5,2025-09-18,213.19,7.6,Online,985.11,474.7,510.41,51.81
8710,2,110,1824,111,2,2025-01-21,280.03,10.8,Online,499.71,602.92,-103.21,-20.65
8711,1,98,4982,1137,1,2025-11-02,274.71,29.9,Online,192.64,197.5,-4.86,-2.52
8712,12,18,3899,384,4,2025-08-09,260.24,5.4,Debit Card,985.25,440.64,544.61,55.28
8713,2,89,2782,557,1,2025-06-25,197.78,4.3,Debit Card,189.21,83.45,105.76,55.9
8714,5,40,3923,986,1,2025-06-18,188.77,11.6,Online,166.82,89.6,77.22,46.29
8715,11,63,1516,52,1,2025-07-06,156.02,25.0,Credit Card,117.07,110.25,6.82,5.83
8716,5,20,4790,238,2,2025-02-05,239.56,8.6,Cash,437.86,305.86,132.0,30.15
8717,10,33,3588,44,1,2025-08-13,242.62,32.6,Credit Card,163.63,284.9,-121.27,-74.11
8718,2,23,4500,37,1,2025-03-15,228.12,10.1,Credit Card,205.1,256.9,-51.8,-25.26
8719,4,56,2121,664,3,2025-05-07,238.06,6.4,Online,668.6,886.29,-217.69,-32.56
8720,8,30,4908,870,2,2025-08-29,63.53,9.3,Cash,115.25,72.16,43.09,37.39
8721,1,48,1818,27,1,2024-10-05,89.41,29.4,Credit Card,63.13,57.33,5.8,9.19
8722,2,26,531,1028,5,2025-08-20,127.34,8.0,Online,586.05,296.15,289.9,49.47
8723,2,26,511,141,2,2025-02-15,106.74,7.8,Online,196.86,84.72,112.14,56.96
8724,5,47,1267,465,3,2024-11-22,210.74,11.8,Cash,557.81,237.45,320.36,57.43
8725,12,36,935,557,2,2025-08-29,158.63,11.1,Online,282.04,217.38,64.66,22.93
8726,2,35,970,590,4,2025-04-09,233.78,7.0,Cash,869.64,431.16,438.48,50.42
8727,8,109,1624,290,1,2025-02-25,260.61,11.5,Debit Card,230.68,158.17,72.51,31.43
8728,3,21,4261,57,4,2025-05-06,266.45,8.9,Online,971.09,648.6,322.49,33.21
8729,3,88,2212,56,3,2025-01-11,219.35,10.6,Cash,588.47,322.65,265.82,45.17
8730,8,112,2805,71,3,2025-02-01,81.55,10.3,Debit Card,219.38,119.67,99.71,45.45
8731,1,86,617,1263,5,2024-10-12,65.23,27.8,Online,235.42,184.05,51.37,21.82
8732,4,1,4915,106,4,2025-04-28,6.91,4.8,Debit Card,26.32,12.0,14.32,54.41
8733,7,62,1368,77,2,2025-08-09,34.29,9.3,Credit Card,62.18,31.96,30.22,48.6
8734,5,40,910,1466,1,2024-11-22,41.26,11.5,Debit Card,36.52,14.59,21.93,60.05
8735,3,53,2255,3,3,2025-09-14,103.03,3.6,Debit Card,298.06,198.69,99.37,33.34
8736,8,85,53,831,5,2025-03-05,108.49,11.3,Cash,481.1,238.7,242.4,50.38
8737,5,20,2838,1036,3,2025-03-12,221.6,11.4,Credit Card,589.02,430.05,158.97,26.99
8738,6,66,244,487,1,2025-04-15,54.29,7.6,Cash,50.18,36.97,13.21,26.33
8739,1,79,1593,1425,1,2025-08-09,216.88,24.3,Debit Card,164.19,126.93,37.26,22.69
8740,3,46,5,167,4,2025-10-21,87.09,3.1,Debit Card,337.45,438.64,-101.19,-29.99
8741,10,71,3724,44,1,2024-12-11,210.5,22.1,Cash,163.87,84.23,79.64,48.6
8742,4,31,692,121,3,2025-11-04,105.5,3.2,Cash,306.51,153.96,152.55,49.77
8743,10,55,514,50,2,2024-12-26,205.29,24.2,Debit Card,311.24,211.38,99.86,32.08
8744,10,75,3494,244,2,2025-01-31,150.03,31.3,Credit Card,206.09,208.28,-2.19,-1.06
8745,12,93,4921,1395,1,2025-09-01,17.24,10.1,Debit Card,15.5,11.94,3.56,22.97
8746,4,31,1052,259,1,2025-02-03,18.79,5.1,Credit Card,17.83,11.1,6.73,37.75
8747,5,92,4165,163,4,2025-08-07,47.67,4.4,Online,182.23,125.24,56.99,31.27
8748,9,111,1697,1219,1,2025-08-23,269.9,6.1,Cash,253.44,114.12,139.32,54.97
8749,4,1,1898,341,1,2024-12-26,263.04,5.0,Credit Card,249.87,175.43,74.44,29.79
8750,7,5,2835,1290,5,2025-09-16,215.25,9.5,Cash,973.73,567.25,406.48,41.74
8751,8,116,2268,1396,1,2025-12-06,32.55,6.2,Credit Card,30.52,34.59,-4.07,-13.34
8752,12,36,4580,1310,1,2025-06-29,106.55,10.0,Debit Card,95.9,71.83,24.07,25.1
8753,7,41,4702,577,4,2025-01-07,231.73,10.3,Online,831.03,663.28,167.75,20.19
8754,2,32,2803,251,5,2025-06-06,142.82,8.3,Online,654.8,297.15,357.65,54.62
8755,1,29,3404,146,1,2025-03-04,144.88,27.2,Credit Card,105.5,78.1,27.4,25.97
8756,5,76,991,1325,2,2025-04-29,118.38,5.6,Credit Card,223.59,102.34,121.25,54.23
8757,8,85,2677,273,2,2025-09-23,37.87,8.8,Credit Card,69.07,46.58,22.49,32.56
8758,12,102,1945,1487,2,2025-02-09,18.81,7.6,Debit Card,34.77,22.98,11.79,33.91
8759,1,86,4312,1255,5,2025-03-19,152.45,31.7,Debit Card,521.0,510.4,10.6,2.03
8760,2,13,444,190,5,2025-05-23,160.5,9.0,Online,730.12,323.9,406.22,55.64
8761,9,24,4256,1127,1,2024-10-26,202.68,9.2,Debit Card,183.94,105.06,78.88,42.88
8762,6,72,1502,268,3,2025-08-19,299.94,10.7,Online,803.69,372.9,430.79,53.6
8763,1,48,2980,728,5,2025-04-15,164.82,24.9,Debit Card,619.07,322.45,296.62,47.91
8764,8,9,1193,241,2,2025-09-18,122.9,10.0,Credit Card,221.19,125.82,95.37,43.12
8765,3,53,2191,1469,2,2025-08-31,103.23,5.9,Credit Card,194.19,146.78,47.41,24.41
8766,4,1,2099,200,5,2025-08-07,292.14,10.1,Credit Card,1312.65,1015.15,297.5,22.66
8767,10,16,1140,48,2,2025-09-09,284.25,23.7,Debit Card,433.54,290.16,143.38,33.07
8768,5,20,4287,1075,1,2025-07-16,46.35,6.3,Credit Card,43.44,16.96,26.48,60.96
8769,9,61,4446,769,1,2025-06-19,218.75,10.9,Credit Card,194.97,80.03,114.94,58.95
8770,5,105,2075,64,5,2025-08-30,199.44,5.3,Credit Card,944.75,511.55,433.2,45.85
8771,6,77,2469,253,3,2024-11-27,294.63,9.6,Debit Card,798.65,1088.4,-289.75,-36.28
8772,7,41,3063,536,1,2025-05-30,140.87,5.1,Debit Card,133.68,100.34,33.34,24.94
8773,5,113,1565,205,4,2025-03-08,84.18,5.2,Credit Card,319.29,189.12,130.17,40.77
8774,5,113,4863,1227,5,2024-12-29,119.26,8.4,Debit Card,546.02,390.15,155.87,28.55
8775,2,23,1841,1330,3,2025-05-28,218.14,3.3,Cash,632.72,447.54,185.18,29.27
8776,2,89,2628,1106,2,2025-03-17,89.92,8.8,Online,163.93,127.96,35.97,21.94
8777,6,66,493,266,2,2025-09-04,153.54,9.6,Cash,277.51,189.2,88.31,31.82
8778,10,33,3171,227,1,2024-10-01,171.62,24.5,Online,129.58,119.08,10.5,8.1
8779,6,66,1042,293,1,2025-06-24,289.97,9.8,Credit Card,261.62,362.23,-100.61,-38.46
8780,10,101,4648,259,1,2024-10-09,223.94,30.9,Credit Card,154.83,103.43,51.4,33.2
8781,6,78,49,50,2,2025-02-13,279.07,5.1,Online,529.63,220.44,309.19,58.38
8782,3,21,1057,865,1,2025-09-09,274.17,5.8,Credit Card,258.24,151.96,106.28,41.16
8783,9,111,2567,1324,2,2025-02-13,66.16,11.5,Cash,117.09,54.16,62.93,53.74
8784,12,60,2475,246,5,2024-10-21,211.91,8.6,Credit Card,968.77,700.15,268.62,27.73
8785,7,95,2796,31,5,2024-10-05,213.06,9.0,Debit Card,969.07,559.25,409.82,42.29
8786,4,42,2039,162,2,2024-11-16,262.29,9.0,Credit Card,477.11,285.16,191.95,40.23
8787,9,6,2860,62,5,2025-09-09,40.76,12.0,Credit Card,179.43,84.25,95.18,53.05
8788,4,1,3290,1442,5,2024-11-23,19.98,9.4,Cash,90.51,67.6,22.91,25.31
8789,3,14,1281,69,2,2024-11-19,93.2,9.9,Online,168.02,124.08,43.94,26.15
8790,1,68,4203,41,1,2025-03-21,66.29,29.5,Debit Card,46.72,26.56,20.16,43.15
8791,4,70,4493,261,1,2025-09-19,189.89,5.8,Online,178.85,130.16,48.69,27.22
8792,3,88,906,33,2,2025-11-26,87.01,10.4,Debit Card,155.91,102.3,53.61,34.39
8793,12,93,4247,403,5,2025-05-11,69.3,3.2,Debit Card,335.3,133.5,201.8,60.18
8794,3,115,3835,1108,5,2025-09-13,132.49,4.1,Credit Card,635.46,265.05,370.41,58.29
8795,6,66,4367,126,5,2025-12-01,87.4,4.2,Credit Card,418.67,462.05,-43.38,-10.36
8796,9,61,1548,1282,1,2025-06-01,65.37,3.0,Cash,63.38,31.04,32.34,51.03
8797,1,82,4209,439,1,2025-02-07,129.52,32.2,Credit Card,87.76,85.5,2.26,2.58
8798,9,37,4336,82,3,2025-11-15,202.78,11.9,Credit Card,536.07,403.17,132.9,24.79
8799,12,108,1744,434,2,2025-03-16,214.82,5.5,Credit Card,406.01,203.26,202.75,49.94
8800,2,73,4726,37,4,2025-02-24,228.82,4.6,Credit Card,873.0,355.16,517.84,59.32
8801,11,12,2768,175,1,2025-06-25,226.99,28.8,Online,161.58,89.58,72.0,44.56
8802,12,60,911,8,2,2024-10-09,218.31,9.6,Cash,394.53,230.52,164.01,41.57
8803,3,88,1879,221,4,2024-11-16,89.26,3.4,Credit Card,344.73,183.64,161.09,46.73
8804,9,52,1671,997,2,2025-03-31,252.67,7.8,Cash,465.86,229.64,236.22,50.71
8805,8,80,2440,592,1,2025-05-09,116.32,7.3,Debit Card,107.88,65.14,42.74,39.62
8806,9,51,1790,100,2,2025-01-01,295.2,8.1,Online,542.5,352.4,190.1,35.04
8807,8,91,3188,92,5,2025-10-15,148.25,8.4,Debit Card,678.7,419.0,259.7,38.26
8808,6,49,2013,613,1,2025-05-05,115.47,5.6,Cash,108.99,68.94,40.05,36.75
8809,10,38,1950,499,1,2025-08-11,26.84,29.5,Cash,18.93,15.24,3.69,19.49
8810,9,61,4762,72,2,2025-05-11,172.61,6.9,Cash,321.45,245.76,75.69,23.55
8811,3,14,4493,517,2,2024-11-20,189.89,11.8,Credit Card,335.06,260.32,74.74,22.31
8812,4,34,169,843,1,2025-08-08,41.76,8.4,Debit Card,38.26,22.94,15.32,40.04
8813,1,17,2285,799,5,2025-08-14,108.58,26.4,Online,399.76,276.6,123.16,30.81
8814,12,108,3217,203,1,2025-07-09,193.82,4.5,Online,185.15,128.8,56.35,30.43
8815,7,104,3885,943,2,2024-12-29,190.4,9.2,Cash,345.79,489.54,-143.75,-41.57
8816,2,11,3042,195,2,2025-08-09,73.88,7.2,Credit Card,137.16,72.0,65.16,47.51
8817,1,118,4061,438,4,2025-01-08,266.85,30.3,Cash,743.65,373.68,369.97,49.75
8818,8,109,2365,781,4,2025-11-25,189.98,7.2,Credit Card,704.91,460.92,243.99,34.61
8819,10,55,3573,767,2,2025-09-08,28.15,26.4,Cash,41.44,28.14,13.3,32.09
8820,11,81,4202,174,1,2025-02-20,291.05,27.9,Debit Card,209.77,158.35,51.42,24.51
8821,11,97,2055,286,1,2025-08-25,192.07,22.8,Debit Card,148.26,107.13,41.13,27.74
8822,9,106,3406,342,1,2025-09-13,207.49,11.9,Online,182.85,256.56,-73.71,-40.31
8823,4,56,1956,118,5,2024-12-27,214.83,3.1,Cash,1041.36,552.35,489.01,46.96
8824,9,51,1936,5,1,2025-10-02,74.28,4.9,Cash,70.65,29.74,40.91,57.91
8825,3,21,271,50,2,2025-07-06,243.73,8.8,Online,444.38,290.94,153.44,34.53
8826,8,9,424,18,1,2025-03-24,189.52,4.6,Debit Card,180.86,93.59,87.27,48.25
8827,10,16,878,150,1,2025-03-28,294.51,25.9,Credit Card,218.28,122.17,96.11,44.03
8828,5,22,3108,163,2,2025-03-08,100.7,7.6,Debit Card,186.02,81.42,104.6,56.23
8829,12,93,3258,1098,2,2025-07-13,40.66,4.2,Credit Card,77.87,47.78,30.09,38.64
8830,2,10,4550,63,4,2025-10-06,235.6,6.6,Debit Card,880.15,539.56,340.59,38.7
8831,12,93,983,93,2,2025-05-16,85.69,8.0,Credit Card,157.74,107.86,49.88,31.62
8832,5,47,192,361,1,2025-01-21,266.96,8.0,Debit Card,245.59,188.46,57.13,23.26
8833,6,49,1926,235,3,2024-11-14,158.62,7.4,Credit Card,440.59,323.31,117.28,26.62
8834,5,119,1546,1480,3,2024-10-13,298.01,9.6,Credit Card,808.2,417.72,390.48,48.31
8835,7,19,12,786,5,2025-10-26,18.71,6.2,Cash,87.71,33.95,53.76,61.29
8836,4,42,2629,136,5,2024-10-30,175.95,8.6,Cash,804.24,396.7,407.54,50.67
8837,11,63,1410,665,5,2025-02-01,160.35,23.5,Cash,613.09,413.0,200.09,32.64
8838,10,15,3113,115,3,2025-10-12,24.26,27.6,Credit Card,52.66,30.06,22.6,42.92
8839,10,87,1322,545,2,2025-10-24,254.44,22.7,Cash,393.14,272.8,120.34,30.61
8840,7,95,2438,19,2,2024-12-15,37.93,10.8,Credit Card,67.7,48.76,18.94,27.98
8841,9,106,1178,100,1,2025-09-16,209.26,4.6,Cash,199.69,137.84,61.85,30.97
8842,2,32,3546,52,5,2025-03-19,70.48,11.7,Cash,311.24,127.7,183.54,58.97
8843,11,12,4518,215,4,2025-05-27,81.85,26.3,Credit Card,241.39,167.92,73.47,30.44
8844,11,81,4369,277,1,2025-07-05,56.27,27.8,Credit Card,40.61,31.17,9.44,23.25
8845,12,93,4269,130,1,2025-10-08,234.46,4.9,Cash,222.88,84.46,138.42,62.11
8846,9,106,1390,1436,2,2024-10-22,132.81,9.7,Credit Card,239.8,175.02,64.78,27.01
8847,10,75,859,206,5,2024-12-04,108.38,28.6,Cash,386.82,390.05,-3.23,-0.84
8848,2,45,217,281,2,2025-02-27,41.95,9.4,Debit Card,76.03,41.14,34.89,45.89
8849,7,19,1768,232,1,2024-10-08,182.81,3.8,Credit Card,175.86,84.63,91.23,51.88
8850,5,119,1811,1090,5,2025-02-22,236.78,8.0,Cash,1088.8,496.95,591.85,54.36
8851,4,1,3004,186,4,2025-03-25,23.47,9.1,Online,85.35,66.2,19.15,22.44
8852,7,104,214,1330,1,2025-05-17,263.68,5.9,Cash,248.25,157.86,90.39,36.41
8853,1,29,4747,915,4,2025-07-10,64.01,24.9,Debit Card,192.28,115.64,76.64,39.86
8854,3,46,4820,38,1,2024-12-02,180.48,6.6,Cash,168.52,81.12,87.4,51.86
8855,2,114,2384,1150,1,2025-09-27,38.72,5.9,Debit Card,36.42,24.11,12.31,33.8
8856,2,73,1517,91,4,2025-06-27,36.02,10.1,Debit Card,129.52,61.08,68.44,52.84
8857,5,119,4011,30,3,2025-05-14,282.24,4.9,Cash,805.4,465.57,339.83,42.19
8858,10,39,1867,111,1,2025-09-18,297.52,22.6,Debit Card,230.36,117.32,113.04,49.07
8859,2,26,623,43,1,2025-10-24,182.28,10.0,Credit Card,164.04,110.58,53.46,32.59
8860,3,88,4742,367,1,2025-07-25,27.94,11.2,Credit Card,24.8,11.43,13.37,53.91
8861,7,19,2409,224,1,2025-05-04,225.66,6.6,Debit Card,210.79,157.11,53.68,25.47
8862,2,45,2499,238,1,2025-02-26,204.7,6.5,Credit Card,191.42,92.13,99.29,51.87
8863,4,34,3646,350,1,2025-07-08,261.37,11.8,Credit Card,230.6,122.34,108.26,46.95
8864,2,69,4086,250,1,2025-09-10,169.49,4.8,Cash,161.41,86.6,74.81,46.35
8865,8,116,2835,1475,2,2025-11-08,215.25,9.8,Credit Card,388.21,226.9,161.31,41.55
8866,12,93,1275,372,5,2025-12-01,77.38,3.7,Debit Card,372.72,142.2,230.52,61.85
8867,6,96,4458,294,3,2024-11-01,110.65,11.7,Debit Card,293.06,198.57,94.49,32.24
8868,8,112,458,208,4,2025-05-14,240.18,9.5,Online,869.63,557.76,311.87,35.86
8869,6,72,3360,224,3,2025-09-04,204.32,4.3,Credit Card,586.34,340.59,245.75,41.91
8870,11,97,4639,1469,2,2025-06-11,18.51,22.1,Online,28.85,14.54,14.31,49.6
8871,1,17,1222,3,5,2024-10-01,176.35,24.4,Cash,666.4,318.75,347.65,52.17
8872,9,24,2798,78,1,2024-10-17,253.38,4.3,Debit Card,242.51,146.01,96.5,39.79
8873,9,120,869,172,5,2024-12-25,198.56,10.2,Debit Card,891.76,551.65,340.11,38.14
8874,5,92,109,1214,2,2025-03-15,79.84,11.6,Cash,141.1,96.24,44.86,31.79
8875,10,15,1187,1314,2,2025-09-22,128.11,27.8,Credit Card,184.91,138.26,46.65,25.23
8876,11,12,3819,29,5,2025-09-02,280.92,26.3,Debit Card,1035.08,760.25,274.83,26.55
8877,7,41,3927,71,1,2025-09-27,151.92,9.1,Debit Card,138.02,97.07,40.95,29.67
8878,3,53,3898,1147,4,2024-11-10,51.04,6.7,Online,190.4,115.44,74.96,39.37
8879,2,69,3203,137,3,2025-06-24,211.08,3.9,Credit Card,608.66,270.78,337.88,55.51
8880,11,64,3374,201,5,2025-08-29,10.75,29.5,Debit Card,37.88,36.25,1.63,4.3
8881,8,57,4971,3,2,2025-08-24,82.92,7.3,Debit Card,153.78,91.56,62.22,40.46
8882,3,53,3957,246,5,2025-05-12,247.7,9.0,Debit Card,1126.65,445.85,680.8,60.43
8883,2,13,1984,1096,3,2024-11-25,236.49,5.1,Credit Card,673.13,825.75,-152.62,-22.67
8884,7,95,4363,183,2,2024-12-04,278.22,9.0,Credit Card,506.17,214.4,291.77,57.64
8885,9,25,3425,1143,1,2025-03-22,69.47,11.9,Debit Card,61.17,31.9,29.27,47.85
8886,6,99,2875,174,1,2024-10-12,183.71,7.6,Cash,169.75,115.35,54.4,32.05
8887,2,13,2716,475,2,2025-01-24,97.71,9.5,Debit Card,176.8,92.06,84.74,47.93
8888,2,10,1618,147,1,2025-04-06,51.81,10.1,Debit Card,46.59,64.99,-18.4,-39.49
8889,1,68,3938,258,2,2025-10-31,194.75,25.7,Cash,289.22,237.62,51.6,17.84
8890,9,25,4183,985,2,2025-04-06,13.52,3.5,Debit Card,26.09,15.92,10.17,38.98
8891,4,31,4003,1046,1,2025-09-20,251.91,8.4,Online,230.74,141.64,89.1,38.61
8892,12,60,3215,39,2,2025-06-20,231.0,7.1,Credit Card,429.3,204.52,224.78,52.36
8893,4,56,2162,1288,5,2024-12-22,196.77,10.5,Debit Card,880.63,411.15,469.48,53.31
8894,10,38,3593,261,3,2024-10-06,182.63,28.6,Debit Card,390.99,371.19,19.8,5.06
8895,4,31,1416,110,1,2024-11-04,263.2,7.9,Debit Card,242.38,128.15,114.23,47.13
8896,1,50,4506,994,5,2025-06-14,272.83,32.3,Credit Card,922.92,951.05,-28.13,-3.05
8897,12,102,4881,406,3,2024-11-09,59.74,8.7,Debit Card,163.6,122.13,41.47,25.35
8898,10,33,1675,255,2,2025-10-02,51.81,28.2,Cash,74.44,126.46,-52.02,-69.88
8899,11,63,4932,936,1,2025-10-15,215.47,28.7,Credit Card,153.7,145.87,7.83,5.09
8900,8,80,4184,102,1,2025-03-17,189.32,11.6,Online,167.39,109.44,57.95,34.62
8901,9,24,1319,291,3,2025-01-17,140.37,3.5,Online,406.2,254.73,151.47,37.29
8902,9,24,4091,1386,1,2025-07-08,299.63,11.6,Credit Card,264.88,142.99,121.89,46.02
8903,9,25,851,412,5,2025-10-26,199.22,7.4,Online,921.95,508.0,413.95,44.9
8904,6,99,322,300,1,2024-11-25,71.89,10.9,Cash,64.05,29.07,34.98,54.61
8905,12,108,4972,15,4,2025-11-21,55.42,8.9,Online,201.94,146.64,55.3,27.38
8906,7,5,180,92,4,2025-06-14,284.78,3.6,Cash,1097.65,685.28,412.37,37.57
8907,1,86,4727,337,4,2025-02-28,261.31,29.7,Cash,735.13,532.44,202.69,27.57
8908,11,64,2426,608,3,2025-02-05,6.96,25.4,Cash,15.57,9.66,5.91,37.96
8909,5,92,3569,1200,1,2025-02-12,129.8,10.9,Debit Card,115.66,65.76,49.9,43.14
8910,6,96,2272,1115,4,2025-10-17,40.37,8.7,Debit Card,147.5,69.28,78.22,53.03
8911,8,116,211,180,1,2025-07-12,107.48,6.4,Debit Card,100.57,72.13,28.44,28.28
8912,1,79,473,570,1,2025-01-10,185.37,30.8,Online,128.24,71.99,56.25,43.86
8913,8,112,4146,232,1,2025-01-08,143.57,11.7,Online,126.72,85.62,41.1,32.43
8914,7,19,2750,239,1,2025-09-17,192.73,9.6,Credit Card,174.22,106.17,68.05,39.06
8915,2,8,4535,1337,1,2025-06-22,220.3,4.6,Credit Card,210.13,138.61,71.52,34.04
8916,7,95,3873,699,1,2024-10-20,282.74,5.5,Online,267.3,114.4,152.9,57.2
8917,4,1,4621,1405,5,2024-12-23,163.86,10.0,Debit Card,737.3,1047.35,-310.05,-42.05
8918,10,16,697,825,4,2025-01-02,90.19,31.2,Credit Card,248.18,434.16,-185.98,-74.94
8919,10,38,1385,677,3,2024-11-16,67.82,23.9,Online,154.76,91.47,63.29,40.9
8920,11,44,1795,214,3,2024-11-27,97.51,28.8,Credit Card,208.22,179.82,28.4,13.64
8921,6,96,143,54,1,2025-04-15,131.05,8.5,Cash,119.86,58.36,61.5,51.31
8922,9,111,2782,392,5,2025-01-19,197.78,6.6,Credit Card,923.49,417.25,506.24,54.82
8923,4,31,484,235,3,2025-07-01,267.33,5.0,Credit Card,761.67,502.41,259.26,34.04
8924,10,71,4811,296,3,2025-06-19,252.17,27.3,Debit Card,549.87,495.36,54.51,9.91
8925,2,8,491,142,4,2025-04-17,259.32,7.9,Cash,955.43,386.88,568.55,59.51
8926,9,65,1660,99,1,2024-10-03,298.26,4.7,Debit Card,284.28,213.89,70.39,24.76
8927,12,100,670,133,1,2025-03-29,59.13,3.2,Credit Card,57.22,23.83,33.39,58.35
8928,1,58,1968,473,5,2025-09-22,142.7,23.4,Debit Card,546.88,289.7,257.18,47.03
8929,6,107,1730,1359,4,2024-11-30,297.71,4.4,Cash,1138.26,553.6,584.66,51.36
8930,7,5,3952,1476,1,2025-04-22,120.93,10.6,Online,108.08,62.28,45.8,42.38
8931,8,30,590,926,1,2025-10-18,282.37,7.2,Cash,261.97,343.57,-81.6,-31.15
8932,4,34,4928,1373,5,2025-07-16,92.25,8.8,Debit Card,420.71,199.4,221.31,52.6
8933,1,59,766,142,2,2025-05-04,75.25,33.2,Debit Card,100.48,191.82,-91.34,-90.9
8934,1,58,2807,2,2,2025-07-03,135.26,25.7,Online,200.94,136.14,64.8,32.25
8935,1,79,4407,98,1,2025-05-06,166.48,27.6,Credit Card,120.57,92.58,27.99,23.21
8936,3,53,3551,404,2,2025-09-22,284.46,5.0,Debit Card,540.45,300.98,239.47,44.31
8937,9,111,444,1198,2,2025-04-14,160.5,6.8,Credit Card,299.1,129.56,169.54,56.68
8938,6,77,970,1245,4,2025-01-03,233.78,7.1,Credit Card,868.65,431.16,437.49,50.36
8939,7,41,1128,992,1,2025-08-02,275.78,4.9,Online,262.13,108.93,153.2,58.44
8940,7,104,2461,788,1,2025-05-05,193.45,10.9,Online,172.38,116.22,56.16,32.58
8941,2,110,1841,153,5,2025-03-07,218.14,6.1,Credit Card,1024.42,745.9,278.52,27.19
8942,11,81,1997,44,1,2025-01-21,129.93,26.4,Debit Card,95.65,51.02,44.63,46.66
8943,6,66,3430,263,1,2025-11-05,129.32,6.9,Credit Card,120.35,63.3,57.05,47.4
8944,9,6,1393,168,3,2025-03-08,242.53,6.2,Credit Card,682.16,424.14,258.02,37.82
8945,4,42,4926,65,1,2025-09-25,160.66,10.6,Debit Card,143.57,77.4,66.17,46.09
8946,8,85,3802,230,3,2025-02-19,126.29,5.0,Cash,359.96,176.34,183.62,51.01
8947,8,30,1574,263,2,2025-11-21,297.9,3.7,Debit Card,573.86,282.4,291.46,50.79
8948,3,88,1914,823,5,2024-12-17,208.45,5.2,Debit Card,988.49,489.55,498.94,50.47
8949,7,5,2159,925,5,2025-07-30,211.52,3.2,Cash,1024.28,506.15,518.13,50.58
8950,8,116,4222,235,1,2025-09-28,269.15,7.0,Cash,250.3,170.11,80.19,32.04
8951,6,77,1835,1263,1,2025-04-29,284.25,9.0,Credit Card,258.65,201.49,57.16,22.1
8952,4,31,2866,866,2,2025-05-18,264.2,6.2,Debit Card,495.42,244.12,251.3,50.72
8953,8,30,1182,217,1,2025-04-02,183.23,11.7,Credit Card,161.8,76.92,84.88,52.46
8954,11,12,2324,176,4,2024-10-14,18.95,30.8,Credit Card,52.42,38.0,14.42,27.51
8955,4,31,2512,159,2,2024-10-29,209.53,4.6,Debit Card,399.59,288.62,110.97,27.77
8956,6,72,15,232,2,2024-10-06,12.24,5.7,Cash,23.08,13.82,9.26,40.12
8957,2,114,900,166,1,2025-03-01,124.35,5.1,Online,118.06,57.05,61.01,51.68
8958,12,108,2788,235,5,2024-10-28,127.94,5.1,Debit Card,607.01,325.85,281.16,46.32
8959,2,69,3748,289,3,2025-09-21,222.9,4.5,Credit Card,638.53,425.67,212.86,33.34
8960,4,70,4002,84,1,2025-08-08,119.14,7.9,Debit Card,109.72,46.28,63.44,57.82
8961,6,99,1491,894,1,2025-10-22,45.0,9.5,Debit Card,40.72,30.4,10.32,25.34
8962,3,14,3432,57,3,2025-01-10,203.01,7.5,Online,563.46,384.12,179.34,31.83
8963,3,14,3370,203,3,2025-10-23,190.38,8.2,Cash,524.1,216.69,307.41,58.65
8964,6,99,2357,83,2,2025-03-15,87.62,5.9,Debit Card,164.89,123.22,41.67,25.27
8965,10,101,1049,152,3,2024-11-01,139.55,29.5,Credit Card,295.03,188.67,106.36,36.05
8966,12,60,3409,230,5,2025-05-31,60.89,10.8,Cash,271.65,188.85,82.8,30.48
8967,8,30,4072,747,1,2025-03-31,193.89,7.8,Cash,178.84,85.81,93.03,52.02
8968,6,107,2923,382,1,2025-10-08,42.61,5.9,Credit Card,40.08,20.69,19.39,48.38
8969,12,93,2331,181,1,2025-04-19,102.93,9.9,Debit Card,92.7,68.96,23.74,25.61
8970,8,57,3972,296,4,2025-03-19,103.03,7.5,Debit Card,381.17,249.6,131.57,34.52
8971,4,70,4351,149,3,2025-07-31,63.29,3.6,Credit Card,183.08,132.81,50.27,27.46
8972,5,22,4883,1016,1,2025-08-28,85.83,5.6,Debit Card,80.99,40.56,40.43,49.92
8973,3,88,3217,242,2,2025-03-27,193.82,11.6,Online,342.59,257.6,84.99,24.81
8974,7,84,3811,651,3,2025-09-25,281.85,7.7,Debit Card,780.05,362.22,417.83,53.56
8975,11,64,4625,156,4,2025-04-04,272.27,29.7,Credit Card,765.14,507.64,257.5,33.65
8976,7,5,1748,533,1,2025-05-14,170.37,5.0,Online,161.91,64.32,97.59,60.27
8977,6,74,1861,1281,2,2025-09-18,150.67,10.3,Credit Card,270.2,109.18,161.02,59.59
8978,4,31,1634,54,3,2025-07-20,108.33,10.3,Online,291.67,177.03,114.64,39.3
8979,7,5,1016,296,4,2025-10-14,17.53,5.4,Credit Card,66.35,42.88,23.47,35.37
8980,12,108,551,251,1,2025-09-26,84.03,8.7,Credit Card,76.7,45.61,31.09,40.53
8981,12,18,4423,271,1,2025-10-02,244.39,6.1,Credit Card,229.43,100.99,128.44,55.98
8982,3,115,1225,98,4,2024-10-23,174.43,6.6,Debit Card,651.86,384.6,267.26,41.0
8983,6,72,748,14,1,2024-12-30,205.91,10.0,Cash,185.29,143.27,42.02,22.68
8984,12,18,920,36,2,2025-08-26,112.42,8.5,Online,205.79,258.96,-53.17,-25.84
8985,4,70,3055,143,3,2025-08-16,148.57,4.5,Credit Card,425.76,218.94,206.82,48.58
8986,5,92,4890,1064,1,2025-09-01,196.33,9.8,Debit Card,177.12,82.52,94.6,53.41
8987,6,66,2705,921,2,2025-05-06,210.31,5.9,Debit Card,395.95,228.94,167.01,42.18
8988,7,95,3756,1487,2,2025-10-11,128.73,11.2,Cash,228.53,157.56,70.97,31.06
8989,7,95,313,722,1,2025-08-06,205.46,5.4,Debit Card,194.46,76.44,118.02,60.69
8990,7,104,3690,176,1,2025-07-14,38.07,11.2,Credit Card,33.79,19.38,14.41,42.65
8991,5,20,1283,1255,4,2024-11-13,110.3,5.5,Debit Card,416.86,495.68,-78.82,-18.91
8992,12,100,916,873,1,2025-04-02,276.28,10.3,Credit Card,247.93,120.22,127.71,51.51
8993,10,38,4966,597,2,2025-10-23,292.08,22.6,Debit Card,452.14,235.94,216.2,47.82
8994,7,84,901,269,2,2025-05-15,71.6,11.8,Credit Card,126.27,63.58,62.69,49.65
8995,5,22,1689,652,5,2024-11-03,290.79,11.0,Debit Card,1293.85,1038.5,255.35,19.74
8996,5,40,3977,1377,5,2025-08-30,68.63,4.4,Debit Card,327.99,193.1,134.89,41.13
8997,3,46,3064,1087,3,2025-11-29,38.83,8.4,Cash,106.71,52.44,54.27,50.86
8998,9,37,1422,98,5,2025-01-24,78.41,5.3,Online,371.34,229.3,142.04,38.25
8999,12,102,2827,49,4,2025-07-28,138.68,5.5,Debit Card,524.11,301.48,222.63,42.48
9000,9,61,4754,9,2,2025-04-11,118.45,9.9,Cash,213.39,131.32,82.07,38.46
9001,1,58,4974,639,1,2025-02-19,250.09,33.7,Online,165.78,116.78,49.0,29.56
9002,4,1,4309,140,1,2025-08-15,86.17,8.9,Credit Card,78.53,101.23,-22.7,-28.91
9003,11,63,2424,655,3,2024-10-10,202.6,25.4,Online,453.53,297.18,156.35,34.47
9004,11,12,1926,93,1,2025-11-22,158.62,23.7,Online,121.02,107.77,13.25,10.95
9005,3,46,3587,219,2,2024-12-17,200.67,3.6,Debit Card,386.97,235.46,151.51,39.15
9006,4,42,586,7,1,2024-12-02,223.17,5.9,Online,210.06,82.79,127.27,60.59
9007,2,43,701,55,2,2025-08-13,143.36,4.8,Credit Card,273.08,195.6,77.48,28.37
9008,6,49,2002,41,1,2024-11-25,253.74,8.6,Online,231.98,113.54,118.44,51.06
9009,6,74,3234,872,1,2025-02-04,187.48,9.3,Cash,170.05,109.5,60.55,35.61
9010,7,62,626,1214,3,2024-12-08,48.8,3.1,Online,141.93,92.67,49.26,34.71
9011,6,96,2638,88,3,2025-10-06,63.77,8.3,Cash,175.46,71.88,103.58,59.03
9012,8,57,2499,263,1,2025-08-18,204.7,6.5,Cash,191.43,92.13,99.3,51.87
9013,4,34,2917,76,4,2024-12-07,11.23,10.1,Online,40.4,25.12,15.28,37.82
9014,2,45,490,838,1,2025-08-02,25.1,8.4,Online,23.0,13.72,9.28,40.35
9015,10,15,3671,963,4,2024-10-16,176.23,24.7,Online,530.7,325.28,205.42,38.71
9016,7,104,716,856,4,2025-09-28,55.14,9.6,Debit Card,199.32,157.24,42.08,21.11
9017,1,48,2129,126,1,2024-12-19,88.15,30.5,Credit Card,61.25,102.95,-41.7,-68.08
9018,1,48,2980,169,2,2025-06-24,164.82,33.6,Credit Card,218.73,128.98,89.75,41.03
9019,11,97,4327,105,3,2025-07-29,290.19,25.4,Debit Card,649.47,594.09,55.38,8.53
9020,5,119,2467,2,1,2025-04-14,28.94,9.5,Credit Card,26.19,18.65,7.54,28.79
9021,5,22,4543,33,1,2025-07-29,172.84,10.7,Credit Card,154.43,88.8,65.63,42.5
9022,5,47,2808,1459,1,2025-07-27,11.61,6.1,Debit Card,10.91,6.7,4.21,38.59
9023,3,53,3771,1240,1,2025-10-01,94.3,11.4,Debit Card,83.54,59.82,23.72,28.39
9024,6,74,1396,40,3,2025-12-03,257.53,10.8,Online,689.45,512.04,177.41,25.73
9025,2,26,4938,231,1,2025-05-21,269.15,7.1,Online,249.92,98.03,151.89,60.78
9026,10,55,1934,1424,1,2025-04-16,283.26,25.1,Cash,212.05,109.45,102.6,48.38
9027,8,116,1625,28,5,2025-10-27,68.95,11.5,Online,305.13,384.05,-78.92,-25.86
9028,8,9,3539,507,4,2024-12-31,185.94,7.1,Debit Card,690.69,454.08,236.61,34.26
9029,5,119,2217,54,1,2025-08-04,87.59,7.7,Credit Card,80.82,42.18,38.64,47.81
9030,6,96,828,174,4,2025-05-22,286.36,10.2,Cash,1028.9,571.16,457.74,44.49
9031,2,11,1530,24,3,2025-05-18,10.99,4.9,Debit Card,31.34,12.42,18.92,60.37
9032,5,47,569,300,1,2025-07-14,13.59,4.8,Cash,12.94,9.25,3.69,28.52
9033,8,9,350,608,1,2025-05-17,207.33,9.8,Cash,186.98,132.2,54.78,29.3
9034,10,16,4455,21,1,2025-05-16,7.22,33.4,Debit Card,4.81,4.99,-0.18,-3.74
9035,7,84,2489,253,2,2025-04-21,102.95,8.6,Debit Card,188.18,95.38,92.8,49.31
9036,12,108,2110,150,2,2024-12-19,187.38,7.3,Cash,347.39,152.56,194.83,56.08
9037,9,27,2573,628,1,2025-09-28,188.44,4.3,Debit Card,180.29,110.2,70.09,38.88
9038,12,108,190,256,4,2025-03-17,67.57,11.7,Cash,238.76,179.72,59.04,24.73
9039,9,6,67,9,1,2025-10-08,120.13,6.3,Credit Card,112.54,82.44,30.1,26.75
9040,8,94,739,133,1,2025-07-15,61.98,5.9,Online,58.32,29.06,29.26,50.17
9041,2,11,1450,244,2,2025-10-21,214.59,11.3,Cash,380.64,212.54,168.1,44.16
9042,4,42,4066,49,1,2024-10-12,234.5,4.8,Credit Card,223.27,300.95,-77.68,-34.79
9043,4,1,1729,1157,4,2024-11-01,83.39,3.1,Debit Card,323.11,189.76,133.35,41.27
9044,8,9,3963,1190,2,2025-10-31,213.31,6.4,Credit Card,399.27,211.64,187.63,46.99
9045,2,83,4654,57,2,2025-03-07,129.77,10.3,Cash,232.81,110.3,122.51,52.62
9046,10,117,474,1150,2,2025-07-18,106.52,29.4,Cash,150.4,140.46,9.94,6.61
9047,9,120,94,287,4,2024-11-15,252.06,10.5,Cash,901.98,554.92,347.06,38.48
9048,12,100,3310,1097,2,2025-07-02,221.65,5.0,Credit Card,420.99,307.32,113.67,27.0
9049,2,73,1860,384,4,2024-12-04,37.81,9.4,Cash,136.99,79.12,57.87,42.24
9050,4,70,1652,1251,1,2025-02-02,174.97,7.1,Online,162.54,64.06,98.48,60.59
9051,3,53,2469,230,1,2025-01-19,294.63,4.0,Debit Card,282.87,362.8,-79.93,-28.26
9052,10,38,314,1495,1,2025-06-30,57.74,28.6,Credit Card,41.24,37.57,3.67,8.9
9053,8,9,968,1073,5,2025-03-03,230.71,5.2,Credit Card,1093.84,727.6,366.24,33.48
9054,1,82,4527,389,2,2025-03-29,48.46,25.4,Credit Card,72.32,66.9,5.42,7.49
9055,7,41,4078,197,3,2025-10-31,53.2,10.2,Credit Card,143.36,103.65,39.71,27.7
9056,7,5,871,348,1,2025-11-23,182.24,10.7,Credit Card,162.7,77.98,84.72,52.07
9057,9,2,1398,687,5,2024-10-28,293.88,8.1,Credit Card,1349.79,944.6,405.19,30.02
9058,10,71,1055,172,2,2025-09-08,152.92,28.4,Credit Card,218.94,141.08,77.86,35.56
9059,8,30,1694,271,3,2024-11-24,195.16,9.2,Cash,531.89,653.85,-121.96,-22.93
9060,6,96,410,1171,2,2025-09-02,123.62,5.4,Debit Card,233.89,154.76,79.13,33.83
9061,6,96,510,1358,1,2025-07-06,209.58,10.7,Credit Card,187.18,80.3,106.88,57.1
9062,6,96,2000,355,1,2025-08-01,46.94,4.1,Credit Card,45.03,20.33,24.7,54.85
9063,5,76,3286,76,5,2024-12-29,280.37,7.0,Credit Card,1304.33,653.1,651.23,49.93
9064,1,50,4320,802,1,2025-10-14,81.65,22.1,Credit Card,63.6,41.9,21.7,34.12
9065,2,45,4462,124,1,2025-06-19,53.59,7.8,Online,49.43,32.47,16.96,34.31
9066,11,64,781,33,1,2024-11-24,160.86,28.7,Debit Card,114.7,96.28,18.42,16.06
9067,12,93,4505,186,4,2025-03-21,72.17,4.1,Debit Card,276.8,198.2,78.6,28.4
9068,6,72,2104,135,2,2024-10-10,41.34,9.4,Debit Card,74.88,51.98,22.9,30.58
9069,2,10,4024,258,1,2025-11-19,65.39,7.2,Credit Card,60.71,78.09,-17.38,-28.63
9070,5,47,1486,2,1,2025-03-16,252.83,5.4,Debit Card,239.13,131.39,107.74,45.05
9071,10,15,193,539,2,2025-01-29,33.98,27.7,Online,49.11,41.96,7.15,14.56
9072,1,29,3665,221,3,2025-11-01,76.94,29.2,Debit Card,163.42,85.56,77.86,47.64
9073,1,29,1589,130,1,2025-04-04,34.84,30.9,Online,24.07,16.3,7.77,32.28
9074,6,107,4688,136,1,2024-10-26,29.07,5.4,Online,27.51,16.34,11.17,40.6
9075,1,68,3093,22,2,2024-12-14,244.27,24.1,Debit Card,370.69,322.04,48.65,13.12
9076,4,1,359,112,2,2025-08-27,265.57,4.1,Cash,509.35,294.96,214.39,42.09
9077,2,43,3570,60,4,2025-09-22,41.91,12.0,Credit Card,147.58,106.68,40.9,27.71
9078,9,111,1901,219,1,2024-10-19,173.7,9.8,Debit Card,156.69,100.37,56.32,35.94
9079,1,59,2587,248,1,2025-02-07,158.53,24.1,Credit Card,120.26,93.58,26.68,22.19
9080,3,115,2503,971,5,2025-03-02,25.87,6.1,Credit Card,121.5,82.75,38.75,31.89
9081,7,104,63,283,2,2025-02-07,115.5,8.8,Debit Card,210.56,125.56,85.0,40.37
9082,1,50,1564,294,5,2025-10-05,130.92,27.3,Credit Card,475.61,458.7,16.91,3.56
9083,1,118,479,49,4,2024-12-06,63.18,30.8,Credit Card,174.82,162.96,11.86,6.78
9084,6,107,2269,176,1,2025-10-18,222.87,6.5,Debit Card,208.49,239.84,-31.35,-15.04
9085,12,36,4266,890,1,2025-09-12,252.22,4.1,Credit Card,241.98,111.36,130.62,53.98
9086,6,107,3672,293,4,2025-08-22,154.99,8.6,Debit Card,566.39,282.36,284.03,50.15
9087,4,34,4410,188,1,2025-08-06,156.78,6.6,Debit Card,146.41,83.46,62.95,43.0
9088,10,117,2538,216,5,2025-05-03,242.41,24.0,Debit Card,921.44,611.55,309.89,33.63
9089,3,53,932,58,1,2024-11-19,21.25,4.1,Credit Card,20.38,14.9,5.48,26.89
9090,10,33,4083,14,1,2024-12-02,253.63,27.1,Cash,185.02,294.91,-109.89,-59.39
9091,1,3,1717,73,4,2025-01-06,162.61,28.7,Cash,463.69,258.92,204.77,44.16
9092,8,85,4561,149,4,2025-07-25,241.18,5.9,Credit Card,907.98,459.6,448.38,49.38
9093,8,80,326,142,1,2025-01-16,40.44,9.3,Online,36.67,50.49,-13.82,-37.69
9094,7,19,3681,610,1,2025-10-28,210.73,6.5,Cash,197.12,118.29,78.83,39.99
9095,4,31,3836,81,1,2025-04-09,108.06,8.0,Cash,99.46,70.7,28.76,28.92
9096,2,28,3768,778,1,2025-09-03,238.65,8.0,Cash,219.62,102.57,117.05,53.3
9097,7,104,2224,628,1,2025-09-08,14.92,5.1,Online,14.16,8.64,5.52,38.98
9098,8,30,3568,76,5,2025-09-01,121.41,11.3,Debit Card,538.39,411.4,126.99,23.59
9099,12,93,4268,482,4,2024-12-16,106.32,4.9,Debit Card,404.43,298.32,106.11,26.24
9100,5,119,3546,164,3,2025-07-16,70.48,9.2,Online,192.05,76.62,115.43,60.1
9101,9,52,1580,54,3,2025-10-12,276.21,7.2,Credit Card,769.32,437.04,332.28,43.19
9102,10,90,3463,369,5,2024-10-06,200.2,28.5,Debit Card,715.78,420.85,294.93,41.2
9103,8,116,4852,880,3,2025-08-14,16.96,9.3,Cash,46.16,22.2,23.96,51.91
9104,4,42,3877,1388,1,2024-10-14,271.57,11.6,Debit Card,239.99,139.27,100.72,41.97
9105,10,38,2135,276,4,2025-05-18,244.2,32.5,Credit Card,659.43,623.32,36.11,5.48
9106,9,51,681,284,1,2025-08-06,264.89,9.5,Debit Card,239.77,172.21,67.56,28.18
9107,1,54,3936,232,1,2025-09-20,86.07,26.2,Online,63.5,102.36,-38.86,-61.2
9108,12,93,477,155,5,2025-04-18,29.28,10.0,Debit Card,131.8,58.9,72.9,55.31
9109,9,2,619,72,1,2025-01-05,79.28,11.0,Debit Card,70.56,39.63,30.93,43.84
9110,1,98,555,151,1,2025-01-31,189.31,24.1,Credit Card,143.7,93.71,49.99,34.79
9111,5,92,271,167,1,2025-01-10,243.73,7.2,Cash,226.15,145.47,80.68,35.68
9112,5,92,3891,709,3,2025-04-02,112.03,3.4,Credit Card,324.58,204.93,119.65,36.86
9113,8,57,4556,65,4,2024-12-17,79.39,10.6,Debit Card,283.82,372.32,-88.5,-31.18
9114,11,97,179,94,1,2025-10-12,258.75,24.6,Cash,195.01,140.35,54.66,28.03
9115,11,97,3147,1417,1,2025-01-17,222.37,32.0,Online,151.16,135.7,15.46,10.23
9116,5,76,3228,36,1,2025-05-16,144.66,5.2,Credit Card,137.18,78.96,58.22,42.44
9117,12,93,2375,1288,2,2025-12-01,46.41,5.2,Credit Card,88.0,98.02,-10.02,-11.39
9118,8,109,3191,74,1,2025-06-17,20.35,11.1,Debit Card,18.1,10.89,7.21,39.83
9119,1,29,1315,269,3,2025-09-28,112.33,28.0,Cash,242.74,213.48,29.26,12.05
9120,10,75,1663,199,2,2025-08-19,77.88,26.9,Debit Card,113.8,64.44,49.36,43.37
9121,3,21,2324,201,2,2024-12-20,18.95,8.5,Cash,34.67,19.0,15.67,45.2
9122,7,62,2773,606,5,2025-09-02,125.95,7.5,Cash,582.32,381.5,200.82,34.49
9123,6,77,3330,468,1,2025-06-30,5.38,3.3,Online,5.2,3.5,1.7,32.69
9124,11,81,2966,1330,2,2025-07-16,14.34,30.3,Cash,19.98,13.16,6.82,34.13
9125,5,105,2009,656,3,2024-11-23,281.07,5.8,Debit Card,794.25,505.95,288.3,36.3
9126,7,5,4794,322,3,2025-09-22,74.56,5.4,Online,211.62,129.45,82.17,38.83
9127,5,92,804,88,1,2025-07-12,68.26,11.0,Debit Card,60.76,27.83,32.93,54.2
9128,7,7,607,239,1,2025-11-16,139.9,8.7,Cash,127.76,74.72,53.04,41.52
9129,10,33,3578,249,1,2025-02-16,153.81,27.5,Cash,111.47,100.59,10.88,9.76
9130,3,88,4240,417,4,2025-03-20,161.7,6.8,Credit Card,603.02,354.12,248.9,41.28
9131,6,99,244,184,5,2024-11-02,54.29,7.5,Cash,251.09,184.85,66.24,26.38
9132,2,103,1429,73,5,2024-11-04,89.52,7.2,Debit Card,415.26,206.25,209.01,50.33
9133,1,54,187,1136,1,2025-09-08,210.47,34.0,Credit Card,138.94,129.47,9.47,6.82
9134,2,43,2281,17,2,2025-03-22,223.73,11.5,Credit Card,396.19,191.34,204.85,51.7
9135,4,31,3651,68,1,2024-12-25,67.57,4.6,Credit Card,64.45,28.91,35.54,55.14
9136,11,81,2157,229,1,2025-08-16,242.12,27.1,Credit Card,176.46,94.09,82.37,46.68
9137,10,101,1946,1167,1,2025-05-20,288.44,26.5,Credit Card,212.1,139.39,72.71,34.28
9138,6,66,675,52,2,2025-04-28,76.81,8.6,Debit Card,140.36,101.9,38.46,27.4
9139,11,12,2697,713,3,2025-06-17,268.25,32.7,Debit Card,541.59,402.78,138.81,25.63
9140,5,76,1673,144,5,2025-08-03,53.83,9.1,Credit Card,244.66,106.0,138.66,56.67
9141,8,80,3381,38,2,2025-09-03,6.6,6.2,Debit Card,12.39,9.2,3.19,25.75
9142,2,26,689,1185,4,2025-08-14,133.87,7.8,Cash,493.73,197.28,296.45,60.04
9143,3,46,1958,1418,2,2025-07-10,192.8,5.4,Credit Card,364.86,231.86,133.0,36.45
9144,2,10,3971,66,2,2024-12-01,23.72,4.0,Cash,45.56,26.26,19.3,42.36
9145,10,33,107,1189,1,2025-01-28,112.46,23.5,Debit Card,86.08,39.8,46.28,53.76
9146,2,103,2733,445,4,2025-08-10,257.79,9.2,Cash,936.36,557.92,378.44,40.42
9147,4,1,2478,101,3,2025-07-03,102.4,6.8,Online,286.32,166.2,120.12,41.95
9148,12,93,3567,515,5,2025-06-02,286.13,8.7,Credit Card,1306.87,838.6,468.27,35.83
9149,2,45,4367,935,3,2025-08-25,87.4,9.1,Cash,238.41,277.23,-38.82,-16.28
9150,2,69,3534,247,2,2025-09-23,175.95,11.6,Debit Card,311.02,140.26,170.76,54.9
9151,3,53,1552,1229,3,2025-08-09,49.33,6.2,Debit Card,138.79,57.87,80.92,58.3
9152,1,4,1809,265,2,2024-10-17,154.49,22.9,Debit Card,238.17,175.2,62.97,26.44
9153,5,92,4634,93,3,2025-07-20,286.81,4.2,Debit Card,824.61,457.95,366.66,44.46
9154,11,64,4208,628,2,2025-03-16,240.62,27.6,Debit Card,348.2,241.56,106.64,30.63
9155,4,1,1219,531,1,2025-10-26,127.72,4.4,Cash,122.14,75.78,46.36,37.96
9156,11,44,2080,422,5,2025-04-28,182.55,33.9,Credit Card,603.55,429.1,174.45,28.9
9157,11,12,2876,1140,2,2025-02-01,198.12,26.3,Debit Card,292.09,159.34,132.75,45.45
9158,1,79,4510,264,5,2024-10-16,153.02,30.3,Credit Card,532.97,373.85,159.12,29.86
9159,6,99,3493,613,2,2025-09-13,98.51,3.1,Cash,190.88,117.56,73.32,38.41
9160,7,41,1672,1364,2,2025-10-28,91.72,11.4,Online,162.57,119.38,43.19,26.57
9161,4,56,1567,69,1,2025-02-22,36.36,3.5,Online,35.1,19.39,15.71,44.76
9162,3,21,131,194,4,2025-06-30,10.49,11.8,Online,37.0,20.44,16.56,44.76
9163,9,106,852,110,2,2025-08-19,142.86,3.9,Cash,274.47,186.34,88.13,32.11
9164,11,81,2629,162,2,2025-07-13,175.95,27.8,Online,253.9,158.68,95.22,37.5
9165,3,53,3010,256,3,2025-09-17,297.35,9.5,Credit Card,807.2,497.04,310.16,38.42
9166,5,47,2995,1037,2,2025-04-10,244.11,6.5,Credit Card,456.54,282.44,174.1,38.13
9167,5,76,1790,200,1,2025-01-19,295.2,11.4,Cash,261.52,176.2,85.32,32.62
9168,7,19,2472,279,1,2024-11-11,222.23,4.0,Debit Card,213.31,79.86,133.45,62.56
9169,1,3,1457,937,2,2025-10-20,292.08,30.6,Credit Card,405.53,719.44,-313.91,-77.41
9170,11,44,1001,1285,1,2025-08-22,74.74,26.1,Online,55.23,39.05,16.18,29.3
9171,3,46,4955,175,1,2025-03-11,18.85,10.7,Credit Card,16.83,11.28,5.55,32.98
9172,3,53,108,89,1,2025-09-01,122.06,4.0,Credit Card,117.16,87.45,29.71,25.36
9173,10,15,813,292,1,2024-11-29,117.74,32.8,Cash,79.1,63.3,15.8,19.97
9174,10,55,4943,1188,5,2025-03-03,292.37,23.1,Debit Card,1123.56,691.55,432.01,38.45
9175,8,91,279,125,3,2025-03-12,96.69,10.9,Debit Card,258.34,360.12,-101.78,-39.4
9176,3,88,2518,250,4,2025-11-27,153.34,11.6,Cash,542.23,431.32,110.91,20.45
9177,7,7,3201,243,1,2025-04-17,119.11,3.9,Online,114.5,45.16,69.34,60.56
9178,9,52,2211,1282,1,2025-09-09,65.67,6.3,Cash,61.55,31.15,30.4,49.39
9179,8,80,93,229,3,2025-07-19,229.56,10.8,Credit Card,614.49,327.96,286.53,46.63
9180,6,99,22,269,5,2025-10-01,78.32,6.1,Credit Card,367.68,276.05,91.63,24.92
9181,5,113,3613,70,5,2025-01-29,191.36,5.1,Online,907.64,573.4,334.24,36.83
9182,7,19,1214,230,4,2025-09-02,84.44,4.7,Credit Card,321.8,223.44,98.36,30.57
9183,9,27,2187,171,1,2024-12-09,155.08,8.7,Online,141.58,109.91,31.67,22.37
9184,12,18,3188,111,1,2025-09-21,148.25,4.5,Online,141.52,83.8,57.72,40.79
9185,6,74,597,255,3,2025-06-30,276.53,4.3,Credit Card,794.17,494.85,299.32,37.69
9186,11,63,1653,813,2,2024-11-10,37.01,31.7,Debit Card,50.58,34.28,16.3,32.23
9187,11,97,2925,89,1,2025-10-04,216.07,23.0,Credit Card,166.48,80.81,85.67,51.46
9188,2,45,2891,71,1,2025-08-20,239.92,10.4,Credit Card,214.91,164.63,50.28,23.4
9189,8,116,3926,63,2,2025-07-02,168.24,10.7,Debit Card,300.54,231.96,68.58,22.82
9190,4,1,563,790,2,2025-01-23,275.33,9.9,Credit Card,496.26,284.26,212.0,42.72
9191,6,96,235,865,1,2024-12-29,165.62,6.0,Credit Card,155.63,64.05,91.58,58.84
9192,2,45,1929,1167,1,2025-04-08,209.6,3.5,Credit Card,202.22,87.93,114.29,56.52
9193,6,72,1028,1393,1,2025-08-27,114.25,9.0,Cash,103.92,77.49,26.43,25.43
9194,2,23,2779,189,4,2024-11-12,261.33,10.4,Online,936.21,428.68,507.53,54.21
9195,1,3,2998,171,2,2025-01-04,24.57,33.9,Credit Card,32.49,59.86,-27.37,-84.24
9196,11,97,1351,1475,1,2025-05-05,236.81,24.3,Cash,179.22,148.81,30.41,16.97
9197,5,22,1246,72,2,2025-03-09,100.06,8.5,Cash,183.18,99.64,83.54,45.61
9198,4,42,1418,21,5,2025-04-04,195.33,10.4,Credit Card,874.74,461.05,413.69,47.29
9199,11,63,165,193,2,2025-07-07,23.8,26.6,Debit Card,34.95,24.92,10.03,28.7
9200,4,42,993,45,1,2025-04-08,238.65,3.2,Credit Card,231.11,95.94,135.17,58.49
9201,1,54,3631,192,3,2024-11-17,128.43,26.8,Cash,282.17,189.21,92.96,32.94
9202,9,111,4631,206,1,2025-09-23,8.1,7.7,Credit Card,7.48,5.48,2.0,26.74
9203,12,93,4331,417,1,2025-01-19,93.3,4.1,Online,89.44,57.16,32.28,36.09
9204,11,12,4505,733,3,2025-05-20,72.17,33.7,Debit Card,143.55,148.65,-5.1,-3.55
9205,8,94,1382,444,3,2024-11-02,122.34,3.3,Credit Card,354.78,214.56,140.22,39.52
9206,1,4,1936,622,1,2025-07-20,74.28,22.3,Credit Card,57.75,29.74,28.01,48.5
9207,5,47,3533,185,1,2025-07-23,111.48,9.4,Cash,100.96,68.6,32.36,32.05
9208,11,64,2595,229,5,2025-03-30,259.72,25.1,Credit Card,972.05,904.15,67.9,6.99
9209,12,60,4957,644,2,2025-11-17,298.73,8.2,Credit Card,548.44,264.46,283.98,51.78
9210,9,2,1381,74,3,2025-01-26,230.22,7.5,Cash,638.64,355.47,283.17,44.34
9211,1,82,3908,637,1,2025-04-30,222.61,28.9,Online,158.17,86.46,71.71,45.34
9212,10,75,1285,1355,5,2025-09-08,148.93,28.8,Credit Card,530.34,345.7,184.64,34.82
9213,10,39,1326,88,5,2025-05-23,110.98,24.3,Credit Card,420.19,346.75,73.44,17.48
9214,3,14,657,198,1,2025-09-14,76.82,11.9,Cash,67.66,40.01,27.65,40.87
9215,11,44,4863,291,1,2024-11-06,119.26,27.4,Credit Card,86.64,78.03,8.61,9.94
9216,12,102,1270,655,5,2024-11-30,257.23,11.3,Cash,1141.32,874.9,266.42,23.34
9217,12,108,2290,127,3,2025-11-19,102.97,7.3,Debit Card,286.35,141.15,145.2,50.71
9218,4,70,162,293,4,2025-08-02,197.52,10.8,Credit Card,704.55,528.04,176.51,25.05
9219,2,8,3130,1306,2,2025-01-07,178.12,10.0,Cash,320.66,250.52,70.14,21.87
9220,9,111,4712,179,1,2025-05-17,260.62,7.6,Debit Card,240.9,117.67,123.23,51.15
9221,1,29,4948,285,5,2024-12-30,206.86,22.3,Credit Card,804.03,567.3,236.73,29.44
9222,4,42,3306,373,1,2025-07-13,204.43,5.5,Credit Card,193.16,126.93,66.23,34.29
9223,10,38,960,1162,2,2025-02-23,74.11,31.5,Credit Card,101.54,60.58,40.96,40.34
9224,12,102,3582,156,5,2025-04-19,132.66,7.3,Credit Card,614.57,258.0,356.57,58.02
9225,3,14,1077,1119,2,2025-10-12,216.86,5.3,Credit Card,410.92,262.32,148.6,36.16
9226,10,38,3471,521,5,2024-10-05,27.97,23.6,Debit Card,106.87,78.95,27.92,26.13
9227,9,65,3812,651,5,2025-07-01,292.38,5.2,Debit Card,1386.1,543.6,842.5,60.78
9228,11,63,818,34,2,2025-04-11,203.31,24.0,Cash,309.07,430.44,-121.37,-39.27
9229,3,53,1500,179,2,2025-10-07,209.59,6.9,Debit Card,390.38,202.78,187.6,48.06
9230,7,62,962,59,4,2025-04-30,183.59,10.3,Credit Card,658.53,257.76,400.77,60.86
9231,11,63,4416,281,1,2024-12-01,282.07,27.2,Cash,205.38,117.97,87.41,42.56
9232,2,114,406,1013,2,2025-08-04,174.82,7.0,Credit Card,325.02,205.52,119.5,36.77
9233,8,30,2908,205,5,2025-08-30,39.33,8.9,Debit Card,179.13,115.8,63.33,35.35
9234,2,23,2378,113,5,2025-05-18,250.07,10.5,Credit Card,1119.37,882.1,237.27,21.2
9235,10,67,3762,153,3,2025-12-06,205.5,32.0,Credit Card,419.11,275.82,143.29,34.19
9236,9,25,2355,287,2,2025-02-03,200.63,6.5,Credit Card,375.18,202.88,172.3,45.92
9237,9,25,1979,803,5,2025-02-26,18.95,8.5,Online,86.7,62.55,24.15,27.85
9238,9,6,1192,570,2,2024-12-10,57.72,6.7,Debit Card,107.72,40.74,66.98,62.18
9239,6,66,1853,1327,2,2024-12-18,293.51,10.2,Credit Card,526.93,336.2,190.73,36.2
9240,7,84,2200,1152,5,2025-06-18,283.66,3.1,Credit Card,1374.59,770.05,604.54,43.98
9241,12,108,1242,53,4,2025-01-20,179.04,5.9,Cash,674.23,489.32,184.91,27.43
9242,4,42,931,612,1,2024-10-06,129.82,10.4,Cash,116.32,89.23,27.09,23.29
9243,11,97,2926,197,1,2025-01-20,97.37,27.0,Online,71.13,53.18,17.95,25.24
9244,11,44,726,169,2,2025-11-09,255.13,27.8,Online,368.2,271.5,96.7,26.26
9245,2,10,2473,238,1,2025-06-11,269.16,9.9,Debit Card,242.64,151.01,91.63,37.76
9246,3,21,196,799,5,2025-06-14,109.52,8.9,Online,498.66,288.55,210.11,42.13
9247,3,53,3156,209,5,2025-03-15,295.23,4.0,Debit Card,1416.79,838.0,578.79,40.85
9248,1,118,229,964,1,2025-02-10,25.06,22.5,Debit Card,19.43,13.46,5.97,30.73
9249,3,53,259,236,4,2025-08-14,112.89,7.1,Cash,419.66,288.2,131.46,31.33
9250,4,34,3005,31,4,2025-02-15,127.03,3.8,Online,488.99,229.76,259.23,53.01
9251,4,31,115,392,3,2025-03-25,277.56,9.1,Credit Card,756.99,296.22,460.77,60.87
9252,3,53,1796,843,1,2025-08-19,247.45,9.2,Online,224.61,150.91,73.7,32.81
9253,10,87,972,158,5,2024-11-29,271.6,27.3,Debit Card,987.78,821.95,165.83,16.79
9254,4,34,4474,112,1,2025-09-21,43.58,4.1,Credit Card,41.78,26.82,14.96,35.81
9255,11,63,1217,421,2,2025-03-19,206.12,33.0,Cash,276.03,204.36,71.67,25.96
9256,4,1,3672,177,1,2024-12-12,154.99,3.8,Credit Card,149.03,70.59,78.44,52.63
9257,3,53,3423,1218,1,2024-10-27,215.72,6.8,Cash,201.1,106.47,94.63,47.06
9258,5,47,2900,801,1,2025-04-19,159.31,3.6,Debit Card,153.59,184.49,-30.9,-20.12
9259,12,108,440,231,1,2025-02-27,100.02,6.2,Cash,93.85,67.59,26.26,27.98
9260,3,21,4846,1427,2,2025-12-01,261.96,7.4,Credit Card,485.13,350.56,134.57,27.74
9261,8,116,1444,173,4,2025-07-21,195.67,10.3,Credit Card,701.85,340.72,361.13,51.45
9262,11,44,1628,223,4,2024-12-19,198.36,22.7,Debit Card,613.52,519.16,94.36,15.38
9263,3,21,2250,447,3,2025-03-09,226.49,11.7,Debit Card,600.02,347.61,252.41,42.07
9264,10,55,3007,257,2,2024-11-26,134.79,26.1,Cash,199.33,150.58,48.75,24.46
9265,3,88,2149,173,5,2025-07-10,12.13,11.2,Cash,53.84,42.45,11.39,21.16
9266,8,80,2238,209,2,2025-10-17,16.77,10.1,Online,30.16,19.82,10.34,34.28
9267,12,102,1239,1092,3,2025-04-18,22.33,3.1,Online,64.95,75.15,-10.2,-15.7
9268,1,79,1858,100,1,2024-10-23,252.56,28.8,Credit Card,179.82,130.86,48.96,27.23
9269,11,64,798,159,1,2025-08-16,191.29,31.5,Debit Card,131.08,89.69,41.39,31.58
9270,4,1,1443,100,1,2024-12-25,252.07,11.9,Debit Card,222.1,122.2,99.9,44.98
9271,3,53,20,257,2,2025-09-19,127.31,4.2,Cash,244.05,271.0,-26.95,-11.04
9272,1,48,866,81,1,2025-06-05,10.61,31.8,Cash,7.24,7.49,-0.25,-3.45
9273,1,98,2094,86,3,2025-11-03,114.54,22.6,Credit Card,266.11,228.3,37.81,14.21
9274,7,5,822,1003,1,2025-05-22,63.74,10.3,Credit Card,57.21,41.1,16.11,28.16
9275,11,12,2673,610,1,2024-11-27,270.56,32.9,Credit Card,181.62,179.39,2.23,1.23
9276,4,31,3288,95,1,2025-11-25,69.47,11.5,Cash,61.5,40.98,20.52,33.37
9277,5,40,1425,194,3,2025-07-31,261.7,5.2,Cash,744.37,371.31,373.06,50.12
9278,2,110,4346,1251,2,2025-06-19,52.27,8.2,Online,95.92,128.98,-33.06,-34.47
9279,3,88,2146,1111,2,2025-06-16,271.54,5.5,Cash,513.48,358.58,154.9,30.17
9280,12,60,1518,464,2,2024-12-02,295.3,11.1,Online,524.84,227.52,297.32,56.65
9281,1,82,2803,142,2,2025-12-03,142.82,27.8,Credit Card,206.13,118.86,87.27,42.34
9282,4,56,4180,187,2,2025-01-20,198.19,6.1,Credit Card,372.13,206.34,165.79,44.55
9283,11,97,2277,460,1,2025-08-22,127.96,22.3,Credit Card,99.44,86.82,12.62,12.69
9284,8,57,2868,281,1,2025-09-01,179.79,11.9,Cash,158.36,96.29,62.07,39.2
9285,12,100,2566,281,1,2024-12-16,113.97,6.6,Cash,106.46,43.93,62.53,58.74
9286,12,18,1288,212,3,2025-09-01,202.49,3.4,Cash,586.95,238.77,348.18,59.32
9287,11,44,3291,46,1,2024-11-05,254.69,28.0,Debit Card,183.27,111.25,72.02,39.3
9288,11,44,2224,61,1,2025-01-09,14.92,32.5,Credit Card,10.07,8.64,1.43,14.2
9289,3,46,137,1006,3,2024-10-31,98.3,8.7,Debit Card,269.21,155.61,113.6,42.2
9290,1,68,2263,1153,2,2025-02-09,14.36,24.4,Credit Card,21.7,19.46,2.24,10.32
9291,4,1,1366,1182,1,2025-07-04,180.2,10.8,Debit Card,160.66,120.97,39.69,24.7
9292,9,37,4556,238,2,2025-02-20,79.39,12.0,Online,139.75,186.16,-46.41,-33.21
9293,10,117,3445,1307,3,2025-10-01,148.07,32.5,Credit Card,299.63,241.89,57.74,19.27
9294,8,94,3454,1014,1,2025-07-03,150.11,9.7,Cash,135.59,77.29,58.3,43.0
9295,10,16,225,193,2,2025-05-08,269.53,28.7,Debit Card,384.12,272.26,111.86,29.12
9296,3,115,1013,112,3,2025-11-30,286.25,8.5,Credit Card,785.74,568.23,217.51,27.68
9297,4,1,1719,686,2,2024-10-06,270.8,3.7,Debit Card,521.81,271.2,250.61,48.03
9298,11,81,3186,676,1,2025-05-31,46.25,24.2,Online,35.08,28.9,6.18,17.62
9299,5,119,1527,1171,4,2025-12-09,19.59,4.2,Online,75.07,37.24,37.83,50.39
9300,7,95,3890,26,3,2025-03-14,292.76,6.0,Online,825.76,541.5,284.26,34.42
9301,1,79,1751,177,1,2024-10-03,28.09,28.0,Cash,20.22,16.48,3.74,18.5
9302,3,88,2126,18,1,2025-01-18,94.22,8.4,Debit Card,86.26,54.43,31.83,36.9
9303,1,48,713,106,1,2025-10-16,22.61,26.7,Debit Card,16.58,9.3,7.28,43.91
9304,3,14,4534,200,1,2025-05-03,280.19,4.4,Credit Card,267.94,168.53,99.41,37.1
9305,11,97,4907,62,1,2025-09-13,217.45,30.6,Credit Card,150.99,244.88,-93.89,-62.18
9306,11,44,1784,967,4,2025-02-08,269.79,29.0,Online,765.8,404.84,360.96,47.14
9307,6,78,894,102,5,2025-09-30,132.05,11.6,Online,583.45,389.3,194.15,33.28
9308,9,65,431,206,5,2025-07-15,214.07,8.6,Debit Card,978.33,435.6,542.73,55.48
9309,6,78,537,906,4,2025-03-13,144.1,11.1,Cash,512.69,283.2,229.49,44.76
9310,8,57,2201,59,3,2025-08-30,14.74,9.9,Debit Card,39.83,29.58,10.25,25.73
9311,4,34,2463,359,3,2025-02-07,137.84,6.5,Credit Card,386.6,206.07,180.53,46.7
9312,5,119,3915,1322,1,2024-12-20,231.83,4.5,Credit Card,221.29,86.45,134.84,60.93
9313,8,112,3874,228,2,2025-03-12,252.23,11.6,Cash,446.12,261.68,184.44,41.34
9314,1,118,2486,121,1,2025-03-18,81.99,29.2,Cash,58.07,44.22,13.85,23.85
9315,8,85,1272,1330,1,2024-10-25,246.0,5.3,Credit Card,233.04,106.33,126.71,54.37
9316,2,43,108,28,1,2025-01-09,122.06,11.8,Cash,107.66,87.45,20.21,18.77
9317,6,78,1325,156,2,2025-11-28,241.53,8.1,Cash,443.83,274.58,169.25,38.13
9318,4,1,2964,953,4,2024-11-27,81.93,5.6,Cash,309.37,191.4,117.97,38.13
9319,12,108,2504,77,5,2025-11-25,26.2,10.8,Credit Card,116.87,49.3,67.57,57.82
9320,12,100,3377,43,2,2025-05-11,84.67,9.2,Online,153.84,105.24,48.6,31.59
9321,10,101,1528,230,1,2024-10-17,99.19,28.6,Cash,70.85,51.31,19.54,27.58
9322,10,90,4777,166,2,2025-04-03,61.61,30.8,Credit Card,85.22,57.22,28.0,32.86
9323,4,70,2300,892,1,2025-08-07,136.2,11.5,Online,120.5,90.87,29.63,24.59
9324,5,113,3521,169,5,2024-11-15,281.63,6.4,Cash,1317.51,1005.6,311.91,23.67
9325,1,59,1916,510,3,2025-12-06,115.34,24.7,Debit Card,260.67,197.1,63.57,24.39
9326,4,34,4537,281,4,2025-01-31,290.19,6.4,Cash,1086.76,649.0,437.76,40.28
9327,8,57,65,299,1,2024-10-07,51.96,11.5,Credit Card,46.0,29.3,16.7,36.3
9328,9,24,2594,256,1,2025-09-24,207.56,8.6,Online,189.75,118.63,71.12,37.48
9329,2,114,3023,68,5,2024-10-22,267.19,11.7,Cash,1179.95,839.7,340.25,28.84
9330,6,99,2365,32,4,2025-10-17,189.98,9.6,Credit Card,686.94,460.92,226.02,32.9
9331,5,76,3215,272,2,2025-05-01,231.0,10.4,Debit Card,413.87,204.52,209.35,50.58
9332,8,85,824,449,1,2025-07-28,244.77,7.7,Credit Card,225.86,137.01,88.85,39.34
9333,8,91,4100,676,2,2025-11-21,121.02,9.3,Cash,219.53,94.2,125.33,57.09
9334,8,109,1978,667,5,2025-11-29,231.54,5.6,Cash,1092.76,698.55,394.21,36.07
9335,10,71,3865,721,1,2025-04-28,153.51,29.4,Online,108.4,68.72,39.68,36.61
9336,1,98,2005,11,3,2024-11-26,57.81,25.0,Debit Card,130.12,119.1,11.02,8.47
9337,10,71,3814,112,1,2025-01-29,264.67,22.8,Debit Card,204.3,106.6,97.7,47.82
9338,4,1,666,689,1,2025-08-14,103.54,3.6,Debit Card,99.8,72.66,27.14,27.19
9339,11,81,4398,62,5,2024-10-08,45.13,30.8,Credit Card,156.1,139.6,16.5,10.57
9340,2,110,4724,94,2,2025-10-08,183.9,11.8,Online,324.46,199.94,124.52,38.38
9341,4,31,1421,479,3,2025-08-23,149.89,6.6,Credit Card,420.0,317.61,102.39,24.38
9342,6,49,1002,925,4,2025-10-25,255.75,10.7,Credit Card,913.22,683.8,229.42,25.12
9343,4,42,4253,82,1,2025-02-12,273.71,4.5,Credit Card,261.52,112.64,148.88,56.93
9344,5,47,2416,276,4,2025-05-09,79.57,7.6,Online,294.13,212.52,81.61,27.75
9345,3,46,992,91,5,2025-05-03,238.45,6.4,Debit Card,1115.59,657.6,457.99,41.05
9346,11,97,786,105,1,2025-07-29,163.5,25.0,Cash,122.67,99.52,23.15,18.87
9347,2,114,3218,241,1,2024-10-11,272.02,3.2,Credit Card,263.21,155.92,107.29,40.76
9348,7,7,3735,522,4,2024-10-26,16.23,9.9,Debit Card,58.48,43.4,15.08,25.79
9349,6,107,1361,288,1,2025-09-25,178.53,5.5,Credit Card,168.66,71.42,97.24,57.65
9350,3,53,1695,47,4,2025-08-10,57.18,10.1,Debit Card,205.59,254.12,-48.53,-23.61
9351,10,101,2003,143,3,2025-06-22,138.63,22.9,Cash,320.82,177.15,143.67,44.78
9352,9,52,4259,1315,4,2024-10-01,252.77,3.4,Credit Card,976.59,642.08,334.51,34.25
9353,6,49,221,383,1,2025-08-14,229.43,3.1,Credit Card,222.3,118.65,103.65,46.63
9354,5,20,3428,475,1,2025-08-12,103.76,11.1,Debit Card,92.28,64.32,27.96,30.3
9355,8,91,3402,106,1,2024-10-29,274.18,11.4,Cash,242.87,103.21,139.66,57.5
9356,2,8,2865,1375,4,2025-07-25,131.43,6.0,Credit Card,494.07,581.48,-87.41,-17.69
9357,6,77,4082,104,5,2025-09-13,258.24,6.8,Debit Card,1203.58,683.15,520.43,43.24
9358,6,107,920,126,2,2025-11-23,112.42,11.4,Cash,199.23,258.96,-59.73,-29.98
9359,7,104,2047,256,1,2025-02-24,286.13,7.3,Credit Card,265.26,161.01,104.25,39.3
9360,3,14,1350,248,2,2025-02-20,93.75,9.1,Debit Card,170.42,78.98,91.44,53.66
9361,6,96,4765,17,4,2025-08-07,141.89,7.5,Debit Card,524.72,353.2,171.52,32.69
9362,3,14,2271,732,2,2025-11-19,92.25,10.8,Cash,164.58,131.86,32.72,19.88
9363,8,109,2435,49,3,2025-04-25,191.32,11.6,Credit Card,507.64,209.91,297.73,58.65
9364,5,92,3237,28,2,2025-05-19,165.8,9.6,Credit Card,299.9,413.74,-113.84,-37.96
9365,6,77,2039,254,1,2025-03-17,262.29,5.2,Online,248.7,142.58,106.12,42.67
9366,9,24,2468,25,2,2025-08-05,227.15,4.3,Debit Card,434.66,224.22,210.44,48.41
9367,9,24,4866,101,2,2025-03-25,26.76,3.3,Cash,51.77,33.24,18.53,35.79
9368,11,12,4566,196,1,2025-02-28,143.37,24.4,Debit Card,108.45,57.11,51.34,47.34
9369,5,92,1194,310,5,2025-07-09,9.22,10.0,Debit Card,41.49,54.0,-12.51,-30.15
9370,10,39,1519,849,3,2025-07-13,208.87,33.9,Cash,414.1,246.99,167.11,40.35
9371,7,5,2374,145,1,2025-12-02,51.33,4.0,Credit Card,49.29,33.61,15.68,31.81
9372,6,77,4120,236,5,2025-05-05,171.15,4.1,Debit Card,820.55,378.15,442.4,53.92
9373,10,117,728,1363,1,2025-04-24,198.78,32.0,Credit Card,135.1,114.53,20.57,15.23
9374,4,70,369,196,5,2025-01-19,237.58,8.9,Credit Card,1082.15,705.05,377.1,34.85
9375,1,118,1529,629,4,2025-06-02,286.69,28.8,Cash,816.55,444.64,371.91,45.55
9376,4,34,3362,136,2,2025-01-25,84.88,6.6,Credit Card,158.54,74.02,84.52,53.31
9377,2,26,4147,370,1,2025-01-01,42.14,11.4,Online,37.34,25.67,11.67,31.25
9378,8,9,3207,915,1,2024-11-23,208.68,3.6,Debit Card,201.14,126.8,74.34,36.96
9379,2,69,1897,1243,1,2024-12-03,98.97,5.0,Cash,94.02,49.83,44.19,47.0
9380,9,61,3639,1313,1,2024-12-16,60.79,10.4,Credit Card,54.46,40.91,13.55,24.88
9381,10,16,4732,152,2,2025-11-16,126.36,26.1,Debit Card,186.81,168.42,18.39,9.84
9382,6,99,4342,101,5,2025-07-24,28.07,7.8,Cash,129.39,90.7,38.69,29.9
9383,5,92,3606,943,3,2025-11-10,240.42,8.3,Debit Card,661.24,319.8,341.44,51.64
9384,9,24,2607,389,2,2025-04-24,70.46,4.4,Debit Card,134.76,86.92,47.84,35.5
9385,2,114,3701,208,2,2025-06-12,233.61,8.8,Debit Card,425.87,217.38,208.49,48.96
9386,1,59,2261,19,3,2025-03-14,18.47,26.1,Debit Card,40.95,20.22,20.73,50.62
9387,9,6,1883,154,2,2025-05-10,27.05,12.0,Cash,47.63,28.16,19.47,40.88
9388,10,38,2157,56,4,2025-05-18,242.12,26.3,Credit Card,713.89,376.36,337.53,47.28
9389,4,31,4792,246,1,2025-03-19,55.38,11.5,Credit Card,48.99,24.09,24.9,50.83
9390,2,23,1685,983,1,2024-12-03,86.47,5.1,Online,82.05,36.01,46.04,56.11
9391,6,66,4585,157,5,2025-04-14,195.87,6.0,Online,920.45,493.3,427.15,46.41
9392,1,3,3414,179,2,2025-09-02,126.68,33.8,Online,167.71,102.06,65.65,39.14
9393,11,63,878,850,2,2025-06-30,294.51,31.1,Credit Card,406.03,244.34,161.69,39.82
9394,4,42,425,229,2,2025-09-06,259.35,8.2,Online,476.41,264.64,211.77,44.45
9395,12,93,4442,505,4,2025-02-10,13.09,10.1,Cash,47.05,28.64,18.41,39.13
9396,11,81,1433,95,2,2025-07-12,101.94,26.2,Credit Card,150.4,124.56,25.84,17.18
9397,4,34,2051,126,4,2025-03-04,103.01,9.1,Credit Card,374.73,173.12,201.61,53.8
9398,10,38,4231,405,1,2025-09-08,208.48,22.2,Debit Card,162.18,91.82,70.36,43.38
9399,11,44,566,56,5,2024-11-16,23.6,25.2,Debit Card,88.3,53.85,34.45,39.01
9400,7,19,888,88,4,2025-06-05,299.94,7.3,Debit Card,1112.61,716.44,396.17,35.61
9401,3,21,3759,159,1,2025-07-23,271.41,7.5,Online,250.94,184.75,66.19,26.38
9402,11,44,4663,91,3,2025-10-20,254.52,24.5,Debit Card,576.54,281.79,294.75,51.12
9403,8,91,1341,1427,5,2025-06-20,136.5,5.3,Debit Card,646.63,403.95,242.68,37.53
9404,2,103,4513,129,2,2025-03-06,172.7,5.1,Cash,327.87,186.7,141.17,43.06
9405,4,31,1124,1364,1,2025-07-14,71.54,6.5,Cash,66.9,31.81,35.09,52.45
9406,8,57,4774,1040,1,2025-08-01,273.16,10.8,Credit Card,243.76,185.54,58.22,23.88
9407,4,34,642,167,3,2025-02-02,263.88,10.4,Credit Card,709.47,452.82,256.65,36.17
9408,5,92,3311,275,1,2025-08-26,294.86,3.4,Cash,284.89,141.12,143.77,50.47
9409,10,15,4982,169,1,2025-07-25,274.71,24.5,Cash,207.35,197.5,9.85,4.75
9410,8,91,2165,610,4,2024-10-16,242.75,5.7,Credit Card,916.12,524.28,391.84,42.77
9411,8,85,1838,182,3,2024-10-15,90.68,3.4,Credit Card,262.68,131.94,130.74,49.77
9412,12,60,2783,234,1,2025-02-05,72.12,6.5,Debit Card,67.4,45.26,22.14,32.85
9413,5,119,1453,657,5,2025-03-09,197.77,3.9,Credit Card,950.56,596.1,354.46,37.29
9414,6,99,4276,209,2,2025-08-26,46.57,5.2,Debit Card,88.33,56.86,31.47,35.63
9415,9,24,2829,569,3,2025-05-07,257.02,9.7,Debit Card,696.0,524.31,171.69,24.67
9416,2,89,134,186,1,2025-08-22,79.21,3.5,Credit Card,76.46,53.75,22.71,29.7
9417,3,88,3165,200,1,2025-06-25,143.86,7.0,Debit Card,133.81,79.81,54.0,40.36
9418,11,12,4825,161,2,2025-06-27,225.75,33.4,Credit Card,300.72,281.16,19.56,6.5
9419,9,27,839,1469,1,2025-01-15,232.88,6.9,Credit Card,216.9,155.38,61.52,28.36
9420,3,115,4107,253,1,2024-12-11,60.86,10.9,Credit Card,54.22,24.48,29.74,54.85
9421,5,22,2112,112,2,2025-06-24,194.57,10.3,Debit Card,349.05,210.78,138.27,39.61
9422,3,88,4028,284,1,2024-10-19,228.98,6.7,Credit Card,213.64,116.75,96.89,45.35
9423,10,38,2134,235,1,2025-09-27,156.75,24.9,Credit Card,117.7,110.4,7.3,6.2
9424,4,34,2248,837,1,2025-10-13,137.72,11.6,Debit Card,121.69,80.44,41.25,33.9
9425,3,14,2231,1308,1,2024-10-07,41.18,7.4,Debit Card,38.13,16.45,21.68,56.86
9426,10,39,3929,56,1,2025-09-11,16.62,23.9,Cash,12.64,11.65,0.99,7.83
9427,4,1,1670,1444,3,2025-02-21,139.51,5.2,Debit Card,396.65,262.41,134.24,33.84
9428,1,50,25,83,1,2025-05-06,43.62,32.0,Credit Card,29.67,27.69,1.98,6.67
9429,12,108,396,137,5,2025-02-13,204.0,4.9,Debit Card,969.77,423.7,546.07,56.31
9430,8,80,1096,827,1,2025-02-19,48.01,3.8,Credit Card,46.16,32.75,13.41,29.05
9431,10,67,2646,78,2,2025-11-05,264.0,31.8,Debit Card,359.89,233.12,126.77,35.22
9432,11,97,2435,953,4,2024-12-23,191.32,27.2,Debit Card,557.3,279.88,277.42,49.78
9433,7,84,4348,521,2,2025-12-08,103.07,6.5,Online,192.65,135.24,57.41,29.8
9434,6,72,3402,916,1,2025-11-24,274.18,4.7,Cash,261.29,103.21,158.08,60.5
9435,7,19,2660,282,1,2025-01-23,58.61,11.1,Online,52.11,28.75,23.36,44.83
9436,8,30,4821,1453,2,2025-02-17,60.08,7.7,Credit Card,110.85,153.7,-42.85,-38.66
9437,1,17,3133,297,2,2025-01-03,44.58,29.5,Credit Card,62.82,48.04,14.78,23.53
9438,7,104,4253,198,3,2025-05-03,273.71,11.5,Cash,726.63,337.92,388.71,53.49
9439,9,51,2914,1400,3,2024-11-08,97.53,8.5,Online,267.79,103.68,164.11,61.28
9440,4,31,105,37,3,2025-01-26,33.1,7.1,Cash,92.26,68.4,23.86,25.86
9441,2,13,4470,258,4,2025-07-02,210.01,6.7,Credit Card,783.48,309.0,474.48,60.56
9442,1,29,971,397,2,2025-07-22,99.85,33.8,Cash,132.25,99.46,32.79,24.79
9443,8,94,4784,173,1,2025-01-14,47.74,3.3,Credit Card,46.17,33.92,12.25,26.53
9444,9,2,2574,47,1,2025-12-06,251.02,9.1,Online,228.07,151.42,76.65,33.61
9445,11,81,749,206,4,2024-11-12,145.37,33.4,Cash,387.27,413.68,-26.41,-6.82
9446,12,18,2961,932,2,2025-04-01,190.07,6.0,Debit Card,357.35,222.08,135.27,37.85
9447,3,53,4036,286,4,2025-04-25,58.54,10.1,Debit Card,210.6,140.2,70.4,33.43
9448,8,9,2089,774,1,2024-10-10,165.99,11.8,Credit Card,146.37,59.88,86.49,59.09
9449,8,30,4218,654,1,2025-02-23,130.28,4.0,Debit Card,125.06,73.35,51.71,41.35
9450,11,64,2904,144,2,2025-04-17,155.8,25.3,Credit Card,232.91,152.4,80.51,34.57
9451,12,100,364,127,1,2025-08-04,46.25,3.8,Online,44.5,17.09,27.41,61.6
9452,1,54,241,873,1,2025-09-30,133.0,26.8,Credit Card,97.35,91.94,5.41,5.56
9453,8,116,4181,86,1,2024-11-17,149.63,9.5,Debit Card,135.4,91.59,43.81,32.36
9454,2,10,2217,283,4,2025-04-28,87.59,8.7,Cash,319.71,168.72,150.99,47.23
9455,2,13,4677,1370,4,2025-02-18,144.65,4.7,Cash,551.25,407.56,143.69,26.07
9456,12,100,2989,263,3,2025-01-14,152.28,7.9,Online,420.78,293.37,127.41,30.28
9457,4,42,2543,921,1,2025-04-24,109.88,8.4,Cash,100.66,133.93,-33.27,-33.05
9458,10,101,1424,129,2,2025-12-08,171.63,25.7,Cash,255.09,174.28,80.81,31.68
9459,7,84,617,30,2,2025-09-24,65.23,9.1,Debit Card,118.62,73.62,45.0,37.94
9460,2,43,4359,175,2,2025-08-12,43.92,10.8,Credit Card,78.35,31.14,47.21,60.26
9461,5,105,499,288,1,2025-09-26,136.86,10.5,Debit Card,122.43,56.36,66.07,53.97
9462,4,31,4925,420,4,2025-10-21,109.69,9.8,Credit Card,395.82,265.2,130.62,33.0
9463,6,78,836,269,1,2025-12-09,63.49,6.3,Credit Card,59.49,45.22,14.27,23.99
9464,3,21,3924,217,5,2025-04-07,79.29,10.9,Credit Card,353.22,229.65,123.57,34.98
9465,9,24,2636,1457,4,2024-12-09,142.19,9.8,Debit Card,512.91,379.04,133.87,26.1
9466,1,29,2810,566,1,2025-07-18,76.38,24.4,Cash,57.78,34.97,22.81,39.48
9467,8,109,3154,1362,4,2025-05-22,258.98,4.2,Credit Card,991.97,1296.36,-304.39,-30.69
9468,6,78,3267,89,1,2025-04-14,290.08,11.3,Debit Card,257.17,120.25,136.92,53.24
9469,4,31,2659,1499,3,2025-04-13,57.57,3.0,Online,167.5,96.15,71.35,42.6
9470,9,51,4923,610,1,2024-11-26,167.19,5.8,Cash,157.52,114.97,42.55,27.01
9471,1,98,383,1416,1,2025-07-13,258.89,24.6,Cash,195.08,122.51,72.57,37.2
9472,9,120,2632,318,1,2025-06-24,283.43,4.3,Debit Card,271.11,124.47,146.64,54.09
9473,2,11,3209,78,1,2025-11-11,117.05,10.0,Cash,105.4,46.1,59.3,56.26
9474,6,107,1858,175,1,2025-10-13,252.56,4.3,Debit Card,241.72,130.86,110.86,45.86
9475,11,12,4968,27,4,2025-08-01,102.91,29.4,Cash,290.5,213.4,77.1,26.54
9476,8,9,4948,76,1,2025-07-21,206.86,3.3,Credit Card,200.13,113.46,86.67,43.31
9477,2,23,4079,1496,1,2025-03-13,288.13,4.9,Debit Card,273.89,159.66,114.23,41.71
9478,12,93,2516,1248,2,2025-04-16,242.08,7.9,Debit Card,445.89,211.68,234.21,52.53
9479,5,76,601,1206,1,2025-05-09,152.35,3.7,Debit Card,146.74,86.81,59.93,40.84
9480,10,15,2501,2,1,2025-06-13,53.29,28.5,Online,38.09,25.76,12.33,32.37
9481,10,55,674,226,1,2025-05-02,234.2,31.8,Cash,159.64,101.56,58.08,36.38
9482,4,42,2613,847,2,2025-06-22,50.41,10.9,Cash,89.82,36.78,53.04,59.05
9483,5,20,802,114,2,2025-01-26,106.33,5.4,Cash,201.16,149.1,52.06,25.88
9484,12,60,3817,211,2,2025-08-27,44.85,8.9,Debit Card,81.74,31.64,50.1,61.29
9485,10,39,189,103,1,2024-10-20,280.47,26.6,Online,205.97,120.14,85.83,41.67
9486,4,42,2433,579,1,2025-04-19,14.94,4.2,Debit Card,14.31,8.42,5.89,41.16
9487,3,21,2992,613,5,2025-03-13,26.03,4.1,Cash,124.82,56.95,67.87,54.37
9488,4,56,3472,142,2,2024-11-20,192.46,11.2,Debit Card,341.88,150.58,191.3,55.96
9489,11,44,4969,239,1,2025-11-07,129.35,30.3,Debit Card,90.13,70.8,19.33,21.45
9490,5,40,3475,226,1,2025-08-27,223.04,8.0,Online,205.29,97.96,107.33,52.28
9491,1,50,1081,834,4,2024-10-24,240.18,34.0,Cash,634.43,411.4,223.03,35.15
9492,11,12,3947,526,2,2025-01-24,230.65,27.4,Debit Card,335.11,247.9,87.21,26.02
9493,4,34,2343,35,2,2025-11-25,189.1,7.3,Credit Card,350.45,187.44,163.01,46.51
9494,11,44,3072,76,1,2025-09-19,55.45,29.1,Credit Card,39.32,36.3,3.02,7.68
9495,9,111,3234,1020,1,2025-06-03,187.48,10.4,Cash,167.9,109.5,58.4,34.78
9496,8,109,3187,1397,3,2025-01-30,192.28,4.4,Online,551.61,277.95,273.66,49.61
9497,5,40,2545,410,2,2025-08-28,68.27,5.7,Debit Card,128.72,87.46,41.26,32.05
9498,3,14,2805,183,2,2024-10-16,81.55,7.6,Online,150.77,79.78,70.99,47.08
9499,2,103,4597,111,1,2025-03-07,260.21,5.7,Credit Card,245.38,329.11,-83.73,-34.12
9500,8,9,2954,731,1,2025-02-16,41.41,10.8,Credit Card,36.95,23.19,13.76,37.24
9501,8,80,643,416,3,2025-09-17,224.52,11.1,Credit Card,599.09,280.8,318.29,53.13
9502,5,92,940,1227,4,2025-06-10,191.42,10.3,Credit Card,687.2,321.0,366.2,53.29
9503,11,97,16,1210,1,2025-03-18,167.11,30.2,Credit Card,116.67,71.0,45.67,39.14
9504,11,81,3622,154,1,2025-05-07,249.07,29.5,Credit Card,175.57,137.24,38.33,21.83
9505,7,41,2239,909,5,2024-12-19,35.77,7.9,Cash,164.8,76.65,88.15,53.49
9506,1,54,2441,127,1,2025-11-17,136.9,24.6,Debit Card,103.22,87.99,15.23,14.75
9507,6,66,2482,846,5,2025-11-27,229.43,10.0,Online,1032.05,790.55,241.5,23.4
9508,10,39,3206,85,2,2025-07-25,55.09,29.0,Cash,78.24,69.6,8.64,11.04
9509,11,63,2843,174,2,2025-05-13,25.56,22.4,Credit Card,39.69,28.6,11.09,27.94
9510,9,52,4152,43,5,2024-12-25,297.04,10.8,Debit Card,1324.45,702.6,621.85,46.95
9511,11,64,1167,148,2,2024-12-20,200.26,32.1,Credit Card,271.96,188.4,83.56,30.73
9512,7,5,865,160,4,2025-01-30,105.33,7.5,Credit Card,389.84,210.6,179.24,45.98
9513,5,105,1560,507,1,2025-07-07,18.78,3.7,Cash,18.08,9.12,8.96,49.56
9514,6,74,4791,646,1,2025-11-28,35.63,6.9,Online,33.17,19.94,13.23,39.89
9515,7,62,1048,295,4,2024-10-09,159.11,3.5,Credit Card,614.3,282.0,332.3,54.09
9516,6,99,3603,811,4,2025-01-26,82.17,7.9,Credit Card,302.81,215.56,87.25,28.81
9517,5,105,2135,226,2,2025-07-25,244.2,3.7,Credit Card,470.45,311.66,158.79,33.75
9518,12,93,4727,384,1,2025-10-18,261.31,9.7,Cash,236.0,133.11,102.89,43.6
9519,2,32,4974,180,2,2025-08-28,250.09,4.1,Online,479.74,233.56,246.18,51.32
9520,12,108,4164,261,5,2024-11-25,295.7,6.3,Credit Card,1385.59,802.3,583.29,42.1
9521,11,81,619,71,4,2024-10-26,79.28,27.3,Credit Card,230.5,158.52,71.98,31.23
9522,3,14,1584,333,5,2025-02-15,41.19,4.9,Online,195.85,83.6,112.25,57.31
9523,4,42,1733,103,2,2025-03-07,19.2,11.5,Credit Card,33.97,15.74,18.23,53.66
9524,5,119,3194,231,3,2024-11-13,272.54,9.8,Online,737.52,352.65,384.87,52.18
9525,1,29,485,497,1,2025-02-03,258.24,27.7,Cash,186.64,134.58,52.06,27.89
9526,10,15,3890,214,1,2025-07-21,292.76,23.0,Cash,225.38,180.5,44.88,19.91
9527,12,60,2626,112,4,2024-10-28,103.93,9.6,Credit Card,375.96,255.44,120.52,32.06
9528,7,5,4202,499,3,2025-06-13,291.05,7.4,Online,808.4,475.05,333.35,41.24
9529,8,80,3029,1058,3,2025-07-02,256.65,7.2,Debit Card,714.67,547.47,167.2,23.4
9530,12,102,716,251,2,2025-01-10,55.14,10.4,Cash,98.86,78.62,20.24,20.47
9531,7,19,972,279,2,2025-12-01,271.6,6.1,Online,509.94,328.78,181.16,35.53
9532,5,92,841,196,1,2025-08-21,76.91,3.8,Credit Card,73.98,39.7,34.28,46.34
9533,1,50,2437,292,4,2025-11-06,221.63,23.9,Debit Card,674.97,461.52,213.45,31.62
9534,9,37,1810,248,2,2025-02-02,199.71,10.6,Online,357.05,274.22,82.83,23.2
9535,2,114,377,740,1,2025-05-19,92.94,10.2,Debit Card,83.48,40.99,42.49,50.9
9536,10,67,3521,121,2,2024-10-12,281.63,26.5,Credit Card,413.9,402.24,11.66,2.82
9537,12,100,438,244,2,2025-03-03,159.68,6.1,Online,299.86,182.7,117.16,39.07
9538,1,58,4180,159,1,2025-10-10,198.19,32.5,Online,133.74,103.17,30.57,22.86
9539,2,13,788,48,1,2024-11-11,127.57,10.5,Online,114.22,64.04,50.18,43.93
9540,4,56,1212,194,3,2025-02-23,159.33,4.0,Online,458.69,215.25,243.44,53.07
9541,2,73,3899,1360,1,2024-11-08,260.24,10.6,Credit Card,232.54,110.16,122.38,52.63
9542,6,77,233,231,3,2024-12-31,160.88,5.7,Debit Card,455.01,192.09,262.92,57.78
9543,8,80,1385,273,1,2024-10-08,67.82,5.0,Debit Card,64.44,30.49,33.95,52.68
9544,9,52,4712,727,3,2025-09-09,260.62,11.4,Cash,693.03,353.01,340.02,49.06
9545,8,57,2444,1455,4,2025-05-28,278.75,6.5,Debit Card,1042.05,425.68,616.37,59.15
9546,11,97,1734,206,1,2025-03-16,128.69,23.7,Debit Card,98.21,87.54,10.67,10.86
9547,8,116,4419,259,2,2025-07-13,125.82,8.8,Cash,229.51,130.44,99.07,43.17
9548,9,61,1830,1406,1,2025-03-06,131.26,8.4,Online,120.17,66.65,53.52,44.54
9549,8,85,4662,215,3,2025-08-30,290.08,6.4,Cash,814.26,588.06,226.2,27.78
9550,2,23,4319,871,3,2025-08-17,54.34,5.3,Cash,154.31,101.73,52.58,34.07
9551,7,5,548,222,5,2025-04-26,204.45,4.0,Credit Card,981.78,361.15,620.63,63.21
9552,3,21,3770,114,2,2025-09-11,187.45,8.3,Online,343.84,172.42,171.42,49.85
9553,1,3,1428,1309,1,2025-03-28,52.49,26.2,Cash,38.72,20.65,18.07,46.67
9554,10,117,2114,637,1,2025-08-12,173.73,32.4,Credit Card,117.48,98.04,19.44,16.55
9555,9,2,2128,1091,1,2025-05-27,128.15,10.7,Credit Card,114.4,72.7,41.7,36.45
9556,8,9,1122,59,4,2025-10-21,264.68,11.2,Online,940.12,520.32,419.8,44.65
9557,6,99,363,615,1,2025-03-24,25.15,6.9,Online,23.42,14.69,8.73,37.28
9558,12,100,4014,422,3,2025-08-04,264.53,6.2,Cash,744.74,325.92,418.82,56.24
9559,2,10,957,242,1,2025-05-17,67.29,7.6,Debit Card,62.14,27.05,35.09,56.47
9560,11,64,4338,72,1,2025-07-21,60.66,31.1,Online,41.78,38.54,3.24,7.75
9561,1,68,2152,208,1,2024-11-27,204.48,26.3,Credit Card,150.76,117.87,32.89,21.82
9562,10,101,4945,354,2,2025-07-22,216.55,23.2,Credit Card,332.76,281.64,51.12,15.36
9563,6,96,3153,533,2,2025-03-13,118.25,10.9,Credit Card,210.83,249.48,-38.65,-18.33
9564,5,113,1893,59,2,2025-04-09,230.97,10.2,Online,415.0,331.84,83.16,20.04
9565,2,23,4152,222,3,2024-11-01,297.04,5.3,Credit Card,843.61,421.56,422.05,50.03
9566,1,29,490,213,2,2025-08-09,25.1,28.7,Credit Card,35.79,27.44,8.35,23.33
9567,3,14,3453,859,1,2025-07-10,78.61,11.0,Online,69.95,33.57,36.38,52.01
9568,5,92,116,21,1,2025-06-23,70.83,10.3,Debit Card,63.52,41.72,21.8,34.32
9569,9,6,3008,857,5,2025-01-17,136.74,4.7,Online,651.34,444.65,206.69,31.73
9570,8,30,2232,851,5,2025-07-22,132.35,5.7,Online,624.22,447.05,177.17,28.38
9571,9,24,2725,592,1,2024-11-30,246.05,5.6,Debit Card,232.36,172.68,59.68,25.68
9572,5,76,3862,1200,5,2025-04-01,142.08,7.0,Credit Card,660.58,308.85,351.73,53.25
9573,4,1,3294,233,1,2025-09-30,166.37,7.3,Credit Card,154.15,69.14,85.01,55.15
9574,3,14,830,49,2,2024-11-19,160.26,5.6,Credit Card,302.6,174.16,128.44,42.45
9575,3,88,2618,166,1,2025-08-08,226.59,10.7,Cash,202.44,106.31,96.13,47.49
9576,11,44,3289,334,1,2024-11-06,284.05,25.0,Credit Card,213.09,170.67,42.42,19.91
9577,4,34,1987,162,4,2024-11-28,256.57,7.6,Credit Card,947.89,564.6,383.29,40.44
9578,11,63,851,399,1,2025-11-04,199.22,29.1,Debit Card,141.21,101.6,39.61,28.05
9579,5,92,3144,22,3,2025-06-14,218.86,10.3,Credit Card,589.22,358.62,230.6,39.14
9580,10,38,1042,36,5,2024-11-08,289.97,22.2,Cash,1128.46,1811.15,-682.69,-60.5
9581,12,100,2122,6,2,2024-11-11,17.7,4.0,Online,33.98,23.34,10.64,31.31
9582,7,19,1702,1428,2,2025-01-15,90.55,7.0,Online,168.36,81.4,86.96,51.65
9583,12,108,2453,131,3,2025-09-13,279.05,6.7,Cash,781.15,477.24,303.91,38.91
9584,9,52,3309,887,2,2025-05-15,57.51,3.2,Credit Card,111.35,68.94,42.41,38.09
9585,12,108,235,1161,2,2025-10-19,165.62,10.8,Cash,295.63,128.1,167.53,56.67
9586,11,12,497,79,5,2024-11-14,10.55,25.4,Online,39.35,23.4,15.95,40.53
9587,12,93,2850,100,3,2025-02-06,193.26,3.8,Cash,557.87,370.5,187.37,33.59
9588,4,42,3938,192,1,2025-07-12,194.75,11.2,Online,173.01,118.81,54.2,31.33
9589,5,113,4918,253,1,2025-01-31,67.56,5.6,Cash,63.79,38.19,25.6,40.13
9590,5,76,4383,268,1,2025-05-22,121.14,8.0,Cash,111.43,47.64,63.79,57.25
9591,4,70,1634,193,5,2025-03-11,108.33,8.1,Cash,497.84,295.05,202.79,40.73
9592,3,53,1748,294,1,2024-10-30,170.37,12.0,Debit Card,149.93,64.32,85.61,57.1
9593,7,95,4570,709,4,2025-08-17,120.43,10.4,Online,431.48,282.72,148.76,34.48
9594,5,76,2755,601,2,2024-12-31,42.0,5.1,Credit Card,79.73,39.02,40.71,51.06
9595,2,32,2033,16,3,2025-03-14,220.67,8.5,Online,605.74,410.67,195.07,32.2
9596,9,51,3405,297,1,2025-04-20,26.44,3.2,Cash,25.59,16.12,9.47,37.01
9597,1,58,3852,638,5,2024-12-30,39.73,24.4,Credit Card,150.26,93.9,56.36,37.51
9598,12,108,3535,101,1,2025-03-09,24.54,11.3,Debit Card,21.76,17.13,4.63,21.28
9599,4,56,1782,311,1,2025-06-10,259.8,3.7,Cash,250.13,134.15,115.98,46.37
9600,11,63,1978,56,1,2025-06-03,231.54,30.7,Credit Card,160.46,139.71,20.75,12.93
9601,7,41,1148,495,2,2025-10-31,41.76,3.4,Cash,80.7,106.98,-26.28,-32.57
9602,8,30,2482,362,1,2025-07-28,229.43,8.1,Credit Card,210.77,158.11,52.66,24.98
9603,10,117,1097,121,5,2025-10-23,232.12,30.9,Debit Card,801.84,629.25,172.59,21.52
9604,11,12,590,1126,2,2025-11-28,282.37,31.1,Debit Card,388.95,687.14,-298.19,-76.67
9605,11,63,1712,920,2,2025-07-09,262.08,33.7,Credit Card,347.53,372.34,-24.81,-7.14
9606,6,99,1243,718,3,2025-06-29,123.84,11.1,Debit Card,330.1,208.41,121.69,36.86
9607,7,62,2476,230,1,2025-03-31,179.09,6.0,Online,168.33,101.23,67.1,39.86
9608,9,106,1184,114,3,2025-06-23,194.16,4.4,Cash,556.71,363.24,193.47,34.75
9609,6,99,4971,847,2,2025-11-10,82.92,6.4,Cash,155.15,91.56,63.59,40.99
9610,7,5,3754,108,5,2024-10-05,17.12,5.9,Credit Card,80.54,45.45,35.09,43.57
9611,2,89,1522,244,1,2025-08-16,265.58,8.9,Credit Card,241.85,115.0,126.85,52.45
9612,7,104,806,190,4,2025-03-01,60.32,5.2,Credit Card,228.72,148.92,79.8,34.89
9613,7,95,2791,101,2,2025-05-09,197.03,3.1,Credit Card,382.03,249.46,132.57,34.7
9614,2,11,605,344,1,2025-10-07,126.16,9.7,Cash,113.89,86.69,27.2,23.88
9615,5,105,4950,1447,1,2025-05-15,280.14,7.5,Credit Card,259.07,195.36,63.71,24.59
9616,4,1,3820,239,5,2025-06-27,233.4,4.9,Debit Card,1109.78,649.95,459.83,41.43
9617,7,41,2720,250,3,2024-12-08,163.14,6.8,Online,456.19,295.32,160.87,35.26
9618,4,34,2682,187,1,2025-07-11,153.24,7.1,Debit Card,142.36,165.76,-23.4,-16.44
9619,9,6,1025,115,3,2025-06-22,191.05,11.2,Debit Card,509.2,312.99,196.21,38.53
9620,9,65,3814,142,2,2024-10-28,264.67,3.2,Online,512.63,213.2,299.43,58.41
9621,5,76,3557,1128,1,2025-11-27,48.26,11.4,Online,42.77,23.96,18.81,43.98
9622,8,80,1444,1345,5,2025-05-18,195.67,3.3,Credit Card,945.82,425.9,519.92,54.97
9623,3,53,4712,979,2,2025-10-25,260.62,11.9,Debit Card,459.3,235.34,223.96,48.76
9624,4,1,3736,14,1,2025-10-01,64.59,7.6,Credit Card,59.71,25.73,33.98,56.91
9625,2,35,847,324,2,2025-10-08,232.34,7.0,Debit Card,432.22,233.34,198.88,46.01
9626,11,81,1369,275,1,2025-01-13,166.43,29.3,Credit Card,117.61,81.69,35.92,30.54
9627,3,115,4223,825,5,2025-04-08,273.37,3.2,Cash,1322.44,773.1,549.34,41.54
9628,12,102,462,842,1,2025-01-20,206.7,10.5,Debit Card,185.0,107.66,77.34,41.81
9629,12,60,140,220,1,2025-03-27,145.26,11.1,Debit Card,129.09,77.42,51.67,40.03
9630,4,56,2636,144,5,2025-03-23,142.19,3.6,Credit Card,685.5,473.8,211.7,30.88
9631,9,51,779,49,1,2025-07-09,227.35,7.2,Online,210.94,111.27,99.67,47.25
9632,4,31,197,334,1,2025-02-14,29.22,6.2,Debit Card,27.4,15.69,11.71,42.74
9633,1,82,3406,137,5,2025-06-27,207.49,32.1,Cash,704.14,1282.8,-578.66,-82.18
9634,2,110,4652,1394,2,2025-02-16,271.26,9.8,Debit Card,489.12,271.16,217.96,44.56
9635,7,95,861,24,5,2024-12-17,258.81,8.3,Credit Card,1186.08,809.3,376.78,31.77
9636,2,110,322,1393,1,2025-11-21,71.89,10.3,Credit Card,64.45,29.07,35.38,54.9
9637,11,64,1730,248,4,2025-03-17,297.71,29.2,Online,843.44,553.6,289.84,34.36
9638,3,115,12,320,5,2025-01-11,18.71,7.5,Online,86.56,33.95,52.61,60.78
9639,11,44,2501,292,4,2025-01-24,53.29,26.8,Cash,156.03,103.04,52.99,33.96
9640,10,87,1740,759,4,2025-07-10,107.12,31.5,Credit Card,293.62,269.6,24.02,8.18
9641,3,21,1441,46,5,2024-11-09,50.53,7.0,Debit Card,234.87,128.7,106.17,45.2
9642,8,30,1338,1164,5,2024-10-24,51.38,11.4,Debit Card,227.56,107.55,120.01,52.74
9643,7,62,1201,874,2,2025-08-06,34.33,9.7,Cash,61.97,45.24,16.73,27.0
9644,1,50,3235,1051,4,2025-11-03,261.87,27.3,Credit Card,761.97,413.56,348.41,45.72
9645,8,57,845,243,4,2025-09-28,27.1,3.8,Debit Card,104.25,58.44,45.81,43.94
9646,3,14,3338,594,4,2025-01-19,259.54,3.6,Online,1000.57,535.08,465.49,46.52
9647,5,40,959,229,1,2025-02-03,124.1,10.7,Credit Card,110.86,62.33,48.53,43.78
9648,7,41,463,66,5,2024-12-08,219.34,10.5,Debit Card,981.31,753.25,228.06,23.24
9649,3,46,4518,152,1,2025-04-18,81.85,5.9,Cash,77.04,41.98,35.06,45.51
9650,8,57,969,140,2,2024-12-12,295.64,3.1,Debit Card,572.91,329.7,243.21,42.45
9651,8,94,4413,84,1,2025-04-16,91.62,6.8,Debit Card,85.36,32.37,52.99,62.08
9652,9,2,2778,121,2,2025-02-21,252.18,6.0,Online,474.02,358.84,115.18,24.3
9653,6,72,1218,250,3,2025-08-22,233.77,4.1,Cash,672.21,322.89,349.32,51.97
9654,2,32,546,212,3,2025-11-24,180.23,4.8,Cash,514.84,303.27,211.57,41.09
9655,8,57,3857,165,2,2025-10-13,150.71,8.4,Debit Card,276.07,141.46,134.61,48.76
9656,10,71,4434,1221,2,2025-02-03,177.92,33.4,Online,237.05,423.68,-186.63,-78.73
9657,2,110,364,837,3,2025-11-30,46.25,8.1,Debit Card,127.45,51.27,76.18,59.77
9658,9,25,1621,2,2,2025-10-13,79.05,4.5,Credit Card,150.98,96.24,54.74,36.26
9659,2,10,2174,286,3,2025-07-03,181.16,5.8,Debit Card,511.91,318.75,193.16,37.73
9660,7,104,3950,600,1,2025-02-23,264.7,9.3,Debit Card,239.97,188.11,51.86,21.61
9661,12,100,1792,27,3,2025-09-01,94.21,3.7,Credit Card,272.05,159.36,112.69,41.42
9662,3,88,3683,57,2,2025-06-26,249.35,9.2,Credit Card,453.07,266.06,187.01,41.28
9663,1,17,1508,140,1,2025-06-28,54.02,22.2,Debit Card,42.01,33.07,8.94,21.28
9664,8,116,1805,342,1,2025-11-23,132.9,10.1,Debit Card,119.44,84.54,34.9,29.22
9665,11,44,1235,1270,3,2025-04-20,256.13,29.6,Online,541.02,367.89,173.13,32.0
9666,7,19,3983,243,1,2025-03-21,20.84,11.1,Credit Card,18.54,7.5,11.04,59.55
9667,3,88,1607,1447,2,2025-11-08,222.78,3.5,Credit Card,429.87,204.3,225.57,52.47
9668,1,48,2168,1311,4,2025-05-11,71.9,33.5,Credit Card,191.29,190.76,0.53,0.28
9669,12,102,4971,413,1,2025-02-21,82.92,10.0,Credit Card,74.67,45.78,28.89,38.69
9670,12,102,4621,229,2,2025-09-19,163.86,7.1,Online,304.37,418.94,-114.57,-37.64
9671,10,67,489,545,2,2024-10-08,103.22,26.0,Cash,152.74,77.28,75.46,49.4
9672,4,31,4080,874,3,2024-11-28,7.89,3.2,Cash,22.92,11.07,11.85,51.7
9673,5,76,2374,1330,5,2025-11-03,51.33,6.0,Online,241.29,168.05,73.24,30.35
9674,3,88,4816,761,5,2025-04-13,211.39,11.0,Credit Card,940.32,486.05,454.27,48.31
9675,5,40,197,196,4,2025-08-21,29.22,4.5,Cash,111.59,62.76,48.83,43.76
9676,1,29,1997,247,1,2025-10-05,129.93,23.6,Cash,99.25,51.02,48.23,48.59
9677,7,7,794,24,4,2025-11-19,239.21,9.7,Cash,864.38,393.68,470.7,54.46
9678,2,10,4655,15,2,2025-07-05,282.77,7.5,Credit Card,523.16,390.1,133.06,25.43
9679,5,20,657,141,1,2025-02-18,76.82,6.4,Cash,71.88,40.01,31.87,44.34
9680,10,15,1867,919,5,2024-11-11,297.52,25.4,Cash,1109.28,586.6,522.68,47.12
9681,2,45,2766,160,1,2025-03-24,239.4,10.1,Credit Card,215.15,102.07,113.08,52.56
9682,8,94,4023,59,2,2025-09-30,212.47,9.4,Credit Card,384.96,242.12,142.84,37.11
9683,3,14,3350,179,2,2025-01-09,83.88,11.2,Debit Card,148.98,112.92,36.06,24.2
9684,1,68,4647,153,4,2025-01-21,83.34,23.0,Cash,256.74,171.32,85.42,33.27
9685,6,74,863,1468,3,2025-04-04,180.82,10.7,Debit Card,484.6,239.55,245.05,50.57
9686,11,81,105,1415,4,2024-10-08,33.1,26.1,Debit Card,97.86,91.2,6.66,6.81
9687,8,112,3497,711,3,2024-10-23,20.48,6.9,Debit Card,57.22,26.01,31.21,54.54
9688,7,84,867,987,2,2025-04-28,10.84,11.3,Debit Card,19.23,8.24,10.99,57.15
9689,6,74,302,127,2,2025-08-29,169.12,4.3,Credit Card,323.55,236.06,87.49,27.04
9690,5,119,4829,269,2,2025-11-18,248.57,3.2,Cash,481.08,293.06,188.02,39.08
9691,8,112,797,1496,1,2025-11-30,16.14,8.8,Credit Card,14.72,10.29,4.43,30.1
9692,10,67,2524,162,2,2025-05-22,282.07,30.4,Debit Card,392.9,309.56,83.34,21.21
9693,4,34,1349,1459,2,2025-02-10,122.48,4.8,Cash,233.31,87.32,145.99,62.57
9694,7,95,624,95,1,2024-10-31,32.54,6.8,Debit Card,30.33,22.61,7.72,25.45
9695,2,45,1210,361,1,2025-03-19,9.7,5.2,Cash,9.2,5.17,4.03,43.8
9696,9,51,284,846,5,2025-01-27,293.03,5.5,Online,1385.27,807.8,577.47,41.69
9697,8,94,2975,297,2,2024-12-26,193.77,4.9,Cash,368.67,152.58,216.09,58.61
9698,12,60,576,155,5,2025-01-22,108.4,9.9,Credit Card,488.54,365.75,122.79,25.13
9699,12,108,92,942,1,2025-10-09,21.16,11.7,Cash,18.69,25.48,-6.79,-36.33
9700,4,56,1178,101,2,2025-10-01,209.26,8.7,Credit Card,381.92,275.68,106.24,27.82
9701,7,104,2396,216,3,2024-11-10,215.1,8.0,Debit Card,593.62,254.61,339.01,57.11
9702,1,118,1446,140,2,2025-05-30,12.5,31.6,Debit Card,17.09,13.94,3.15,18.43
9703,5,22,2943,248,3,2024-12-23,16.79,3.2,Debit Card,48.76,19.86,28.9,59.27
9704,2,28,4499,194,1,2025-05-23,192.36,4.9,Online,182.89,80.16,102.73,56.17
9705,2,89,989,90,1,2025-02-12,217.44,7.2,Credit Card,201.84,120.07,81.77,40.51
9706,2,8,984,726,1,2024-10-07,271.91,3.9,Cash,261.17,170.92,90.25,34.56
9707,2,28,1238,89,4,2024-11-14,56.65,6.6,Online,211.74,160.72,51.02,24.1
9708,5,105,3848,273,3,2025-07-22,117.49,6.4,Online,329.78,221.58,108.2,32.81
9709,4,56,4500,914,4,2025-11-06,228.12,11.5,Debit Card,807.37,1027.6,-220.23,-27.28
9710,1,54,4375,242,5,2025-09-05,162.5,29.0,Online,576.93,370.95,205.98,35.7
9711,11,63,156,1161,5,2024-10-17,69.44,30.6,Online,240.87,233.75,7.12,2.96
9712,6,77,1687,215,1,2025-11-12,172.37,4.0,Online,165.52,95.51,70.01,42.3
9713,3,21,661,1413,1,2024-11-26,94.52,10.1,Online,85.0,109.45,-24.45,-28.76
9714,8,91,3353,13,1,2025-10-10,60.01,9.7,Debit Card,54.16,35.48,18.68,34.49
9715,2,28,2849,874,1,2025-04-29,44.98,11.7,Credit Card,39.71,31.93,7.78,19.59
9716,8,94,2618,624,1,2025-01-19,226.59,6.2,Cash,212.49,106.31,106.18,49.97
9717,6,77,3541,334,2,2025-06-29,94.4,11.9,Debit Card,166.32,128.72,37.6,22.61
9718,5,22,721,149,4,2024-12-04,114.48,9.2,Online,415.61,295.56,120.05,28.89
9719,10,55,4459,333,4,2025-07-06,219.65,22.6,Credit Card,679.99,323.64,356.35,52.41
9720,6,77,4282,298,3,2025-02-08,121.26,3.4,Debit Card,351.53,137.13,214.4,60.99
9721,6,78,3246,75,5,2025-04-06,63.47,4.1,Cash,304.35,126.2,178.15,58.53
9722,4,42,3413,1140,1,2025-10-01,28.74,3.0,Cash,27.88,32.11,-4.23,-15.17
9723,1,118,3395,268,4,2025-11-25,16.63,24.3,Credit Card,50.33,45.32,5.01,9.95
9724,2,69,3172,45,5,2025-07-26,191.61,11.6,Debit Card,846.73,454.45,392.28,46.33
9725,8,57,3009,196,1,2024-10-22,41.06,3.4,Online,39.67,25.71,13.96,35.19
9726,9,2,1809,109,2,2025-10-04,154.49,4.8,Credit Card,294.2,175.2,119.0,40.45
9727,4,42,2021,85,1,2025-03-30,108.38,11.6,Credit Card,95.76,46.63,49.13,51.31
9728,11,12,3062,1340,3,2025-05-13,245.6,26.6,Cash,540.65,825.69,-285.04,-52.72
9729,8,116,667,525,1,2025-09-01,147.63,10.7,Debit Card,131.82,163.05,-31.23,-23.69
9730,10,15,1895,151,4,2025-05-18,224.62,32.4,Credit Card,607.54,390.12,217.42,35.79
9731,6,107,1038,536,1,2025-05-30,19.17,11.7,Debit Card,16.92,12.03,4.89,28.9
9732,11,44,1157,910,5,2025-07-28,33.27,25.8,Debit Card,123.38,83.9,39.48,32.0
9733,1,29,298,159,1,2025-10-10,186.86,22.7,Credit Card,144.5,85.97,58.53,40.51
9734,6,99,283,1455,2,2025-11-28,271.3,11.5,Credit Card,480.18,347.0,133.18,27.74
9735,7,84,2004,1145,4,2024-12-17,90.69,5.5,Cash,342.83,162.44,180.39,52.62
9736,1,82,974,892,1,2025-03-25,57.69,24.6,Online,43.52,22.98,20.54,47.2
9737,11,44,615,646,2,2025-05-06,26.24,31.1,Cash,36.16,19.44,16.72,46.24
9738,12,60,4650,20,1,2025-08-30,292.1,7.4,Cash,270.49,131.63,138.86,51.34
9739,9,61,4584,12,1,2025-09-07,44.51,11.1,Debit Card,39.55,17.5,22.05,55.75
9740,6,66,1093,83,2,2025-05-23,196.32,4.8,Debit Card,373.93,196.98,176.95,47.32
9741,8,80,2975,1251,1,2024-11-12,193.77,7.7,Debit Card,178.85,76.29,102.56,57.34
9742,8,9,1336,109,5,2025-07-14,80.03,4.4,Online,382.63,228.4,154.23,40.31
9743,9,25,3335,604,2,2025-06-10,242.34,6.7,Online,452.43,205.1,247.33,54.67
9744,1,17,1826,1440,3,2024-10-15,107.18,31.4,Debit Card,220.73,143.61,77.12,34.94
9745,6,74,3527,1312,5,2025-07-06,194.69,5.1,Credit Card,924.21,356.8,567.41,61.39
9746,9,120,174,201,1,2024-12-25,130.02,7.2,Cash,120.62,50.15,70.47,58.42
9747,8,57,2204,544,2,2025-02-14,237.71,9.7,Debit Card,429.42,167.28,262.14,61.05
9748,4,56,3117,778,4,2024-12-27,37.05,4.2,Credit Card,142.05,98.36,43.69,30.76
9749,5,47,1632,275,1,2025-04-02,91.62,10.1,Debit Card,82.35,32.89,49.46,60.06
9750,9,106,2695,262,5,2025-09-16,155.22,11.9,Credit Card,683.83,286.0,397.83,58.18
9751,5,119,558,112,4,2025-06-14,213.98,5.7,Cash,806.74,408.32,398.42,49.39
9752,9,27,3599,528,1,2025-03-15,254.62,4.8,Credit Card,242.42,159.42,83.0,34.24
9753,1,48,1463,147,2,2025-03-21,216.97,29.2,Cash,307.4,217.24,90.16,29.33
9754,10,16,4770,155,3,2024-11-27,71.43,33.9,Debit Card,141.71,105.51,36.2,25.55
9755,9,25,1337,133,2,2024-11-26,88.89,8.4,Credit Card,162.87,109.88,52.99,32.54
9756,10,38,1924,33,2,2025-08-29,200.51,29.7,Debit Card,281.81,478.14,-196.33,-69.67
9757,9,27,1277,1031,1,2025-10-11,274.92,3.0,Credit Card,266.55,119.17,147.38,55.29
9758,6,77,196,1090,1,2025-11-30,109.52,8.7,Debit Card,100.02,57.71,42.31,42.3
9759,7,62,1923,672,1,2025-10-30,56.62,4.3,Credit Card,54.18,35.98,18.2,33.59
9760,6,74,4342,1284,5,2025-02-10,28.07,10.2,Credit Card,126.05,90.7,35.35,28.04
9761,4,31,2003,394,1,2025-04-10,138.63,5.0,Credit Card,131.75,59.05,72.7,55.18
9762,7,62,4635,419,5,2025-06-19,143.89,3.6,Cash,693.53,422.35,271.18,39.1
9763,11,64,3062,1164,3,2025-09-02,245.6,24.9,Credit Card,553.57,825.69,-272.12,-49.16
9764,2,69,1549,105,3,2025-03-09,179.74,7.2,Debit Card,500.49,213.24,287.25,57.39
9765,3,21,4932,218,4,2025-05-06,215.47,6.4,Cash,806.77,583.48,223.29,27.68
9766,11,97,1014,613,2,2025-05-30,237.24,29.2,Debit Card,335.94,247.86,88.08,26.22
9767,12,108,1059,135,5,2025-07-14,179.65,8.0,Cash,826.37,635.45,190.92,23.1
9768,12,108,1811,115,5,2025-11-15,236.78,3.4,Credit Card,1143.49,496.95,646.54,56.54
9769,4,70,2092,1195,2,2025-01-20,279.41,6.1,Cash,524.66,337.62,187.04,35.65
9770,3,21,3178,1489,1,2025-01-27,125.31,8.5,Debit Card,114.66,58.03,56.63,49.39
9771,9,6,4653,194,2,2025-07-09,105.45,11.5,Credit Card,186.65,87.1,99.55,53.34
9772,4,1,2001,119,2,2025-04-29,63.17,8.9,Debit Card,115.13,85.08,30.05,26.1
9773,10,71,4216,203,1,2025-03-29,289.68,22.6,Credit Card,224.35,176.93,47.42,21.14
9774,1,59,4249,152,1,2025-04-19,60.55,29.9,Credit Card,42.42,41.39,1.03,2.43
9775,12,102,873,966,4,2025-08-16,114.2,10.1,Debit Card,410.77,287.64,123.13,29.98
9776,12,100,1140,1203,1,2025-04-02,284.25,10.5,Cash,254.43,145.08,109.35,42.98
9777,8,109,1646,196,1,2025-03-24,164.12,4.6,Online,156.49,106.86,49.63,31.71
9778,4,42,2300,300,3,2025-10-27,136.2,5.9,Credit Card,384.54,272.61,111.93,29.11
9779,9,6,3891,40,1,2025-06-18,112.03,10.1,Online,100.74,68.31,32.43,32.19
9780,12,18,2366,232,1,2024-11-20,62.44,9.2,Cash,56.72,36.29,20.43,36.02
9781,9,51,4051,4,5,2025-06-02,201.34,4.2,Credit Card,964.52,557.15,407.37,42.24
9782,9,120,2184,514,2,2025-09-28,103.34,9.0,Cash,188.14,137.12,51.02,27.12
9783,11,64,1353,89,2,2025-07-04,279.53,33.3,Credit Card,373.08,213.76,159.32,42.7
9784,9,65,2962,1135,2,2025-07-06,82.84,11.9,Cash,145.96,211.86,-65.9,-45.15
9785,7,95,4150,391,1,2024-12-03,7.93,11.0,Cash,7.06,4.78,2.28,32.29
9786,12,18,556,1285,2,2024-11-25,105.83,3.3,Cash,204.62,98.36,106.26,51.93
9787,9,2,1662,1315,5,2025-09-04,80.07,4.0,Debit Card,384.5,201.75,182.75,47.53
9788,7,41,451,85,1,2025-05-29,22.29,6.6,Debit Card,20.81,12.09,8.72,41.9
9789,11,97,4476,257,1,2025-04-09,65.47,29.9,Debit Card,45.92,28.71,17.21,37.48
9790,12,18,1371,98,1,2025-08-02,281.52,3.9,Debit Card,270.42,174.02,96.4,35.65
9791,8,116,2338,227,1,2025-06-04,158.91,9.8,Debit Card,143.28,109.03,34.25,23.9
9792,2,13,4344,226,1,2024-10-10,64.11,5.6,Online,60.5,76.71,-16.21,-26.79
9793,12,108,176,708,3,2025-06-04,220.28,10.6,Cash,590.6,334.68,255.92,43.33
9794,4,31,2943,1429,1,2025-09-27,16.79,6.2,Online,15.75,6.62,9.13,57.97
9795,4,70,1310,387,4,2025-06-08,19.16,9.7,Online,69.2,46.24,22.96,33.18
9796,4,34,3108,949,5,2025-05-15,100.7,4.9,Credit Card,478.87,203.55,275.32,57.49
9797,3,115,2583,202,2,2025-02-28,239.29,7.2,Cash,443.94,216.22,227.72,51.3
9798,1,3,1373,37,5,2025-09-23,120.71,29.6,Cash,424.81,281.2,143.61,33.81
9799,6,72,223,258,1,2025-09-12,48.1,7.0,Debit Card,44.72,18.33,26.39,59.01
9800,5,113,4520,1212,5,2025-01-08,216.59,10.0,Credit Card,974.65,635.75,338.9,34.77
9801,11,64,4785,121,3,2025-06-13,40.45,28.9,Debit Card,86.23,60.0,26.23,30.42
9802,3,115,1631,132,4,2025-09-21,46.21,8.2,Debit Card,169.61,125.32,44.29,26.11
9803,12,36,3205,53,4,2025-04-06,164.78,5.1,Cash,625.62,460.08,165.54,26.46
9804,7,5,4898,1491,2,2025-02-10,247.7,7.7,Credit Card,457.14,346.2,110.94,24.27
9805,6,77,4249,208,2,2025-02-12,60.55,9.3,Credit Card,109.8,82.78,27.02,24.61
9806,4,1,4173,150,2,2024-11-22,238.89,11.5,Credit Card,422.93,307.36,115.57,27.33
9807,9,120,4264,1281,4,2025-06-30,25.72,4.2,Cash,98.51,56.48,42.03,42.67
9808,4,1,1426,934,1,2025-02-17,116.83,10.8,Credit Card,104.21,79.83,24.38,23.4
9809,9,65,4482,1131,2,2025-06-20,271.97,4.1,Credit Card,521.73,254.52,267.21,51.22
9810,3,53,3862,1352,1,2025-10-03,142.08,9.1,Cash,129.09,61.77,67.32,52.15
9811,7,104,3022,1071,3,2025-12-03,102.25,8.8,Cash,279.85,136.92,142.93,51.07
9812,7,104,1133,1457,4,2024-12-22,29.5,10.9,Debit Card,105.17,47.72,57.45,54.63
9813,1,68,139,419,3,2024-11-05,94.15,29.9,Credit Card,198.03,148.77,49.26,24.88
9814,1,3,1604,121,2,2025-11-06,209.88,32.8,Debit Card,282.21,194.6,87.61,31.04
9815,2,32,3452,84,1,2025-07-06,110.17,5.9,Credit Card,103.63,52.7,50.93,49.15
9816,4,56,568,307,4,2025-10-31,91.56,7.3,Credit Card,339.43,179.52,159.91,47.11
9817,2,43,230,180,5,2024-11-15,292.46,10.7,Debit Card,1305.62,693.8,611.82,46.86
9818,10,87,3069,66,1,2025-03-29,45.08,22.5,Credit Card,34.93,56.1,-21.17,-60.61
9819,10,117,2800,892,2,2025-04-04,126.39,22.6,Online,195.75,125.56,70.19,35.86
9820,5,40,4208,175,3,2025-11-28,240.62,10.0,Credit Card,649.56,362.34,287.22,44.22
9821,2,35,2615,223,3,2025-11-11,23.33,3.6,Cash,67.47,40.02,27.45,40.68
9822,8,109,2356,336,1,2025-07-17,96.27,9.0,Debit Card,87.58,60.94,26.64,30.42
9823,6,96,3169,201,4,2025-03-25,12.14,3.0,Debit Card,47.1,51.0,-3.9,-8.28
9824,3,21,4959,1099,1,2025-04-11,279.36,3.4,Debit Card,270.0,175.88,94.12,34.86
9825,2,8,2015,1448,4,2024-11-19,82.52,11.7,Credit Card,291.59,161.52,130.07,44.61
9826,9,27,447,193,1,2025-08-13,67.75,7.3,Credit Card,62.83,34.36,28.47,45.31
9827,1,3,3599,90,2,2025-04-19,254.62,22.4,Cash,394.98,318.84,76.14,19.28
9828,6,74,2689,140,4,2024-12-15,19.82,11.0,Cash,70.55,49.8,20.75,29.41
9829,7,41,712,522,5,2025-10-10,199.64,4.1,Credit Card,957.49,663.75,293.74,30.68
9830,9,6,1079,42,2,2025-03-08,255.15,3.3,Cash,493.38,317.28,176.1,35.69
9831,7,41,885,524,2,2025-01-19,276.44,6.5,Credit Card,516.76,220.5,296.26,57.33
9832,4,1,2544,264,3,2024-10-10,249.19,4.5,Cash,714.17,422.43,291.74,40.85
9833,12,36,3811,23,5,2025-03-27,281.85,3.7,Debit Card,1357.26,603.7,753.56,55.52
9834,2,32,908,206,2,2025-10-13,15.84,5.0,Credit Card,30.09,22.46,7.63,25.36
9835,6,74,717,116,3,2025-06-22,247.69,3.6,Debit Card,716.65,412.08,304.57,42.5
9836,12,100,2234,66,3,2025-02-19,105.89,6.5,Debit Card,297.12,120.87,176.25,59.32
9837,12,93,989,1323,4,2025-09-22,217.44,11.2,Credit Card,772.65,480.28,292.37,37.84
9838,10,117,2514,146,1,2024-12-24,50.2,33.7,Credit Card,33.29,35.78,-2.49,-7.48
9839,12,18,1776,248,1,2025-09-29,187.04,9.6,Cash,169.06,81.27,87.79,51.93
9840,11,12,1419,337,3,2025-04-06,72.14,22.2,Cash,168.32,140.46,27.86,16.55
9841,7,19,3736,387,2,2024-11-06,64.59,3.3,Credit Card,124.91,51.46,73.45,58.8
9842,6,99,3344,191,3,2025-10-27,213.94,5.0,Debit Card,609.58,279.45,330.13,54.16
9843,4,1,4427,135,3,2024-11-16,47.28,9.4,Credit Card,128.45,91.83,36.62,28.51
9844,11,64,865,283,1,2025-02-04,105.33,25.5,Credit Card,78.47,52.65,25.82,32.9
9845,7,84,2721,885,3,2025-11-21,185.47,3.9,Online,534.56,393.15,141.41,26.45
9846,10,71,4933,1185,1,2025-11-26,242.09,33.2,Cash,161.67,167.05,-5.38,-3.33
9847,6,77,1212,296,2,2025-04-02,159.33,8.8,Cash,290.6,143.5,147.1,50.62
9848,6,49,3135,265,1,2025-01-11,219.84,9.5,Debit Card,199.02,107.22,91.8,46.13
9849,2,28,4880,1398,2,2024-12-12,230.99,3.9,Cash,443.83,244.04,199.79,45.01
9850,11,44,3949,102,1,2025-06-17,111.64,32.8,Debit Card,75.0,71.44,3.56,4.75
9851,2,83,3040,9,2,2025-11-26,229.26,3.1,Online,444.44,216.34,228.1,51.32
9852,6,77,2532,247,4,2025-10-10,93.53,11.4,Debit Card,331.42,188.4,143.02,43.15
9853,1,86,1390,29,4,2024-12-18,132.81,23.4,Debit Card,407.15,350.04,57.11,14.03
9854,8,9,176,30,2,2025-09-06,220.28,3.0,Debit Card,427.3,223.12,204.18,47.78
9855,9,27,2974,17,1,2025-06-24,150.26,8.8,Credit Card,137.1,102.62,34.48,25.15
9856,8,91,3070,355,2,2024-10-19,212.83,9.3,Cash,385.87,288.0,97.87,25.36
9857,10,75,91,378,2,2025-01-24,64.72,31.0,Cash,89.36,55.42,33.94,37.98
9858,6,72,2966,128,2,2025-07-23,14.34,3.2,Online,27.76,13.16,14.6,52.59
9859,10,33,2254,225,3,2025-08-26,157.14,30.8,Cash,326.37,194.4,131.97,40.44
9860,1,3,4390,210,1,2024-12-03,212.2,30.3,Credit Card,147.98,120.87,27.11,18.32
9861,8,91,877,247,4,2025-08-18,213.35,3.7,Debit Card,821.5,379.8,441.7,53.77
9862,2,73,401,100,2,2025-02-11,198.22,11.7,Cash,350.25,182.06,168.19,48.02
9863,4,34,3511,939,1,2024-10-25,24.66,4.9,Cash,23.44,14.75,8.69,37.07
9864,1,29,316,145,4,2025-02-02,192.15,31.8,Debit Card,523.98,425.64,98.34,18.77
9865,1,4,1459,164,4,2024-12-11,73.49,31.1,Online,202.58,119.68,82.9,40.92
9866,5,47,1039,453,4,2025-06-10,289.65,10.0,Online,1042.17,636.72,405.45,38.9
9867,12,18,1524,1445,1,2024-12-31,53.35,4.0,Debit Card,51.23,31.41,19.82,38.69
9868,12,60,3211,103,3,2025-03-16,157.98,9.9,Debit Card,427.14,166.92,260.22,60.92
9869,6,99,4609,179,4,2025-08-27,297.87,7.0,Online,1108.6,716.48,392.12,35.37
9870,11,81,1004,188,4,2025-06-21,242.1,33.3,Credit Card,645.76,408.28,237.48,36.78
9871,9,27,2867,265,1,2025-02-04,169.23,8.9,Online,154.2,77.77,76.43,49.57
9872,3,46,4825,1006,5,2025-08-02,225.75,11.1,Credit Card,1002.92,702.9,300.02,29.91
9873,12,60,3072,677,1,2025-06-05,55.45,5.9,Credit Card,52.16,36.3,15.86,30.41
9874,2,28,4199,103,5,2025-04-15,246.88,9.9,Debit Card,1112.12,453.2,658.92,59.25
9875,2,23,911,639,5,2024-11-09,218.31,4.3,Debit Card,1044.1,576.3,467.8,44.8
9876,8,94,844,64,1,2025-07-15,13.99,11.9,Credit Card,12.32,8.85,3.47,28.17
9877,9,6,3933,96,5,2025-08-08,139.73,9.3,Cash,633.39,250.45,382.94,60.46
9878,8,9,4026,197,2,2025-05-20,11.28,8.0,Debit Card,20.76,8.02,12.74,61.37
9879,12,36,2419,173,2,2024-12-21,88.51,7.2,Debit Card,164.19,66.08,98.11,59.75
9880,3,88,2625,1110,1,2024-12-12,150.49,8.9,Online,137.12,68.5,68.62,50.04
9881,10,67,3565,1492,4,2024-12-08,62.8,33.5,Credit Card,167.05,180.4,-13.35,-7.99
9882,10,15,3811,102,5,2025-02-22,281.85,26.3,Online,1038.08,603.7,434.38,41.84
9883,8,94,1148,473,5,2025-06-20,41.76,9.0,Debit Card,190.1,267.45,-77.35,-40.69
9884,10,15,3636,292,5,2024-11-04,159.76,23.6,Cash,610.22,479.0,131.22,21.5
9885,11,81,430,808,5,2024-12-26,141.68,33.4,Credit Card,471.89,338.0,133.89,28.37
9886,6,72,1035,600,2,2024-10-10,240.97,10.0,Cash,433.95,306.48,127.47,29.37
9887,6,72,4682,138,2,2024-12-20,132.6,4.0,Credit Card,254.71,154.12,100.59,39.49
9888,9,24,968,1023,1,2025-09-06,230.71,11.1,Credit Card,205.11,145.52,59.59,29.05
9889,8,85,2704,240,5,2025-02-03,40.05,3.3,Debit Card,193.56,74.25,119.31,61.64
9890,1,118,4693,1299,1,2025-06-23,180.56,25.4,Debit Card,134.62,89.14,45.48,33.78
9891,7,7,3904,281,1,2025-04-25,17.02,6.4,Debit Card,15.93,8.06,7.87,49.4
9892,6,49,1797,146,5,2025-06-07,249.89,7.8,Credit Card,1152.34,884.35,267.99,23.26
9893,5,92,3021,1189,4,2025-01-27,229.34,7.1,Debit Card,852.33,430.8,421.53,49.46
9894,3,21,2189,979,4,2025-06-19,245.33,4.6,Cash,935.75,407.24,528.51,56.48
9895,1,82,261,1341,2,2024-10-10,197.45,22.0,Debit Card,307.89,510.74,-202.85,-65.88
9896,8,116,993,1181,2,2024-10-25,238.65,9.3,Online,432.76,191.88,240.88,55.66
9897,12,93,2832,123,5,2025-03-03,175.41,10.9,Credit Card,781.52,483.1,298.42,38.18
9898,3,53,4372,946,5,2025-09-23,230.22,3.2,Cash,1114.43,657.1,457.33,41.04
9899,7,5,426,298,3,2025-06-21,18.37,6.1,Cash,51.75,22.23,29.52,57.04
9900,6,107,4070,202,5,2025-11-26,66.02,4.8,Cash,314.32,234.05,80.27,25.54
